MouseID,Generation,SurvDays,Y1A_BW_BW,Y2A_BW_BW,Y3A_BW_BW,Y1_Glu.F_Glucose,Y2_Glu.F_Glucose,Y3_Glu.F_Glucose,Y1_Echo_BPM,Y2_Echo_BPM,Y3_Echo_BPM,Y1_Echo_CardiacOutput,Y2_Echo_CardiacOutput,Y3_Echo_CardiacOutput,Y1_CBC_Hgb,Y2_CBC_Hgb,Y3_CBC_Hgb,Y1_Rotarod_Mean,Y2_Rotarod_Mean,Y3_Rotarod_Mean,Y1_AS_MeanLog,Y2_AS_MeanLog,Y3_AS_MeanLog,Y1_Wheel_AvgSpeedLFC,Y2_Wheel_AvgSpeedLFC,Y3_Wheel_AvgSpeedLFC,Y1_Wheel_AvgDistLFC,Y2_Wheel_AvgDistLFC,Y3_Wheel_AvgDistLFC,Y1A_Grip_All,Y2A_Grip_All,Y3A_Grip_All,Y1A_Frailty_FrailtyAdj,Y2A_Frailty_FrailtyAdj,Y3A_Frailty_FrailtyAdj,Diet_num,Diet
DO-40-2162,28,1611,24.787141855881448,26.993229764016824,23.645309398452564,164.71383923101183,134.57276775648015,74.47932813485724,499.1746006179858,564.7746164086863,468.8188492289439,14095.195091313715,19460.552289392584,15789.789982336531,17.586397538766338,16.711946163209472,16.857304211964813,179.5986348131824,248.5896336942143,194.36110577629285,,1.2982614967476822,1.1865243246099455,0.5863676163109462,0.5616383301203078,1.7018093456176282,1.478391479362155,1.716888737231225,4.44840139849111,89.96266855978939,168.3899446355445,179.55861549932797,0.0328651266125038,0.1336157721711214,0.1595865141893575,1,40
DO-40-2179,28,1557,30.43275297195521,23.594598991240296,23.52993104111076,161.04385236421928,71.90138416136696,69.22642131342731,495.8417431645198,501.2569468873721,546.2912387086442,22808.598856596825,23332.50123265816,19757.590211409923,16.67488352963112,15.937684309660266,16.40375076303821,141.79404483041307,231.3978254751792,219.4638251571183,1.5042239018114376,1.2598914647022776,1.1410848487420246,0.2770910907242153,-0.0147025134052794,0.3251392882639861,1.8227217351702127,0.3483387184160627,0.7478016392347395,291.9100434200618,181.7413581169447,208.8337225646748,0.1832853610163499,0.2317816468101697,0.2350330813849903,1,40
DO-40-2181,28,1533,20.7475997390905,19.072889610294972,20.528352354036265,161.04385236421928,93.04889442443744,60.57516711489848,520.9490183854664,422.8784418937913,478.06031726809806,13842.538712903444,17801.158101484918,19356.080171731726,16.67488352963112,16.949428708008995,16.315871186040916,255.7749405130768,236.25415436391427,269.7411124757871,1.641902550952512,1.6013457437239524,1.1691818135171737,-0.126806639191585,-0.2964483171644401,-0.2994769887656791,0.2674351284735909,0.2049992231687021,0.1929288874737661,221.92204342006187,204.0783581169447,158.7997225646748,0.0694419756132874,0.2317816468101697,0.1970852862506362,1,40
DO-40-2187,28,1520,25.97781895601357,29.254445880869472,30.242503195320808,127.74719254750418,85.3588906924118,71.1489222464337,466.2107539240353,464.5869349067573,509.90681620069984,17454.496419756826,17257.23070905093,20352.691979614337,16.624241309054735,15.965918832863142,16.315871186040916,98.76202031854272,199.09449760461536,149.18988947306994,1.5130225772885129,1.44983911206968,1.2197685987133542,-0.1568737716742035,0.0075134009499015,-0.0443264742097877,0.9997951226888364,1.1461921651515743,0.924488217354394,145.67954342006186,223.1393581169447,208.8332225646748,0.1062946146261362,0.1746540758985337,0.2160591838178133,1,40
DO-40-2099,26,1638,24.24291169216539,23.626716608126205,22.9128337152783,166.52014964013998,72.69286651823256,59.96012326808524,464.78955819793,574.8732968053946,530.6561862087367,18536.30849025461,19515.43351222362,20256.99817160013,17.059475790379242,16.410144472208103,16.120658671761664,66.40724680249198,285.4010854490382,272.9179763070423,,1.5111645206312705,1.3645053334264774,0.1442313656199073,0.1625292938497815,0.3838184198644966,1.044482192328272,1.7769623629102815,2.179151820532367,261.7604705636448,173.95370890425883,153.35708211189885,0.1101729714910303,0.1558218669860551,0.2855732554537987,1,40
DO-40-2167,28,1406,24.467277839654564,25.248257457209696,23.10930041038917,164.71383923101183,87.47149489782322,73.51807766835404,467.01429188548434,562.596065275396,539.8480611708255,23218.16927198916,19583.37106517804,19848.38749250581,17.586397538766338,16.711946163209472,11.806135911145514,80.47239220194346,149.74905748819506,199.5031010702476,,1.395416381566828,1.2421805786304578,0.4818358707261201,0.0883307218637312,0.0927446540831688,1.680998390316727,0.5239196032315817,0.8944723186433372,172.7576685597894,113.88844463554452,116.42011549932798,0.1048749620707098,0.1866517100621503,0.2315963496475635,1,40
DO-40-2146,27,1463,27.809765648429185,25.8631574962498,26.732365839185057,158.2961698633154,79.93507382705083,89.49302867666674,460.859469417172,452.53892069799326,475.7364058888886,15923.49266906137,13476.86610074834,18466.037660852347,14.833043414499173,14.687852674071332,14.84464881903195,212.39603151176587,152.54586038732447,215.36951809861523,1.5690062889934466,1.5780102381301666,1.3319054141920086,0.265476379971342,0.034253280039411,0.194355139098906,1.255750846975097,1.03534523286465,0.9020785284914268,232.2843758093853,238.63385676651785,250.01592150561183,0.1066687396499348,0.1997790706712915,0.1041315807333067,1,40
DO-40-2126,26,1541,29.52351327441686,31.341861162484197,27.520383759830832,161.60317240344486,84.82852500075788,53.46230435579648,516.9963013528003,436.3629242920063,512.5327021187115,15957.043740374453,15244.254799522543,18298.726702212327,18.508363227200128,18.02463910972428,12.65362888127865,131.87232269300551,200.4305604268889,225.4463439991282,1.6444060753317569,1.4038895954059585,1.0851969593935251,-0.1742023849625775,-0.0665915893427429,-0.1112019824535477,0.2067502343162275,-0.1036053021347476,0.1400821580503371,197.28779476815924,171.74001843369973,99.64722227340307,0.0518821557534244,0.1723736054321237,0.1662888955955964,1,40
DO-40-2117,26,1533,25.63528004889909,28.4834400523658,28.1201590849728,146.16281044792652,68.65892812439265,67.8810613533445,449.1407527156641,484.8467046008992,428.03510609360313,20087.69301281956,15067.174782817336,17329.309490049316,16.248668657354884,16.511271279052664,15.013125517837548,267.20498351901443,243.63662966491955,160.0287372038149,1.7529757254429812,1.7631494490350743,1.5935308285252734,0.0341381549985897,0.3950641395705266,0.3489156148876597,1.1956063923146414,1.8729947799847355,0.9316123590499223,194.90529476815925,154.1685184336997,177.97472227340307,0.1897389756717708,0.1776001225863785,0.2480731835124649,1,40
DO-20-1136,27,1445,21.51446260659964,25.719705781095264,27.434466606876253,113.20592532330458,93.21399025170084,77.35121338772358,563.8133356415046,487.5479514737955,551.1606713398209,21362.972257500925,18058.33320683817,22376.661829484125,17.269392890176427,17.32366517974584,17.681892521911166,201.9002455735884,129.5651731080554,206.8015664193205,1.2324298198774202,1.1395476792857184,0.9800181332231732,-0.4486283548590476,0.3073839750577501,-0.0575839337425028,-0.4998875885025876,1.88316233834254,1.1312627229126848,260.48847411950965,148.1551764816102,114.55165729051078,0.0865439239200834,0.2200948441737956,0.1948199359043938,2,20
DO-40-2141,27,1445,27.92720004348628,27.276849035920097,24.18224958868677,149.81415546674617,92.0113940158272,75.42871245471717,452.33016958973474,459.8425073582512,415.11097144738346,23088.37841570987,18212.192470333677,18305.05363167404,16.433555749544386,16.77319064497592,15.766673915810028,148.88587343173734,161.43614839554172,227.9408804055791,1.7114119994129475,1.5976502252588338,1.3258320107877923,-0.064113251728374,0.0027299199073386,-0.3421525779508749,-0.1180858100014127,-0.0803022463346421,-0.8352425612125169,140.1679741195097,192.05572655288063,173.22215729051075,0.1083638671631532,0.2326128823653641,0.2438780944606366,1,40
DO-40-2153,27,1406,28.869249884565555,24.94347253884082,25.87157168828283,122.26463473240986,148.515785248807,99.10553334169876,462.5911670371372,358.0559338536477,457.5985689307637,17825.633680221985,15747.37264602573,22746.972926064325,17.47205336729347,17.051322414710057,15.13384630636805,247.97214832352049,36.91746032287813,124.52760123874786,1.5442696698237288,1.4400639885127615,1.5197571821622673,0.944978845900918,0.0929984891089539,-0.1212966535619344,3.084127116657372,0.3515248019244178,-0.401147089966939,158.72187580938527,202.29935676651783,129.39792150561183,0.1402275014115452,0.2255909680086026,0.2531173430927784,1,40
DO-40-2107,26,1504,27.188192776645327,25.231326733811365,24.0314133481402,97.11344793738468,76.24159885909835,64.76637560060124,430.7010392703793,437.01652052164064,406.8008418687666,16360.166511266478,12876.393497699475,15140.175552093382,16.52731436458348,16.72348117904144,15.647204315228349,102.85383984813303,68.16688505957346,72.66582624802643,1.158744313548559,1.249109005462191,1.2802309962277667,0.077220308530194,-0.0181116420998239,0.1657317828814178,1.588024368789463,0.8655262589126339,1.6247153164592478,168.54197056364475,147.74520890425885,101.23808211189883,0.1566660087430529,0.1558218669860551,0.2310000225601101,1,40
DO-40-2118,26,1477,36.05873631772383,37.2700757699305,29.312844689269536,154.81406464645534,102.30269445200476,67.8810613533445,506.0979978213831,576.638415134385,507.3303686030287,16712.452851682796,26172.088868906627,21142.71996201607,15.974368703374882,15.70382423395581,14.55910150607479,50.38418195725552,87.37710600973887,184.8817144579296,1.305679601639647,1.378935550275652,1.2425607014868914,-0.2482349271838851,0.0328858251047592,-0.0932615194698366,0.748686117215819,0.1628936360450142,0.2414560586624648,181.2052947681593,169.6555184336997,173.2097222734031,0.0758955902687083,0.2155479177207327,0.2860209786468192,1,40
DO-40-2115,26,1465,26.111026774501507,24.49406171770218,20.74818105851001,152.89156371344893,82.11643465543749,55.38480528880287,478.3156569987919,493.39681079784816,455.12449216263855,16386.20714709385,20767.28419711296,16303.702068632678,17.712765045860323,17.52140953761173,16.557966432780788,114.9447895369097,179.07602208526538,249.4423220375838,1.3790574555298782,1.495534217512736,1.0018393256338591,0.7674622588661614,0.2495435343053971,0.9448507127828578,1.807951565383632,2.60466549100164,3.152223443425993,160.65579476815924,138.97951843369972,111.85822227340304,0.2505464231838044,0.1814858773968809,0.2329850407557902,1,40
DO-40-2164,28,1301,31.842716162909365,28.90705069404321,23.579201361292487,207.97011022365595,86.51024443132,86.97558419939887,458.24412960827016,470.2481340033125,459.40943147995097,14313.029934718254,18266.31454348473,13249.746648980616,16.724270821691984,15.848669313739336,15.477947482746549,122.46535376924064,180.8866956571433,166.93713087520084,,1.4934629628098024,1.290029038579655,0.4485607487009533,1.434635229575472,0.8024927990375668,1.239253853644057,4.572306954479768,3.3395722263607244,125.4031685597894,113.88844463554452,151.26561549932802,0.1277346144483892,0.1525896697382985,0.1975343093237116,1,40
DO-40-2192,28,1280,41.36284853151882,30.344893670629684,28.07538743561353,221.94973826481808,78.63013742688939,52.88516338287287,516.2364329126661,502.54080356115776,478.06031726809806,19448.271489940995,17578.397393041225,19720.407868829006,16.71701668418638,16.63516736008414,16.57953027918689,149.6106404476509,267.3687684521257,282.0247679002345,1.6012621782464835,1.5114411166514152,1.2782912499397745,-0.056218923489881,-0.1396409525671252,-0.2000458175719356,0.7820819465474989,-0.3550914358822548,-1.02038389581652,204.9460434200618,139.45085811694472,139.7387225646748,0.1523375097805759,0.2017230734857963,0.2431281814050758,1,40
DO-20-1152,27,1354,28.904726270674697,35.153449381036026,27.233498031548528,144.83866333227058,77.05132242754122,83.72552587764751,502.87490337874704,460.5766195176647,409.8689318769807,15536.537590551974,12646.706544232677,14306.33998454998,15.7748838516437,14.304162752541648,12.14802679049896,81.84648432635898,178.82716966753762,233.0808352222371,1.7425144827596604,1.7179520147990133,1.287734524199076,0.1190431989496124,0.5032939163828936,-0.2448578110377349,1.320467736050976,0.8208525861440111,0.8049729106561005,126.85487580938526,203.19285676651788,135.6524215056118,0.1256426372171119,0.1997790706712915,0.2369488637035464,2,20
DO-20-1151,27,1352,24.92851326188737,32.43421186586861,28.678764661118468,195.78493805694035,78.97382336054763,94.29928100918276,456.4620822148727,464.7110159040307,461.50836726556815,14129.815298659412,14911.686251941315,18386.350379592077,16.340320309283292,16.031594990533147,17.160081344320304,120.1257826257999,154.54552522386237,151.95157613983991,1.3189728919602102,1.3011913679048162,1.0850441611866255,-0.4247906552952555,0.1604846870280836,0.3395141296024405,0.3401352916671996,1.281475481887682,1.2684776507616522,164.67837580938527,176.0913567665179,194.32292150561184,0.0876948420827577,0.1997790706712915,0.2179749661363692,2,20
DO-20-1186,28,1266,24.495609331666945,31.59823923979497,31.386018529222422,137.97384116814243,120.9251579530303,119.21144557159384,532.4893754191086,613.2391549032419,560.574939618198,18748.2738061464,14178.978816490117,14030.577491403288,17.254465343866162,16.48943277853472,14.998427944868451,132.36705345816267,82.85129476093064,43.77898594699746,1.7707042261608972,1.7342184714758333,1.1348776624065446,0.0481711003077976,0.1405906865374559,0.3657553128918314,-0.2875428348172482,1.053019152331831,1.9954763862740184,153.42304342006184,172.80685811694468,131.6972225646748,0.2591809512850583,0.2317816468101697,0.2540069789521674,2,20
DO-40-2184,28,1266,43.15104665071155,27.473250772366526,24.73026530504017,164.88885423023208,88.24264209192141,88.45143064349136,452.3601052924165,433.0723067053455,402.59666291975145,28347.017728930827,25337.321230083824,23730.19512080369,16.288668486809907,16.305487786567237,16.052272023199624,165.7900228688686,182.54887018260897,282.0247679002345,1.0787944950780128,1.2793369267225934,1.236584495504209,0.5232173183590304,0.376680309937864,0.0080014656197446,1.887186605626325,2.100102006863647,0.3693981257690436,191.54404342006188,102.22285811694468,103.1067225646748,0.1724065634692583,0.2398767468302552,0.2241542838378988,1,40
DO-40-2159,27,1344,32.762553933470684,17.933532778575874,18.24666305043316,117.45838239989384,127.36827498573656,79.8805240116347,466.5292180282754,378.1429959535201,510.6008812935871,20252.153881420127,18455.91075674267,22101.478308545557,16.057568999816002,15.277271705129916,14.84464881903195,191.12453368479848,208.60296985992312,277.0734616260723,1.390108396223126,1.4099661939346624,1.176616412138019,0.1053626803451216,-0.0105925500986754,0.0917354219386288,1.3314246745406757,0.9754721969922486,1.1783521321072687,206.3733758093853,138.56535676651788,135.0564215056118,0.1363417466010428,0.2027313156309231,0.1923098955807448,1,40
DO-40-2183,28,1240,28.33194444645652,25.303223040559693,25.579025365837836,165.8501046967353,84.3976402259086,55.76891478238247,492.49334425791847,473.3658992780298,522.3321530213805,21651.5427986453,15907.02262695562,18925.527614424045,14.9378766177189,15.20240121962554,14.735094884282416,197.49899384825625,268.2487917485216,282.0247679002345,1.5948249502921388,1.709565962202675,1.1074499158278404,0.0460132379513818,0.6067904868671348,0.1480079752632484,1.2911975047375486,1.4933738396012202,1.6730283949674438,191.84154342006184,138.5573581169447,162.37322256467482,0.0884158731804645,0.1558860565414613,0.2160591838178133,1,40
DO-2D-4171,28,1259,23.807808841957925,38.56760570193075,41.4369246595559,130.10882243689653,125.92151355795131,137.9218589240686,476.6199282647325,470.1573065146879,453.3392741295471,24711.98766398999,23220.075580403696,17059.784375132644,15.341307336788308,14.193607604692776,14.100043148513285,54.73800968324037,89.58155395736195,50.38523754555963,,1.3112024808260043,1.2861313798839182,0.3071999145605693,0.4510946489422268,0.2150194312540469,1.1774253708686984,1.9494002191668856,0.8111047541418603,288.6101685597894,183.87694463554448,159.60461549932802,0.1238488596378869,0.1883580992587681,0.2315963496475635,3,2D
DO-20-1188,28,1224,23.929099190089083,26.14820391381813,26.80252146917361,109.13632717304634,116.1189056205143,79.80017644496253,466.9941037542529,495.234221226212,532.7164053055874,18223.64856208878,13898.47210023854,17479.217895046113,16.38520992481958,16.58141647338276,15.349615688875367,48.9524631340077,173.97887802601772,39.77965627392152,1.50879895383203,1.2963311718659267,1.2404291841167527,0.319011367061174,0.3095199343014599,0.2699293822123307,0.9207853617888464,1.1424001044391032,0.7283697125707634,221.92204342006187,212.71535811694469,102.5112225646748,0.0884158731804645,0.1558860565414613,0.2729808765193445,2,20
DO-40-2168,28,1228,32.987148999500064,29.627178730358853,26.909057323520624,160.86883736499902,98.04525002935844,48.52556553927078,505.9298434391055,582.8355073878174,575.8064733933123,17056.19513352394,21807.65579113995,23510.243015793767,16.724270821691984,16.136357781274906,16.397338088403092,36.76543220332802,218.88032755136453,264.0637086499018,,1.3397059383006718,1.3490544102388249,0.2589076237840036,0.5616383301203078,0.1072056069937977,0.9838122802948592,1.718266656615837,0.0996606199812597,221.30266855978937,175.23994463554448,112.84611549932798,0.142822757205064,0.2435734027636816,0.3074919399162719,1,40
DO-40-2156,27,1280,24.761287750292,17.293073878251,18.676652787024413,146.29589639498994,80.2670021270796,80.84177447813792,461.9820515791095,394.8560597378916,545.4254956851457,23245.510177266668,19771.00504441372,19138.91347050752,15.115527096927703,13.878387545857883,14.17007750208493,276.8244552507111,270.02124698216045,251.934817966738,1.6113970002218256,1.3116522001732198,1.2809583009557777,-0.0618562819892521,-0.3479373392842563,-0.088680164503389,-0.9371980467897336,-1.7284512445705742,0.1489960738463653,128.34387580938528,106.10285676651785,110.6349215056118,0.0983939514666887,0.2406791107652773,0.2871793834166303,1,40
DO-20-1156,27,1273,23.457906877005858,33.702964123050435,29.84998210843656,161.17992126282502,144.33885508276543,100.06678380820196,486.1763688027757,368.0284296290404,525.5122336543251,18137.109778199585,11937.724899830788,26544.62390420668,16.43458597110122,16.22367318273183,15.80888029654518,30.426531386811373,45.13529202471396,77.10697797227623,1.6005000269405756,1.429433964730002,1.1996281110689124,0.1275616433423775,0.3569041717591893,0.1589450096446596,3.406706781439412,2.1395685673028093,1.7074399106524234,181.05837580938527,196.64085676651789,127.9084215056118,0.1066687396499348,0.1618312755369373,0.2179749661363692,2,20
DO-2D-4167,28,1199,25.9003562961562,32.54151367766705,32.982531006076705,138.76007663542535,107.65775469439046,112.92934679498536,537.7053894852104,518.8421198269225,510.5574806197369,21455.42595412184,19032.35514586269,23171.876106179723,15.618767505897864,15.320718520633084,16.489316065235464,217.853527063694,170.99647944497897,244.06706028452217,,1.547073599013325,1.0770467583877756,0.1544734599162918,0.2374065813982645,0.0442281056531962,0.8413198326772603,1.4434972828145556,1.7751900634129996,195.6896685597894,170.17694463554452,132.800615499328,0.1048749620707098,0.1124625089900597,0.2695441447819177,3,2D
DO-2D-4172,28,1194,28.16126185283359,32.329728842786835,31.68958911408797,203.1638578911399,165.33278268458264,143.68936172308784,498.8418244764424,442.2361553649708,516.9370582510268,23135.764769644666,16438.929853306578,23060.490329612145,16.821818731361834,17.107318681783596,15.018498511138496,145.86559294832745,132.14584833509852,177.50678786832998,,1.6326673717486178,1.3155420574205543,0.3299743359809179,,0.2925961199201715,1.8970379368665464,,1.4481959892191996,205.2196685597894,152.0094446355445,166.454615499328,0.0859010645035327,0.1124625089900597,0.2126224520803864,3,2D
DO-20-1170,28,1182,27.255887966531624,37.535158623814176,32.47012227158,195.47385415911427,133.61151728997694,93.70433746492128,543.0924410722432,465.7591192251992,542.675125417207,18607.55151077708,16625.742845326135,27686.168356275768,15.958516632951362,15.561047186638682,14.65104810353315,94.4700460577092,26.055504028061176,52.956235192537015,,1.4659501838123954,1.2424287730396204,0.5688369968607327,0.3083142984566598,0.0901087366765875,2.0341577361857106,1.6089809135703137,1.256165040802949,154.88766855978943,234.20844463554448,127.737615499328,0.1656824095827434,0.1715635673054756,0.2354821044580658,2,20
DO-20-1157,27,1242,21.846097377136875,24.704468868840276,22.16962060902132,120.8074016696905,138.5713522837462,84.68677634415073,542.7362151250892,473.2160583631499,394.176930931922,19049.82242453065,21807.81108160048,15761.316385764932,18.03841335290748,16.704008013308727,16.67732136638371,242.9623368702747,256.81409829251805,231.0811703856992,1.1182930689922863,1.2922113772890589,1.2473282976085052,0.0824619024815113,0.1157001959065005,0.1571332714545839,1.4331807767173592,1.4925724087117231,1.864429450447099,159.01987580938527,157.62585676651787,142.20392150561182,0.1256426372171119,0.1618312755369373,0.2369488637035464,2,20
DO-40-2070,24,1540,19.46784882152653,20.09965414299989,20.15589293281653,136.4044097487772,84.24160264700213,96.77038806458098,524.9342228192993,520.6861653176859,484.887424274331,18664.352872402786,12735.442229912438,20588.83850350707,17.05065288625279,16.314608597069476,15.904533417877648,216.6598233526518,245.45749529252888,214.79282763608592,1.369200765619371,1.4892030576340387,1.2381975177736348,,0.2222528694976773,0.2180307450802094,,1.9494929517067607,2.2619907996537445,129.318956578251,137.73339098286547,135.75476389262496,0.1147607614752815,0.177376735003915,0.2631516741476234,1,40
DO-2D-4186,28,1151,24.090361600379744,27.82652409437299,29.14138935341928,141.20469907854903,119.0026570200239,137.4752044351547,491.5400852012559,453.3874314897054,449.9526115602943,21965.677559390315,13690.292715582638,17404.873579658353,16.34596155005422,13.769360786568605,14.735094884282416,177.89161456440206,118.2509049274378,63.20430150193764,1.1624657323572718,1.3806093417562717,1.226068181703531,1.0780424602206211,0.270109026191825,0.0242826379616199,1.698733553856223,0.8541019317531512,1.2011786733849283,133.17054342006185,182.63485811694468,94.7677225646748,0.1481281645709927,0.1405920355746818,0.295840528897024,3,2D
DO-40-2186,28,1149,28.321321324976356,25.55775535960453,20.930374103996588,152.73970467658745,123.80890935253991,58.65266618189207,537.6400630588569,575.3635831261996,532.7164053055874,23878.08597795125,33437.60055702425,18951.478393474008,16.160479169009562,14.533002976733483,13.6822234411847,194.4602660671451,234.80279825707893,270.02677888100675,1.3629279173330764,1.2815719980229767,1.3813934228501217,1.4779536134604785,0.7063601640952976,0.002398325799387,2.751948560780932,1.8329380973153624,1.5842475742889115,195.41604342006184,146.5983581169447,208.8337225646748,0.1252685121933133,0.1936279734657108,0.2350330813849903,1,40
DO-40-2158,27,1230,27.72026371444348,23.042603509247623,26.7609141950894,179.939662722602,101.41451239015008,56.81051281555785,565.4375990035562,604.2449295762947,546.8069569472519,15121.13201288651,18687.27848449316,16855.13921758426,17.755188284462086,17.144771278804498,16.19477491680201,135.13391826173554,151.18402241076166,128.5269309118238,1.618860963695974,1.5393193001741627,1.3483767544484415,-0.0215546991386767,0.1535095624031615,-0.0777155397936944,1.2801743844558284,0.5580073872304703,1.170162988248554,243.8988758093853,170.7303567665179,131.7804215056118,0.0983939514666887,0.2596530083324544,0.2492315882822761,1,40
DO-40-2182,28,1140,25.16910242124733,22.860662696362333,23.67069851002213,150.47009723268403,102.66139908946946,79.80017644496253,532.4893754191086,522.904343646841,546.2912387086442,15242.564475620917,22403.65634106507,24993.3419881023,16.38520992481958,15.937684309660266,15.876571310988218,242.34861946775047,205.116516194966,282.0247679002345,1.4935675707508045,1.365799724241492,1.0933171307089942,-0.4554439107749578,0.3212561979856904,0.0202184111993521,0.0624236674348278,1.6077487492090676,1.254131981867491,184.99204342006183,135.5788581169447,155.22572256467478,0.1453375658819957,0.1748599541086384,0.2160591838178133,1,40
DO-20-1178,28,1137,30.494197369255136,30.1641969580768,30.039446958735915,181.2301121607865,142.07266821610077,180.7314754277988,479.40373386063953,407.7143937835875,308.1289831481144,16627.33918342257,11543.529343851287,22360.79382689805,16.67488352963112,15.56999075349555,14.12083350772694,131.79572064772327,268.2487917485216,74.9166241159457,1.4137899846578583,1.2540147555066707,1.288383940303969,1.4224787572937854,1.1115812879537776,1.5070214283580607,2.375413420015563,2.6033115863077536,2.5936645207727933,129.89504342006182,166.2548581169447,97.1502225646748,0.130249423125321,0.1218240162176095,0.1250754507924302,2,20
DO-40-2152,27,1220,24.28618205404722,24.000643581884457,22.973440448192218,124.65240353570331,66.47756729600601,59.69426421506745,527.4717412887203,493.1394961258086,533.3000934047155,26187.31446999816,19852.7297731668,20654.84455934909,17.283344280425485,15.74353443464491,14.94104139947093,225.5366861518725,256.81409829251805,277.0734616260723,2.002639031600036,1.5278710280984005,1.4031825486295837,0.7823050997274535,-0.1567796325979939,1.8553977931740289,4.108550989383198,2.185137126424709,3.691344130218293,271.8943758093852,245.4833567665179,247.3354215056118,0.1337377372371974,0.2837697609600854,0.1691483734549234,1,40
DO-40-2172,28,1156,24.10269868445451,24.09562013517524,25.11477046374701,150.29508223346377,108.61900516089366,68.71182533583801,452.4717308428346,502.0269026782911,498.2507792597672,16020.582759457418,20714.80780263172,15734.826127480155,17.377516665211484,16.26069496359988,7.774974045246688,290.1271275842804,262.69539552050543,225.21307754002137,,1.4177150920766683,1.2442469003204,0.1366248621161462,-0.0602582092182611,0.1713767130964688,0.8323287331150249,0.2710596662863156,0.436876864991716,237.38466855978945,205.9154446355445,226.018615499328,0.0479532693691785,0.2073319968259451,0.3074919399162719,1,40
DO-40-2145,27,1210,28.9188374623083,31.36150504852833,32.022174784998604,186.1724333919083,78.01257289404442,101.02803427470518,436.4450458038688,451.8198189433101,243.243243,12222.062362860908,13830.692609857357,5777.148449412016,16.62314085234674,16.89620044434036,15.037440533393225,41.28185478516032,116.83755973486082,92.8186302593602,1.9301371653826664,1.5886287378125208,1.1870460744202,-0.0028494517228732,-0.1439922619066702,-0.1177068754749576,1.1849113755585694,0.8369048927398531,0.2203325245907504,198.33237580938527,141.2453567665179,175.5604215056118,0.1635904323514661,0.2567007633728227,0.2748966588379005,1,40
DO-40-2111,26,1323,40.17437110915681,28.992635012332723,30.488715362817736,146.13722172904804,78.16409979210475,97.44889146171012,396.2719454258587,477.2051112223707,420.6078051806136,9916.094824197966,16474.791712983733,18492.03690043594,17.059475790379242,17.172474174051093,13.282340848514544,49.43422207204753,244.1373906749141,218.9270257205173,1.5169257175659423,1.4130850563955155,1.5636883541771622,0.0814354753423445,-0.0067595383505968,0.0658531614098995,1.2016474403762991,0.799700293915666,0.7851495681160906,209.04597056364472,203.43770890425884,275.16658211189883,0.0997443160415216,0.1747957645532321,0.212026124992933,1,40
DO-20-1179,28,1114,26.68935834521379,34.4437601154569,30.900121751056496,160.08260189771607,172.83268314420326,147.08770910018671,538.4540549169291,502.10250381838057,431.814697959774,16544.848693357133,13497.73856682413,20796.798495761523,17.351094547285477,16.39745658769763,13.419113605551749,45.5244662713712,156.83889371283516,219.4638251571183,1.786397031389022,1.781683148676607,1.3806641857350228,0.3664463008471865,0.1589898075225296,0.1719866922621626,0.6217780475595611,0.9900623922347176,0.7367059458999505,150.74254342006182,177.27435811694468,157.3102225646748,0.0884158731804645,0.2128077492429926,0.2160591838178133,2,20
DO-20-1190,28,1114,28.239944363648384,36.07998505414722,34.02318139501532,142.7800935006584,152.646423347636,159.58396516472834,495.8785881030831,473.3658992780298,398.10644575184926,11832.757548493177,13297.291493514664,17024.173319131347,16.095609483759567,15.937684309660266,11.052827289490274,21.242821827695995,58.5696503172554,60.63330385496026,1.5399050035464483,1.76441654142809,1.2390546938507567,0.307537006284541,0.2304817510633094,0.2736145289451824,0.9769862098138938,0.9231011780246452,0.5638321024473776,236.21754342006184,174.5938581169447,156.4167225646748,0.0884158731804645,0.1938338516758155,0.2540069789521674,2,20
DO-40-2178,28,1113,27.298491308792745,23.933355025146867,24.08381060912774,168.73385609624492,95.93264582394704,80.76142691146573,506.3203978309387,503.55427581725087,526.1785262901809,19573.89579664557,14588.24043756587,15333.549453982769,16.67488352963112,15.110519456826244,14.47180943231563,263.4879334540089,243.1101480891873,153.18921914614583,1.5342942726451625,1.4011319806229965,1.2939405991552595,0.521663996481397,0.0706515308647392,-0.1643388481862441,2.141929569366676,1.2216473146299496,0.2332051007125952,188.26804342006184,200.2063581169447,156.7147225646748,0.0694419756132874,0.1748599541086384,0.2160591838178133,1,40
DO-2D-4149,27,1195,24.57493746757947,33.624184213612544,34.77162603818601,162.63715432554437,169.66329551187746,165.43181553041975,479.1667429848415,486.90818569696273,509.3964579929031,13416.383898118658,16719.0366448897,19577.51875347689,16.62314085234674,15.370579196664137,13.881066085587063,269.96846152543804,229.7422838461815,194.23020411235683,1.6015111778249258,1.2604116595853043,1.0065158240323322,0.2178711501300425,0.3031425163798014,-0.0051181474081483,2.17401805479153,1.5088848158867778,1.4841056872889655,141.74587580938527,207.06485676651783,132.67342150561183,0.1173678490338658,0.1268357253622148,0.2112837931479219,3,2D
DO-AL-0118,26,1293,21.622623495930483,38.87581793116836,39.014860130670506,196.14783470609305,188.81523643729292,188.99862013274804,452.50033604049946,472.37703417713806,479.777267176027,19011.82303528657,26326.341742150413,30013.866462501413,16.340116100051464,14.594409411497178,14.195982334715392,142.08309803278203,152.7947128050522,44.04817668461316,1.6797940510077511,1.6941703261849854,1.4609644793070071,0.0223691891532894,0.8293755936363923,-0.0060172040823735,0.6732187491971808,0.6463819189541421,0.4270852932799628,211.28579476815923,128.25801843369973,113.34722227340308,0.0758955902687083,0.2534957128550869,0.267047081079642,5,AL
DO-2D-4165,28,1121,21.91437530438532,30.29932109945381,32.81730524871336,144.52757943444456,122.07651169193848,133.1156065915526,559.8880139344056,536.8714331437604,560.2674158321772,22083.04018712543,24937.56478638691,23962.43267237362,15.341307336788308,14.475304251243838,13.916418288672304,77.01998929037765,101.29387657137,107.80418499472108,,1.3649194221376135,1.3709291619614483,0.6680116110181424,0.269898881567817,0.7522636238380054,2.4098575249659726,1.949809257284331,2.026138320501415,128.97766855978938,149.03144463554452,150.670115499328,0.1048749620707098,0.1124625089900597,0.2126224520803864,3,2D
DO-1D-3188,28,1099,30.18774166873623,45.65056486418744,49.07895328322768,174.84846540616113,161.2976775461648,159.58396516472834,551.0390827881075,582.4405040347029,585.0479414324664,25996.4671526894,24207.796985306995,33513.64282017928,14.492348711638575,14.533002976733483,10.439795567190403,115.90200463172526,183.6685117227511,126.33657705549324,1.5223670432237126,1.6471651399305731,1.08599174609856,0.1623793437578561,-0.1158271153595757,-0.0181105088176149,1.3160910988190668,-0.0706644863084517,0.231286986448201,184.3960434200618,126.04885811694469,186.7947225646748,0.1062946146261362,0.2315757686000649,0.2919547740865217,4,1D
DO-40-2176,28,1120,26.555986022766287,26.82961701104003,22.445549104138824,131.07007290339973,94.20024816334563,90.82058606541167,533.1633491183395,508.6152541948656,515.6486637502156,17705.330171507958,15533.323770744855,15822.972706242414,16.821818731361834,14.09972012569795,13.732814369176268,88.446645499166,104.1505406235671,217.2144181938695,,1.5585626403783284,1.0146338094654277,0.3567756729980318,0.0640974439154957,-0.2175201262772532,1.707760314598168,1.341893862976022,-0.1783790099097621,249.3776685597894,121.92944463554451,163.476115499328,0.1129700620907953,0.2344009944132077,0.2207175521004719,1,40
DO-20-1168,28,1118,24.06354106376917,29.720123757324004,30.8734917987782,104.15505984131003,127.84401449095772,111.00684586197892,473.3307430575056,529.9098185087132,514.3665549211892,16618.262571708707,14697.535656297629,23953.253901359138,15.19324111851455,15.273488619792891,12.264687264339454,225.8765924587752,260.8732891186617,273.7763664273718,,1.522273694273081,1.0691760071434522,0.1882340961387102,0.7176327084932971,0.1262577190504817,1.2519114496306278,3.070127868857989,0.8664292210656567,181.0961685597894,201.1504446355445,168.53911549932798,0.1997444499065953,0.1487039149277962,0.2315963496475635,2,20
DO-AL-0180,28,1085,20.764329194921896,31.15859963539428,27.314457634088825,163.92760376372888,146.87892054861678,109.59894090656182,,491.6606940905249,534.043497248625,,21774.03288499237,21091.70886654492,16.48175948938055,16.58141647338276,7.989252560566936,252.34694365044032,221.6851676977091,249.4587977051877,1.7645999465790307,1.6301986510703157,1.404018099361703,0.3413293509346417,-0.3463288593904747,0.2268287602968922,0.8402632301147641,0.8188494999080844,0.832976614431686,129.59704342006182,131.11185811694466,132.5907225646748,0.0504680780461103,0.1179382614071071,0.1211896959819278,5,AL
DO-2D-4180,28,1083,27.323351447063907,27.693698107534352,33.78520501147405,171.0034635401483,125.73141028554632,124.01769790410988,510.7890617143672,552.9624780820999,553.3410550837541,17627.253057058795,16522.89015366099,34810.79601980459,15.78960036594576,14.533002976733483,8.601665527902263,265.0198681564132,178.812182834016,160.04521287141884,1.4903319090158813,1.475949481099705,1.3267869963647547,0.3998854453037164,0.1832272893374115,-0.0450924529686715,2.212002130917246,1.0482195481206105,0.4808571883367965,201.07454342006184,149.5768581169447,202.5792225646748,0.049372921924605,0.2884974613015963,0.1970852862506362,3,2D
DO-20-1101,26,1284,30.66693946236103,43.65021554713943,39.75097109493578,145.37263937706953,138.05789824045036,89.75888772968452,534.313315416802,559.691795926285,,18437.141205951066,18029.979961356137,,16.261329915284808,15.777434243602698,18.586044259644503,63.2649163450752,57.15362767849088,24.959536576335083,,1.6645753591809933,1.003586744304223,0.1512670237258067,0.0744363674962192,0.2490445873124207,6.868519965753253,0.6663019843301435,0.5112121941856995,155.43797056364477,288.61520890425885,130.42458211189884,0.1291468690582074,0.3076130475234718,0.2855732554537987,2,20
DO-20-1109,26,1283,34.31202535640372,43.63902141600949,40.44659359270278,,131.32914497492794,132.05390825582543,544.4140306519677,508.6164057681248,493.4180828764271,24493.31699899897,25821.344800372517,26910.353419105813,15.906777592154857,16.590981701605063,15.457872093045392,261.8030679727727,68.86595029249895,116.9441190570813,,1.456056362161165,1.1724421226544806,-0.1003868067200388,-0.1515462434254971,-0.0728343976582682,1.7999921387752276,0.1954427567798805,0.2538236240856698,223.6389705636448,173.3577089042588,179.26758211189886,0.1101729714910303,0.2696652523891177,0.323521050588153,2,20
DO-20-1183,28,1080,22.23242153823231,31.18527902087575,32.3676757537184,166.8113551632385,142.07266821610077,145.1652081671803,539.894025182815,542.4007399263678,544.9027462532702,19551.996710935047,16121.613191600673,23032.97738316534,16.67488352963112,16.39745658769763,13.857653178061016,36.097474899120826,36.85900352055752,26.06766882337553,1.6479834650141365,1.4107012113604362,1.3768456687373054,-0.1758777445231074,-0.0789074940430349,0.0329985670052732,0.5938927542155952,1.0934163826026804,0.6428071548118524,157.59254342006184,249.9433581169447,151.3537225646748,0.09651097320055,0.1639811565615468,0.1672325911363675,2,20
DO-40-2116,26,1262,23.6356537188194,29.207286116055204,28.107362957515885,173.07782351001617,72.50392999040545,71.72606321935731,553.1050553473681,486.5388094361509,532.5790292830648,14484.198946490478,8314.51191450611,16363.905178739808,17.071965926243966,17.31930089308638,16.194299988408204,111.5167926742732,170.79169633389387,114.60777877388118,1.6142350308868894,1.4838723668361733,1.400424046262456,0.060480968829623,0.0161371125536134,0.0361430628183622,0.7981040943004397,0.5315530164674955,0.3544429575345954,137.12779476815925,127.06651843369973,136.2792222734031,0.1517911805374166,0.1776001225863785,0.267047081079642,1,40
DO-20-1127,26,1259,23.5563586385851,31.55444419527098,29.541556807052565,154.81406464645534,121.5277037820688,88.06732114991176,523.2012221618876,539.6609477052048,482.8588647992176,18969.216161235945,15743.229056673506,19181.43972528849,17.52963542019221,17.420349856390125,16.46703897232628,159.22308234596454,130.79839960313458,100.89579132333516,1.537477078867853,1.4988188511451472,1.049138056506281,0.2901815693312413,0.1466026638914302,0.0118323624861265,1.867767301561923,2.060723962899842,1.1674667939059638,164.82529476815924,173.52701843369974,157.42522227340305,0.1328172829702395,0.1776001225863785,0.1911514908109337,2,20
DO-1D-3170,28,1097,20.69986480298104,28.704530229766306,32.668261220275454,96.46505610928445,130.7277658904673,124.46435239302376,536.5626165311654,577.1392362486077,546.9706519888324,20446.492032599817,24215.11171021212,23332.25834677272,16.914414116064442,15.88461967192719,14.1918635748797,262.13181987274885,262.69539552050543,273.7763664273718,,1.7548768240984487,1.24754284209911,0.4070280763155537,0.5928875441826214,0.4025261301027105,0.9698294405682442,1.818101272403029,0.5979809808205223,147.1446685597894,211.2764446355445,129.22661549932798,0.1277346144483892,0.2112177516364474,0.2165082068908887,4,1D
DO-2D-4190,28,1076,25.02341911404969,33.786353349435785,34.44664146503455,148.89470281057464,99.77764768995984,140.3589558346643,534.8753031047071,434.8359983234785,542.1468001777583,22558.012685441485,16484.88165460183,18562.64448609679,16.902591371785,15.5836577334843,10.877657908136896,123.043664762218,121.96456819529404,91.19960921346907,1.7226329052128655,1.5396647304688231,1.231504475604324,0.8272800840067466,0.5929520286271374,0.0962747359035592,2.280191939242834,1.964276832163048,0.7690901897582669,134.06454342006185,178.3883581169447,149.2687225646748,0.049372921924605,0.1556801783313566,0.2160591838178133,3,2D
DO-AL-0176,28,1097,24.52363733519653,42.70223445178571,41.81783158388845,184.90009902757907,158.60402941906025,132.1543561250494,505.2784497663712,459.906774585968,456.3546019598985,24033.11654532245,29252.61459076692,38348.78146855905,15.958516632951362,15.561047186638682,15.294149229529786,278.15354461398186,81.47478664068466,85.5222053875838,,1.3532291010141728,1.1430791199879766,0.4536933276398955,0.5632907162650257,0.095876384327129,1.4785358097875934,1.8065055665770453,0.5140917173857434,179.3096685597894,259.22544463554453,129.524615499328,0.1807705523394182,0.2435734027636816,0.2505702472147406,5,AL
DO-40-2151,27,1158,29.67286614571572,22.99333525766243,22.321972089765207,215.0099473870044,65.51631682950278,66.42301748058986,522.8139037381187,488.1928744881846,534.6206159995692,16214.068435214474,18525.755740435936,14406.43874978548,15.492262052998566,14.783790665684226,14.84464881903195,34.1401946546676,129.40688156452808,67.39432019480611,1.2975292523702655,1.3559886592500008,1.1883693604821306,0.0079477601648654,0.1861425340704733,-0.4122090269039933,0.7899978665557487,1.636067999665802,0.4228886719108352,202.5018758093853,167.4538567665179,107.06142150561182,0.1635904323514661,0.2377268658056457,0.161053273434838,1,40
DO-1D-3145,27,1154,24.909673159622766,36.82823240012257,35.27695015573343,122.26463473240986,110.0657665886789,124.09804547078204,464.6234202594469,526.4630550572853,515.4762036055884,8714.720807366077,24450.2291177834,26804.650222918808,16.62314085234674,14.810829007447492,13.01433514992154,123.13592924250784,198.03331286679384,105.6736184942471,1.4569029107302345,1.647234599050169,1.3278506287477754,-0.0228875341162066,0.203789881034191,-0.6189162279237554,0.5471976230364413,2.131380591879925,-0.2834098894972903,163.78487580938526,160.90185676651788,106.46542150561184,0.1212536038443681,0.1686692753070712,0.2341434455256013,4,1D
DO-AL-0141,27,1174,31.925776910060783,43.44523045798752,41.15501774013018,209.33097197362488,214.3315490311044,130.21998904539973,485.2338209717181,453.8837284753548,452.4881847089111,14723.924507655096,26975.24477880284,33958.67073375074,16.15508427996265,14.949796271271978,13.090147612477743,96.48934204751596,77.85955376328812,209.3725640662979,1.6721074212174174,1.587404183022561,1.4164840832936023,-0.1316857902610028,0.158768828659028,0.519037208339166,0.2821060183975487,0.7447098031017411,1.2811864823086814,179.77797411950968,156.19617648161022,141.3551572905108,0.1353705166015291,0.2119997441537101,0.2436465285858396,5,AL
DO-20-1123,26,1249,33.83148332850175,39.99362914366977,39.28837916152735,224.9853487011891,116.72145144955276,96.71857534844058,579.5050808925898,532.8228534592162,538.3276080816639,26395.32726520719,26250.40090771489,22107.60750356842,18.07913788742458,17.117234283237504,9.572620831166784,230.0683508404523,219.06931881602452,154.31540909942066,1.8419219376744629,1.645480015203124,1.575560732507301,0.390803745579566,0.0805817054211188,0.2589825395902854,1.535130020002641,0.6505306723118908,1.0354529425658632,210.09429476815924,197.9485184336997,197.92922227340307,0.0758955902687083,0.2155479177207327,0.267047081079642,2,20
DO-2D-4148,27,1151,32.26084153484484,38.82900134448258,38.40025988222522,149.17964779449954,114.87201892119492,161.58681366440695,492.08036054427305,501.709887673665,431.12337312127016,17663.733262426515,20467.748839080752,19832.708563073757,14.833043414499173,14.904105178105407,12.918058508307103,57.43265604197481,72.91142738056143,32.82868516322136,1.3657230428678222,1.2285370168786296,1.245150601552703,-0.3465844066639847,-0.0392856581137073,-0.019981619011369,0.3316834667296021,1.346843152894516,0.6530665149844139,245.98387580938527,188.00385676651788,144.28892150561182,0.0983939514666887,0.2217052131981003,0.2871793834166303,3,2D
DO-2D-4184,28,1067,22.49712084258558,29.12196728967216,29.006940668767008,146.97220187756824,170.91018221119683,163.42896703074118,495.5948620861474,550.8175072669433,480.2027558981364,18236.003965665604,17067.771026447524,13532.202669822424,16.624241309054735,15.5836577334843,,157.89496619902243,139.10455250847656,71.20296084808949,1.5633115707328271,1.540478457598503,1.3027824192500326,0.0077735015837234,0.3424574570789219,0.4497179423506419,1.98379161112775,2.4301637434268324,0.7716292967478311,155.50804342006182,166.5523581169447,122.4652225646748,0.0384941243775134,0.144801380784265,0.1292847960020134,3,2D
DO-40-2174,28,1086,26.21234926906273,24.69352808395348,22.91349187138319,214.6988634891784,85.5489939648168,73.51807766835404,513.6418431989769,527.696942253315,495.8589353259263,24966.96470569395,24335.153425671568,22500.573963757204,16.72923139593183,15.60263836642454,13.641020122819224,150.4362554318428,252.12573852737623,152.08247780377593,,1.285644134143996,0.9489033184646088,0.7813652383896436,0.7424206232654306,-0.1262208741242156,1.8184901959549875,1.722433609829816,-1.70471477989455,208.79416855978943,199.6614446355445,131.01361549932798,0.1238488596378869,0.2073319968259451,0.2315963496475635,1,40
DO-40-2157,27,1144,35.40631534832546,25.320859285705502,24.58581744601266,133.7996403304483,108.1432656556725,87.57052774366034,486.9283112272588,484.9529192495136,596.6888139923765,14056.871168275444,15965.873208939553,7391.556300123615,15.680669678578798,14.997387455475756,11.66691353632027,74.28697394993763,246.5966017541444,277.0734616260723,1.5245761070907573,1.5186113743792995,1.4113099600327537,0.4217195216178267,0.1606280065893344,0.5485844069879828,1.92845549889718,1.96759721385968,1.7171574767240938,284.99837580938527,146.3088567665179,203.5559215056118,0.1173678490338658,0.1647835204965689,0.2492315882822761,1,40
DO-40-2160,27,1143,28.11182892289975,23.309609903815456,25.282330051540303,175.13341039008603,98.53076099064046,76.03552214562191,472.3443443239777,452.021763201111,526.7943424833516,19655.67529244592,17328.669377427286,27345.74522683226,17.377694190879165,17.238228837270867,17.160081344320304,161.12956113672908,254.8809275055159,230.50983757525967,1.6289691762046763,1.525141634152507,1.0951916708942393,0.51923373307068,,-0.3322890989349241,2.440399005889621,,-0.9297655527981948,165.2738758093853,115.03735676651786,89.78742150561183,0.1064890514867742,0.2108264156510087,0.2193788931680074,1,40
DO-40-2081,24,1429,32.47388418176626,36.72255780576749,32.78766167517385,181.0505607667466,87.55283075932724,78.94366734466692,534.1409343188386,546.4373793172193,496.94234259466367,27139.35778113554,28130.75983287708,23290.832595760578,15.510620995820918,12.759280355267816,15.189542813097454,185.59953720378377,118.47549066315064,74.69071704314116,1.5753260474528978,1.56503573863255,1.4174361186268325,0.0981937731086413,-0.2661074422577132,0.0566732110888896,1.1249932079650655,-0.7219094942156921,0.3770226452042746,233.4295772468916,195.146419894148,176.34183469822145,0.1358236355956609,0.1759919871520265,0.2032199277357973,1,40
DO-40-2149,27,1141,24.16394629279647,16.728473810984575,19.591196484633123,135.22615866723856,70.32256916201881,91.41552960967314,468.4511664400785,395.80802547001895,488.6508744775168,19004.180923594944,15172.049310674583,17055.85678825069,16.246062337638715,15.74353443464491,15.712425452538357,229.53601582494835,223.67679528703192,253.3631499928365,1.2015217216821408,1.312336406201226,1.148491725418152,0.4174020426957485,0.4049656323061792,0.1418967261342224,2.76198003549512,2.3654773619452087,1.9044990896863447,212.62737580938523,102.23085676651787,146.9694215056118,0.1256426372171119,0.2567007633728227,0.2179749661363692,1,40
DO-2D-4168,28,1077,24.23195405580544,37.12165489622958,35.83985607145699,,121.1152612254353,159.06936918713907,541.7704883139734,558.2693798084163,557.2580043966146,24485.50367086864,15688.408528651404,27137.849514704503,16.358959997677434,16.166665086986836,13.18212391100414,244.7061691543467,128.14651866202263,189.79044329277747,,1.5402234274250317,1.1450601880172813,0.1314585766964759,-0.4614432475605936,0.2224951486093385,0.6470656838648143,-0.1140825485858645,0.8403596965820269,221.8976685597894,249.09944463554453,147.691615499328,0.1997444499065953,0.1693842016915909,0.2505702472147406,3,2D
DO-20-1097,26,1252,29.73380330474758,41.43818120539573,32.09907484179074,,101.53038051332864,,355.29513446934834,468.1213888167115,536.4470357768319,13491.850507620931,19431.46605583264,22108.806892969704,16.438646000656355,15.867801253474944,13.471398280708346,,128.28456257819838,193.7883820611829,,1.55471557912404,1.5423506515724403,0.0655744548117767,-0.0857137073685026,-0.6012047886084628,1.2792038363391651,0.0214350209838561,-1.818334781014732,188.4959705636448,184.0797089042588,154.84608211189885,0.1140587263015326,0.1786815193637345,0.2515112151299469,2,20
DO-2D-4151,27,1133,26.39294507704243,23.060946023145977,23.75914708953316,131.8771393974419,64.88699466302837,106.7955370737244,468.4424134615573,539.3197633593284,571.4130945653131,14279.619598717463,22736.15150603292,24237.515583298376,17.377694190879165,16.30402742910816,14.17007750208493,174.2702157768357,200.6043105137712,97.10362633765584,1.4905820275632309,1.5679072424436304,0.95225103330895,0.0463665790457146,1.2038279044381213,-0.0728372658640856,1.3315900587162082,4.144915658311553,0.7195511190113479,128.04587580938528,168.64535676651786,157.3929215056118,0.0983939514666887,0.1837574180637461,0.2871793834166303,3,2D
DO-40-2150,27,1133,22.703946451987303,23.503122272850025,23.662240122842093,190.0174352579211,115.50134108766932,103.91178567421476,481.9651806185775,461.6911166142006,486.4498760805537,19823.20358361305,18805.87828517142,21153.53770777268,14.456484467524549,13.824684509709172,12.821787023465667,269.81497896092725,256.81409829251805,277.0734616260723,1.159783711875992,1.2392583138488822,1.1508511475369314,0.0791507960302704,0.1481435000769066,0.1445027747157129,1.0964418879101956,0.7399314214107792,0.687873525927469,184.33487580938527,177.28235676651786,109.14592150561182,0.144616534784289,0.2567007633728227,0.2559227612707235,1,40
DO-40-2175,28,1070,30.11195569669827,29.6119475331768,26.774046509651395,110.88381310683248,122.07651169193848,65.82807393632841,452.4717308428346,369.87327118295366,401.8553541242326,25561.86131604807,16313.486493744018,14499.51123217715,16.544080354959554,15.320718520633084,,100.15896811317404,202.1341176139272,204.35942995898264,,1.462047739895061,1.455860852800152,0.2456264975297962,0.6791994645366328,-0.2162772847509442,1.055193519591404,2.195089805225253,-0.0193498291326843,233.8111685597894,165.70944463554451,164.071615499328,0.1238488596378869,0.2452797919602993,0.2315963496475635,1,40
DO-1D-3169,28,1066,26.246844945542303,37.82008799707456,34.01284902033534,81.08504864523317,123.99901262494492,124.46435239302376,504.6611898848996,546.3832212445747,465.6407419087968,20440.111222671207,22820.03698502458,18502.864102940603,16.17386938913057,16.166665086986836,,186.71588889474583,190.13612859469947,200.6457666911264,,1.5725774737759806,1.409093952254557,0.4158090506795831,0.0158541587071765,0.1296621693976221,1.4899289175952033,1.4819021722596153,0.4410379406128557,155.7816685597894,204.1284446355445,102.72061549932798,0.1467085120155663,0.1732699565020933,0.254456002025243,4,1D
DO-1D-3134,27,1147,33.71246925878929,50.91530279606023,48.8532655895085,138.27914986870775,162.182678070561,135.0262413779157,519.4211613737616,523.4105663203826,534.8889612503397,23673.69455974004,20792.56719626661,24271.17399930537,15.87667797023138,14.906974551616308,14.045512758578951,104.8932470279022,70.30856513045464,29.402728777881418,1.5206406585140195,1.8400753398499805,1.4769312660814964,0.1813402184671203,0.1736081099069002,0.0844946549498397,1.0696880776310398,0.4894929819019572,0.8037780022901753,192.28647411950973,154.52972655288067,144.03565729051076,0.1083638671631532,0.2326128823653641,0.319773684729345,4,1D
DO-AL-0172,28,1060,26.114175764050763,35.79473686129361,35.40914986401943,112.80631403983888,103.81275282837764,70.63432626884443,504.3045657959325,479.49371917608886,508.0486933300202,19066.668596500785,21982.23437639328,17728.458467397926,15.958516632951362,13.262165891226363,,141.6050029189611,111.18409278353434,67.23955545352246,,1.5183933941738563,0.999618160563108,0.1418748297552734,0.3016052467266727,,0.8423030875636479,1.7749230830197191,,229.0456685597894,121.03594463554452,101.23111549932798,0.1617966547722411,0.338442890599567,0.345439735050626,5,AL
DO-40-2137,27,1140,27.00029718730667,23.97112228781116,25.46561380673249,106.55788447410204,76.63138655177595,72.54496105520757,415.6681184646918,529.369345203279,543.5236697029841,15400.321672316097,22479.10239444905,20752.838504319378,17.17648885564836,16.586438120171522,15.575327665879245,237.1567926446274,271.7033808103493,256.5075209275499,1.35623219682302,1.4782543590968422,1.19474426943076,0.2869319154976823,0.6317490965046075,-0.2180863988518127,1.545769944616947,2.3541932732541,-0.2678803020402837,214.62397411950968,129.51272655288065,147.01415729051078,0.1122496219736556,0.1795769444743352,0.3046855419726701,1,40
DO-20-1124,26,1216,20.18624623570929,33.331078415793385,31.26507141289858,118.28654691933362,85.96143652145031,83.26106881739574,521.919455735252,583.8248839052782,516.0619858902995,16280.524101618914,16663.250458196453,19743.85175062416,18.354023142943344,18.431468594403285,18.287151858791947,137.7981019544864,83.66344274188269,100.61012491811547,1.575435380864343,1.4468678805266229,1.2945557221717363,0.1591408712595119,-0.0224130585710254,0.0166873057972386,1.7082389822386084,0.8237824442775213,0.7635746676592152,146.06279476815925,137.78801843369973,182.44222227340305,0.0948694878358854,0.1776001225863785,0.2290992859452878,2,20
DO-20-1189,28,1034,27.44241435965676,37.557623090847606,39.839502625588565,172.5788579622577,113.23515422100468,97.10268484202018,524.1947442055415,573.090349568612,,23137.742752962484,25345.615858851736,,17.061235230200616,16.305487786567237,,84.66076378647129,77.42363306175615,29.495665686012043,1.6068637633413578,1.5984364515413785,,0.0095724503302089,0.3663597952610812,,-0.0004872825607550756,0.8374423475062016,,171.59004342006182,165.06335811694467,145.0992225646748,0.202259258583527,0.2317816468101697,0.2919547740865217,2,20
DO-40-2088,24,1403,26.86252243753588,24.97362640423176,22.587487626627265,166.63180376919854,76.0178251612888,113.54868413878222,494.9150905526637,473.7628701412521,430.4912656065004,23685.25663934342,27769.171182875147,14507.136307113022,8.767655987359799,12.852446849564416,14.303026777643698,241.0188198164073,98.76450870299074,263.5162108933686,1.5862993104971626,1.5408815566364034,1.284612876429557,0.8783996545303147,0.3786679549986878,0.6091409584418805,2.144367076559418,1.677148328331613,1.5353163065815627,199.6795772468916,197.529419894148,113.20333469822144,0.1020851856708899,0.1991752299287867,0.3022987607812659,1,40
DO-40-2135,27,1134,27.74024283119745,25.495583472338627,22.753222018257546,128.58593278735583,75.9114818546432,65.81620778968514,522.555460533677,465.6576336539535,524.2002813898671,22672.56765167829,19422.731548653617,17438.720260570408,17.36230572276121,16.531836456423616,14.810217068487647,121.91365211207,229.8340813401731,239.36753661436737,0.9120455141358058,1.1617214981927084,1.2171769777834642,0.5397305195899575,0.004891352455071,0.1727374117127299,2.8635543768005727,1.4546448232509754,1.0379715390005368,132.72247411950974,215.7611764816102,151.77915729051077,,0.174051949019356,0.1677509383171313,1,40
DO-2D-4192,28,1028,24.19206982724384,34.91959602672465,35.01097790209278,145.04970094456183,151.6851728811328,142.2814567676707,517.7509025698669,511.14708087171016,,21152.88370889068,29013.43357327569,,15.604202327992503,15.105989065157203,,61.339721234760894,63.40295512525372,,1.6903803964052222,1.5182870217989888,,0.2163558566446194,0.1122957322852301,,1.27656268638535,1.4245801512305685,,140.02104342006186,167.74385811694466,112.3387225646748,0.171311407347753,0.1637752783514421,0.1292847960020134,3,2D
DO-2D-4113,26,1206,35.9169099702253,46.58646998523936,44.14589590234831,150.06816680540643,132.891048325918,112.09858281249184,542.2665692162269,534.863332819373,510.78650666401165,33821.263610849,24471.90525099069,26305.158839979013,16.295082241261145,14.968753893373666,14.195982334715392,227.85623484682765,234.99619545847364,135.17575994970025,1.1455075101633636,1.2829488525704775,1.3638432325602676,0.8718865427012228,1.2431829185239835,0.3371627853265273,2.045113360032802,1.4283910442055303,1.1380053646316133,236.30279476815923,261.38451843369967,108.58222227340308,0.1696112959669893,0.1952332578098032,0.2460702406748071,3,2D
DO-1D-3168,28,1042,21.99631072008093,33.22710474716716,33.157424142237275,156.062585032483,166.29403315108584,147.53436358910065,507.11593543513663,537.7168498068868,,9906.762274934445,8473.214283729096,,15.526274272223,14.944916806907225,,292.1267924208183,262.69539552050543,91.235533491978,,1.3799667111577292,,0.4164372793066494,0.239754357652577,,1.3444339087735475,1.487448860109539,,214.15466855978943,129.0774446355445,131.609115499328,0.1048749620707098,0.1883580992587681,0.2126224520803864,4,1D
DO-2D-4174,28,1042,22.15397052839758,25.54011633366667,25.235926757349155,140.68257756843175,130.7277658904673,105.23934306295972,503.5365922350318,463.6385253907368,,16165.016733906275,15371.113371161033,,14.139615815114656,14.005838240547732,,293.55512444691686,182.1374692485476,159.79547074470807,,1.2662732166610624,,-0.3051557082649688,-0.265391861281498,,0.3751467023858735,-0.5053579896358098,,150.4206685597894,140.09644463554451,117.611615499328,0.1238488596378869,0.1504103041244139,0.2315963496475635,3,2D
DO-1D-3163,28,1040,20.97947405957879,26.185158389753063,33.51472520208145,128.18632150389013,156.68152848605382,182.13938038321592,518.2535306008666,541.7080851659888,,14553.539466800165,26269.573068405945,,16.72923139593183,16.4487774996351,,107.87196105410618,104.72187343400653,19.533265781831123,,1.452920673749095,,1.0526786548504754,0.9748131985327768,,1.7545507434360033,1.9892784865807345,,146.5486685597894,130.2684446355445,168.53911549932798,0.142822757205064,0.2642536895274764,0.2315963496475635,4,1D
DO-1D-3189,28,1019,24.565490921376675,31.900946418028298,32.8130804611463,141.20469907854903,122.84765888603673,122.09519697110343,509.3239069563985,584.8381489020614,,17785.252747495677,24136.44014218795,,15.78960036594576,15.488110304906606,,89.90636175673178,125.39256505793055,,1.6451692455025175,1.3692897331066003,,1.344443032677082,1.129150429376367,,1.6931225323514445,2.855379556898911,,134.36204342006184,165.95735811694468,115.91322256467478,0.1442424097604904,0.2315757686000649,0.2919547740865217,4,1D
DO-20-1158,27,1102,30.941770568232737,34.67064545435886,26.52101053739721,155.41241846380584,84.74132615956685,88.53177821016354,468.2433770606505,431.4927902889048,399.2719879871176,19011.4546496024,13250.507951011356,17903.118096154936,17.47205336729347,17.28069202778742,12.436751630257948,191.54238393072703,125.40755189145209,43.96967496679,1.17564390374698,1.263412467382166,1.2487694813768715,0.2035997194556321,-0.0957955599082965,-0.2180074924310088,1.700693405993165,-0.2455420722820418,0.4262620968699075,237.04937580938525,196.64085676651783,129.9929215056118,0.144616534784289,0.1997790706712915,0.2179749661363692,2,20
DO-40-2102,26,1221,24.914801665411616,24.91867104426368,23.762868029699938,129.03138144651507,99.60787958032223,70.53387839962048,446.9175927143659,491.0676034427762,576.3242304154426,16263.687134527474,14488.82593546373,20934.62035107625,16.34998455113795,13.429945113854878,15.363216203620858,60.69391869809783,202.55782793532265,164.93607513399235,,1.518816780097092,1.099857114957334,0.5164644267035969,-0.0439978563147203,0.121163409505053,2.6408800348396184,0.4666074513625187,0.9463771200032012,167.64847056364474,153.99970890425882,139.35908211189886,0.1291468690582074,0.1937696621204092,0.2665993578866218,1,40
DO-40-2056,23,1491,31.484851593476844,24.367381774129484,23.78678163451779,120.56123299452835,70.4436128392691,95.18722626784404,428.6438635572929,539.884835024873,584.8850781895177,12837.132401242266,21939.907443087,18529.854468153648,17.03242445285816,15.7016718429221,13.03717875285504,274.54806489594097,280.557084890316,197.17012679598923,1.4438739698323837,1.5480757585562808,1.1974714019535966,0.3696511817105632,-0.0681038342022121,-0.2544454453905011,1.2961405023384147,0.247335989361686,0.0599415183836189,223.43745164736532,136.84405188904006,166.8140983831007,0.1578080332377883,0.1940711805865106,0.2995935566287186,1,40
DO-2D-4162,28,1032,21.98433025817696,29.52602105717736,29.535654031914422,130.10882243689653,130.7277658904673,110.04559539547571,524.851272303921,495.61365713755856,,18754.04779409306,14065.621612982286,,15.711267367894152,13.254977317874475,,204.42720601836777,178.42380598069133,,,1.5860864524441858,,0.2419356023753169,0.1563275963338951,,1.1009186826820008,0.9010375826393122,,190.9246685597894,319.38594463554443,157.22161549932798,0.1238488596378869,0.3022014846618306,0.2885180423490947,3,2D
DO-40-2125,26,1189,25.504662718069746,24.15401621690172,24.72026829969132,143.33941353988402,74.25476986922264,96.71857534844058,512.4603157351719,505.88852590514887,569.083623085697,19598.029822724373,22245.841147507064,26960.632946945723,16.479336224135707,17.00505109949698,16.73984372557824,161.5816288358553,227.2832025175415,246.5856579853866,1.1568874284413964,1.3500372405567325,1.215616247453553,0.4710887064323626,0.4282065397780497,-0.1423940076297544,2.0172109381512957,2.018137992850917,-0.4900190378726611,149.04079476815923,158.04001843369971,113.94322227340308,0.1277777460221327,0.1913475029993009,0.2611583834314819,1,40
DO-20-1129,27,1109,36.38272137477738,61.69822768997436,61.73226105963813,171.84220377999992,117.24525191428091,101.38247505030364,451.5074966502002,449.8109549193508,485.5742380246438,25152.549724655408,25838.51842274211,39772.63374609282,16.24790071936086,15.246281689348216,14.905832830267276,40.21306021923333,62.43356788142384,87.67867544270202,1.63828614347468,1.6012367318583205,1.3332288265068435,0.1317052599920441,0.1620006165960149,0.1872290644488373,0.6626880113873518,0.2056906118448685,0.9640671981196802,271.8054741195097,183.5961764816102,124.37965729051076,0.1353705166015291,0.193025846586533,0.3195421188545478,2,20
DO-2D-4143,27,1108,31.78793051848082,37.6386146070541,41.11609019646527,167.1166638638038,144.88016967350333,151.36749930847017,548.7661235332554,559.9143801177647,534.8889612503397,20581.701448297565,26898.876438055588,13778.561247990552,16.619241078430186,15.653128491858574,12.517180324744086,197.16349591386813,134.5835063048891,178.23492589734963,1.5483158013247245,1.2972813871532896,1.0103141270675149,0.8928874916361228,0.472215361331438,1.3408439213771626,1.5257253000628417,2.54924013807874,3.8604894292020098,209.8584741195097,186.37722655288067,174.71165729051077,0.1083638671631532,0.2515867799325412,0.1869564017591053,3,2D
DO-40-2050,23,1478,28.85178886067758,23.25554761161464,23.238129579200898,116.71623112851556,66.59861097325629,90.38097393532804,425.4807283788706,453.0174212940995,459.0762694875096,18897.991141959825,12537.169611993022,19819.236055166053,16.563685311563855,13.074311006840931,16.82454853655227,99.43455849625954,184.8588391417136,112.3272044457357,1.7526984817800926,1.7257740856589647,1.3982409569854504,-0.0148874787047942,-0.1399244473911705,0.0264355652526399,1.2918512545259606,1.0442711470281152,0.4065572191115109,172.70245164736534,138.63155188904008,168.60109838310072,0.1307390356505257,0.2808455684023106,0.2345767639071018,1,40
DO-20-1164,28,1021,29.813757841582245,44.530164715704245,46.22904086200791,154.14008409947658,76.89773976628798,140.80561032357824,459.5780823758892,511.3577751893903,,19033.19682966993,24684.312074734706,,17.39474869543522,16.615994353885682,,116.18069285440706,104.89943186870076,,,2.001742353199342,,0.3341618010366144,1.3348823576710758,,1.2705427099923048,3.934937129493046,,166.2051685597894,134.4379446355445,126.54611549932798,0.0859010645035327,0.2056256076293274,0.2695441447819177,2,20
DO-40-2087,24,1370,28.93762881715567,24.9502308015884,24.20264834818063,135.87178884109605,57.75406629772795,59.71865801460289,516.0753442650444,470.6103773068877,440.2896813360692,21675.71872745638,20082.15546567711,24355.56432369252,15.608544620121318,14.157304300547388,15.72172369418233,179.60054269416992,263.8796909199824,224.0942469730488,1.5628371983650495,1.580806381790015,1.5461037086067655,-0.2151017660769915,0.0124179349296007,0.079549310961605,0.3973407956442469,0.2311198512555671,0.7993819602461069,214.8795772468916,80.48441989414798,90.56883469822142,0.1210590832380669,0.1612274347944325,0.1884553753782035,1,40
DO-40-2133,27,1098,26.29609325294488,29.071494538529983,23.03048426257468,150.69469351692948,78.7952332541528,72.54496105520757,536.3071776180088,479.303028823996,494.6602328275616,23778.84717506713,19262.477486813685,15332.211743924074,16.990706565411344,15.93833720882974,14.332231780613425,153.6226230914577,99.57020055998598,209.9438968767373,1.7367921497677172,1.3432215147507538,1.0991779199104497,0.2103292887738928,-0.1550650060155523,0.0009487000936275294,0.7570188513523164,-1.0625130459009484,-0.581704515145172,176.5024741195097,125.81867648161018,172.32915729051078,,0.2499475392880643,0.2436465285858396,1,40
DO-20-1135,27,1093,22.651350502231523,34.965876578708695,30.817176831556967,177.60970657901916,145.12151544287377,140.79374417693492,517.192456253155,542.9480878680188,537.3265806013972,20492.994049503595,20715.950152658603,22275.233348805683,14.578234420374772,13.665714199729756,14.7146076444266,54.21071407499908,87.57221154075822,143.66929086576494,1.3741190485088666,1.4750303447605695,1.2674001999877156,2.0952628128048683,0.1106381611443807,0.5013417170472935,2.9365873542372456,0.7639872864054746,2.039560111867867,217.6019741195097,158.8771764816102,136.59015729051077,0.1055178214872604,0.2011209466066185,0.1758460383372167,2,20
DO-20-1122,26,1168,27.912712693359712,36.54867467385596,32.77184366593015,165.38781977799056,109.03144771752716,101.5248276809566,504.0534464607083,517.0962320492285,502.2349323172791,18549.068031613195,22030.154262429787,18866.495146093897,17.80434377836433,16.91520811282691,10.750132529457575,118.65845280476591,115.65808012649003,114.3221123686615,1.4460165375028864,1.3466418074533348,1.404631843657657,0.0917259024758175,-0.1600002372891273,-0.0136982080083676,1.3978143900461013,0.1636480738055461,0.6060008479239105,194.01179476815923,156.8490184336997,120.19722227340309,0.1328172829702395,0.1965740201535556,0.2101253883781108,2,20
DO-20-1146,27,1070,26.53668927485544,33.64301294689177,33.25802670215179,135.22615866723856,105.8888364226373,116.4080417387564,535.7120928642247,432.10659733646935,444.4221475833019,16359.959882050753,11558.473833196293,13275.452726394851,17.377694190879165,16.41578272188595,,203.8260393551746,213.96413750956185,277.0734616260723,1.5459832658671808,1.6325773550831766,1.3647942742966506,0.0744380185544978,0.0644962001784026,-0.2112840993698264,1.985058075138684,-0.2265977844873432,0.4727609911278682,117.62237580938528,126.35485676651788,160.07342150561183,0.144616534784289,0.2567007633728227,0.3887400442409631,2,20
DO-20-1069,24,1374,26.449593093005973,32.47091537507519,30.13615665767415,100.83814248815872,155.37413716823912,117.91789832765144,603.8855202299499,503.5365922350318,520.5392310820931,25014.56990786075,16583.11940016739,25444.87808446935,16.373312221116045,15.64185719069459,14.405838369434356,241.51280060676643,160.61457294227534,242.78813534761733,1.8868615835518177,1.57567354631781,1.3186986866899566,0.0928624955795432,-0.0042357221904096,0.1803674384169212,1.7050618028244653,1.3005965490702946,1.22455208568815,195.435456578251,245.28339098286543,148.56076389262498,0.1337346590424586,0.177376735003915,0.2062299814460921,2,20
DO-20-1173,28,1000,26.009182271664343,32.03639360337201,29.2562218137989,106.07756077431644,73.05273790027516,63.90557300332202,475.0447636364413,410.9244743133594,,18403.597261835457,13119.380919534487,,17.20313820664262,17.287840355313875,,49.334754032995214,170.3170386640141,,,1.5357849373841188,,0.3444250972747998,0.1029648390758602,,1.8333978921046288,2.219280450606585,,173.3531685597894,242.84544463554457,128.929115499328,0.1807705523394182,0.1866517100621503,0.2885180423490947,2,20
DO-2D-4122,26,1160,30.57727644347847,42.249798554698025,43.28485573358292,156.79692007092885,156.92230998849809,165.9286089366712,492.8794935784872,507.7199805503624,544.2044076171877,16452.776097708622,24202.340340315408,28122.531187924305,16.295082241261145,15.986476526786888,14.10521591462452,99.02068609273904,139.58361611509093,57.474497729939465,1.5740723257160425,1.645646045868273,1.4252301689248086,0.0790845623009278,-0.0734952600757868,0.5887398526415941,0.0882650846397302,0.3644917609791835,0.6176390361763712,209.7962947681592,200.0330184336997,218.7762222734031,0.0708560533206015,0.229295298133655,0.2042366907299505,3,2D
DO-20-1066,24,1362,20.66189973880017,23.905410200710275,22.268461425864903,163.31942281086688,164.98664183327116,75.62287780151053,576.616157909214,544.1310163640927,482.2109165486999,12505.245441468642,16174.228289156345,17159.147557680928,17.244258972700845,16.21847830630579,15.717104830393051,219.2308209996292,273.16713659884067,215.9354932569648,1.3695691650477584,1.178222896363168,1.2178928846051051,0.7569436966054307,0.6153688250997975,0.3791315316962657,1.6900834647749738,1.6185442812019368,1.4696682283859213,207.943956578251,186.58339098286544,99.122263892625,0.1337346590424586,0.177376735003915,0.2631516741476234,2,20
DO-1D-3135,27,1081,31.888405493313392,50.99410727646645,54.8373474438664,223.8304413874928,227.5477097927788,181.16626377006943,515.4320829506469,507.371917792707,492.610330434184,25364.894253355717,20374.855716277107,29579.673471552836,15.691108586571048,15.280000113794287,12.994640444527288,80.61160258422697,66.30923545737873,63.11136459380703,1.5774740163162018,1.4652370716150864,1.348837466128505,0.0487620586963636,0.4061624770249822,0.006729944970466,0.8918320534524365,0.9200205473433114,0.9528219665669562,150.8894741195097,180.44072655288065,120.50765729051076,0.1083638671631532,0.2326128823653641,0.4146431725652304,4,1D
DO-40-2124,26,1155,25.556350190348468,20.764885708740746,20.74844471581401,122.19190327681356,55.02976053915861,72.68731368586052,447.4777070443874,446.1373181050493,478.251526106754,15659.527077861932,21380.20767228286,19547.677298113995,17.032282496498055,16.449350935871358,13.923698712524804,223.85690517375176,108.44597794614268,168.02739654996668,1.238653699417228,1.225275874789009,1.1910675707999898,-0.0178382272923378,0.1524461750278173,-0.1406217823825037,0.9255738533883138,0.8571067580362666,-1.3349062407325436,168.35879476815924,158.93401843369972,143.72522227340306,0.0708560533206015,0.1913475029993009,0.3750017688345445,1,40
DO-AL-0188,28,973,21.109319577053636,35.34241803329385,38.461903807964376,156.23760003170327,134.38266448407515,106.71518950705222,501.044918604651,532.2330969681891,,22748.46062684397,23651.164997756445,,14.64859714062624,13.9165849615754,,110.0850738510254,130.27191802740225,,1.6078757818125236,1.6402740756960352,,-0.2664381728772994,0.1045322697019633,,1.1310858184522707,0.9369499342793672,,138.82954342006184,170.12635811694471,147.1842225646748,0.0884158731804645,0.2128077492429926,0.1970852862506362,5,AL
DO-1D-3175,28,989,33.85225147561539,45.07819506530019,50.18265841433848,140.68257756843175,143.22402195500896,151.37936545511346,524.851272303921,574.9775733169295,,20044.058432868176,24676.54833592853,,15.988807649527512,15.696625179782387,,45.59668471620969,65.29990951368671,,,1.7938488420520535,,0.4401681505630556,0.2509270908935762,,0.6859865603724332,1.875407622455172,,173.3526685597894,291.9864446355445,196.534615499328,0.0560483693892641,0.1964531992788535,0.2586653472348262,4,1D
DO-1D-3178,28,968,24.425776002699457,46.98299815684042,41.10801126026965,146.97220187756824,167.06518034518405,124.01769790410988,528.0223611396251,526.3126023090398,,20843.46686170215,26459.495188489236,,17.366674148096656,15.679212199474414,,108.76034450123257,129.1062283257867,,1.7652906481416717,1.664519675045384,,0.560808045491603,0.5622207698943816,,2.4623401380432366,2.351474643229466,,241.87604342006185,223.73435811694463,,0.1291542670038157,0.178539830709036,0.2199449386283156,4,1D
DO-2D-4164,28,989,26.24897915450404,36.00531204113654,36.47934233233853,109.92256264032926,126.88276402445452,137.9218589240686,495.99021365350126,477.3574206180438,,20743.00032257223,14972.192892695097,,14.601688038638924,14.85098214590856,,143.29459530135006,94.1522164408773,,,1.6021465686613507,,0.2854174958395462,0.0744704389836028,,2.0084937089264083,0.4935133606967455,,275.50616855978944,109.12344463554447,149.478615499328,0.0859010645035327,0.1883580992587681,0.2505702472147406,3,2D
DO-AL-0162,28,989,33.844353504477326,56.91093794368435,51.91119722215067,166.6363401640182,192.2477957466723,196.558137380764,541.7704883139734,556.1609607262594,,27591.772961197057,18418.47598406416,,15.384518092683305,14.602751812511588,,79.90105939150406,97.47210533298832,,,1.5717330012938349,,0.4263348570895264,1.1854152929356423,,1.0826854839688127,3.065086641399648,,183.1811685597894,226.7629446355445,228.997115499328,0.070812921746858,0.1905374648726527,0.1975343093237116,5,AL
DO-2D-4145,27,1051,35.05005223557188,37.97918994746637,35.82475205460652,139.56714312946752,115.83326938769812,121.21429407127242,573.7044360824265,469.1568035853817,559.5630495000793,18328.27316803369,22726.88019973125,31050.918774600817,16.246062337638715,16.02391899551848,,185.696871985624,211.1739675069005,80.249308429693,1.6411740594989142,1.61773162309997,,0.1944547839056429,-0.1723175741470912,,2.33429336727126,1.390640602352357,,113.15487580938527,154.6478567665179,127.3129215056118,0.1173678490338658,0.1268357253622148,0.1923098955807448,3,2D
DO-AL-0157,27,1051,35.718172798587744,52.44601431681853,40.80699778925753,113.11739793766488,136.6488513507398,124.09804547078204,508.5871855332741,559.0897643358657,448.1085711588047,23305.927091059893,29658.731303355973,24729.61329433837,15.39806841195828,15.455539355568696,,66.42049844449468,26.28130928021319,,1.651254721860368,1.7160432575971265,,0.1698007851431016,0.0345276870724551,,0.5580199978984506,0.0174879543868109,,256.40737580938526,133.8003567665179,153.8194215056118,0.1256426372171119,0.2756746609399999,0.3128444539722545,5,AL
DO-2D-4114,26,1146,20.532734144325765,27.251967838839622,27.544077452304418,171.21567706847688,144.42605392395646,111.13733234598864,528.1527307482373,486.5388094361509,534.4812348128635,25270.568018906182,15558.775837444042,22701.888459911628,16.479336224135707,15.616303902200244,13.288547011136153,181.57827720123484,225.854870491443,208.3063596859456,1.486080867881585,1.5496244217319364,1.4827418522637168,0.3435858366472376,0.3005278886535927,0.0261516196253,0.7819402547363367,0.6411837022954561,0.2443541788544215,191.33179476815923,146.42501843369973,149.08622227340305,0.0898299508877786,0.1533997078649467,0.1662888955955964,3,2D
DO-1D-3161,28,980,32.51035989198593,49.97023426358435,43.700382853468746,169.52009156352784,170.13903501709865,106.20059352946294,510.7333359561631,529.9098185087132,,25428.73438209697,21586.411945254156,,15.433787578021136,13.81809100322146,,57.30900733021776,7.595295659305574,,,1.2285981498141396,,0.3893837740453557,0.3826076677356214,,1.3239346350608965,1.4123993104872556,,184.0746685597894,181.7919446355445,184.621615499328,0.1467085120155663,0.2491655467708016,0.2734298995924201,4,1D
DO-20-1165,28,980,34.0284064882972,35.43940775706139,39.29876358651073,192.59010275960472,115.34775842641608,123.5031019265206,485.1521288436094,422.762302381683,,25337.07406431732,18198.291478256164,,16.62852332513273,15.752788042410444,,244.15924239283652,250.30363212553257,,,1.756262905617881,,0.2547372127090651,0.1394457867185397,,1.2743335029917626,1.5041075730879412,,232.02416855978944,194.3004446355445,183.728115499328,0.1238488596378869,0.1676778124949732,0.2505702472147406,2,20
DO-2D-4158,27,1043,27.06566182998448,29.372760249205697,26.838635182366524,181.86216365560844,145.6320338492974,131.78804920280766,565.276771586712,576.5762120941192,,24081.549911492788,15606.164364741282,,15.963333409721692,16.30402742910816,,132.2772542095385,94.33640777203958,19.97369692833449,1.4939422375236415,1.3443551441918555,,0.6777777665243573,0.2006739421685287,,3.569399223448668,3.18083942706546,,177.78237580938526,133.2043567665179,73.40692150561182,0.0983939514666887,0.1647835204965689,0.1164143053120365,3,2D
DO-40-2061,23,1432,27.40499241959744,23.802853101612182,22.80416799555348,139.78624232459242,128.35194355831297,73.84886781382968,403.84947429953047,536.614225310162,545.3642597409712,14458.522520051029,23207.905065140872,17352.25799907063,17.78360536801252,17.111318909134287,15.942809279420551,159.99583640283782,248.2114243023128,295.439370191569,1.4815519429299775,1.5308664638868568,1.2577757150528872,-0.1418407581358659,0.0533241560269453,-1.5286529618384987,0.1750312873578436,0.5988856456006482,-2.736010473255824,202.9729516473654,129.69605188904006,121.54559838310072,0.0958162625511561,0.1430145648323146,0.2725245590414559,1,40
DO-AL-0125,26,1138,30.386963948105485,42.22197713791189,37.67173677921176,159.62031697897137,159.0164719756937,168.8123603361808,494.03657477194827,515.5754752653322,516.0619858902995,29487.0465562297,17061.25304157024,23559.29336910112,12.960656909783374,14.796055794012936,14.195982334715392,149.51042456849444,167.07803306603762,201.16469955545296,1.4490291740922132,1.363029787807995,1.09228445453344,0.2333761509788373,0.1327193770130168,0.3803999000902385,0.4816031382851185,0.9544562407494908,2.099559993154009,209.49829476815927,170.25051843369974,124.66422227340308,0.1517911805374166,0.1965740201535556,0.3239687737811733,5,AL
DO-1D-3139,27,1060,19.86367431614952,23.749833096070237,24.74016271487664,127.70539473717253,142.95766874049693,121.56873484687092,475.147150117799,440.5997249473511,412.28856447072224,8076.486583581363,15844.24001297728,11295.049825334523,17.734048342102298,17.053380670057095,,270.0084292448938,271.7033808103493,111.10332067071812,1.4725245138967935,1.4407844250036497,0.9343338186645606,1.5926990269080743,2.208207231671558,,4.914021620517848,4.777549752287539,,203.9019741195097,196.48922655288064,123.48615729051076,0.1501974171080097,0.1606030469071581,0.1908421565696076,4,1D
DO-2D-4178,28,952,24.201438035507767,32.619730044635794,34.63380195968031,185.42222053769635,138.22766635008796,130.74645116963228,489.68500778034456,510.0446516783603,,19393.654460360904,16931.473205456856,,16.531473742801868,15.39256981682464,,265.0198681564132,76.25794336014063,,1.6710304912448344,1.274554113048425,,0.9334215492851936,1.0157501861540892,,1.543911639115403,1.9681687817760427,,218.94404342006183,143.61985811694467,154.0342225646748,0.0722325743022844,0.1595659331418589,0.1440493483596072,3,2D
DO-1D-3185,28,950,25.859456198163933,36.6262926164061,37.23518975206279,151.77845421008425,152.646423347636,126.90144930361946,488.1186492275351,486.6001589600359,,24548.19049650716,24903.58084482144,,15.32615487212463,15.105989065157203,,211.02891756988825,103.39625185601294,,1.5967106552549557,1.707592758372666,,0.1245428803934817,0.4768873744246027,,2.863368004551249,3.630588294772468,,176.05754342006185,192.76085811694472,101.9152225646748,0.205049857272524,0.178539830709036,0.2199449386283156,4,1D
DO-40-2123,26,1132,26.25941568535229,23.457969976271723,24.02631687046197,153.91316867141924,93.4797791992867,81.33856788438933,442.3992087280387,441.89710245906525,387.5720072161614,17378.36372860612,18070.789465461145,15756.275346778411,16.94010485504632,17.190349668831043,15.285609857548192,248.70988242786643,262.99150317000505,233.44500334528004,1.4462842685725734,1.205629190606572,1.0465347261340554,0.0274869189282423,0.0405831440552049,0.2706455959367442,0.5137268169886272,0.5280511962374369,0.7188967304033537,176.73829476815925,141.95751843369973,88.0322222734031,0.0708560533206015,0.1344258102977696,0.2611583834314819,1,40
DO-40-2189,28,945,18.631761804714703,20.4554983906008,21.806493054472785,153.70095514309065,83.4363897594054,99.0251857750266,497.67502030933497,412.1206086947694,,15648.108629540564,14523.98262270869,,16.531473742801868,15.679212199474414,,265.0198681564132,257.65611067465574,,1.3882124646995324,1.2559284246707456,,-0.0053613110012241,-0.0588657828199203,,0.7240122793922099,0.928092903949906,,129.89504342006182,156.72435811694467,123.3587225646748,0.1062946146261362,0.1556801783313566,0.2350330813849903,1,40
DO-20-1176,28,964,35.17844136874674,40.26525125713813,37.85342487626976,148.37258130045737,126.88276402445452,78.32433000087005,483.5857702907999,490.7555736702528,,7857.923873758329,21070.92919503709,,16.149908055557457,15.561047186638682,,182.74096527059916,82.61745226156349,,,1.7672413585859343,,0.4536036140326954,0.2878282645983969,,1.12721310445054,1.1797236397878217,,179.90516855978942,250.5889446355445,142.92661549932797,0.1888656523595037,0.23269460521659,0.2207175521004719,2,20
DO-40-2073,24,1328,27.503862069396757,21.99231846169884,22.470651053189293,109.24602755429213,46.7528344533772,61.20412080396248,415.0589314414533,368.9625192117934,416.18493909545055,16129.01304069141,10908.43639927433,14049.639343172475,17.16846363634695,16.06058382457374,15.061317369638662,207.54685484834567,286.87995981533874,214.2214948256465,1.4110705773155687,1.22809253970658,1.1459947740765988,,0.1892690423099014,0.1305111498605891,,1.326367631171134,0.5331311781765176,156.12345657825097,137.73339098286544,115.800263892625,0.1112856891650721,0.2224167299083276,0.2290896338237716,1,40
DO-2D-4132,27,1043,20.960756286242457,29.637496211736696,29.830101809147408,162.3104115312878,132.3839136089617,116.76248251435489,478.4863368600602,489.2118469307322,,18065.730569661955,17271.39372033296,,17.269392890176427,15.933045635404632,,12.908664547156029,15.746281733490312,191.37558053745627,1.9788491516354112,1.8146701144258148,,-0.7840087292052603,-0.3425878622719438,,-0.1852197665882429,0.3192435289177411,,134.50947411950972,198.01222655288063,211.9391572905108,0.1273377647303303,0.1187694969623016,0.1679825041919282,3,2D
DO-40-2130,27,1043,19.4610374922856,20.80672181824935,15.250781857113976,148.77219258392307,67.26022765611438,93.69247131827802,525.826070248388,492.13124187096935,268.5222095947182,9924.15727425062,20219.393072716284,8679.305030187135,16.990706565411344,17.224653151825045,,211.3272369458388,250.40206251599216,186.8049180539409,1.518304849480014,1.5171344696008138,,1.4277501670901067,1.8955995972751272,,3.773874826440035,4.390641338167181,,144.9334741195097,125.22267648161018,92.5121572905108,,0.1589638062626812,0.2095844882619877,1,40
DO-AL-0158,27,1022,29.469944760900997,43.01439331665368,37.22952550102877,149.64491566478662,163.56386441282947,135.63305106882046,519.7015800585363,531.6732028294435,,20084.34366187516,23051.889597511257,,16.528859443903382,16.704008013308727,,43.852852432137695,66.56027241619212,,1.48930983069237,1.3855175637852013,,0.8319540377076073,0.2223512544290107,,3.544250287938426,2.463631081997234,,158.4238758093853,190.0883567665179,132.3759215056118,0.1066687396499348,0.1808051731041144,0.2369488637035464,5,AL
DO-2D-4150,27,1020,22.988766899729796,34.15462840912659,33.71862451784075,108.80712820136502,105.25951425616287,102.95053520771155,542.1171068938824,538.6872336694395,,22127.10080378797,25895.131469686243,,14.92719837419315,15.277271705129916,,151.70256976447868,92.05107653028188,,1.5140392932555833,1.2034295450276753,,1.1133691184676324,0.4773602701768134,,2.23959443430842,1.9523319628543456,,239.13387580938524,202.00135676651792,117.7829215056118,0.1173678490338658,0.1837574180637461,0.3441010761181616,3,2D
DO-AL-0128,26,1117,23.49739661125138,35.38466659995216,31.83060068849903,190.38033190707384,181.1252327052674,197.6498743312769,528.6769570186489,522.941108077605,449.6963582056048,25409.67915340936,19449.69622041483,14776.400912510617,14.877759485327935,13.586575481070977,14.195982334715392,272.06131240774954,244.20796247535893,177.74005432743684,1.5131409328243746,1.5122570442068104,1.021844952532959,0.0699494160477207,0.2564726124408578,0.3203096512354613,0.9512615700539672,0.9263777524991184,1.1082725345153597,207.4137947681592,149.99901843369972,96.9672222734031,0.0948694878358854,0.1586262250192014,0.2290992859452878,5,AL
DO-1D-3114,26,1116,23.3394053411139,36.28314566496272,34.088958056373265,195.24693873105696,149.23230625647247,123.63358841053024,443.76608106039725,446.5176908713479,432.9369954468735,15653.719203481523,12552.09556811796,11991.090887400787,16.295082241261145,13.12016921045142,14.9223092487093,161.29596243063554,117.5873029131734,106.60911942772935,1.704801620715081,1.9132670800846872,1.3801291031961076,0.3795686812153584,0.3947535166760202,0.2990173622170365,1.7232860003068098,0.8134588483767491,0.7762469344524299,160.35779476815924,121.70601843369973,170.52922227340306,0.1316635008326351,0.1762593602426261,0.2460702406748071,4,1D
DO-40-2028,22,1521,18.180534234334,19.042599034041256,19.42658958041562,137.40406349409815,73.95778048588659,122.46630458087472,441.69929101727007,427.2224681289086,493.266816407557,15932.931469387217,11912.510927789586,12923.923771512094,18.011250397682183,17.334198364589156,17.262309307637445,174.36825584510348,250.85928936886629,42.90023530226218,1.6936548880754396,1.7311527056294986,1.448381933434976,0.8278863322679212,0.1964384099588432,-0.0885087580135111,2.442401484435172,0.4922824142743392,0.3348301178216103,190.24507312273047,166.04730983127533,138.67752065109966,,0.226189462690666,0.3027099957889626,1,40
DO-AL-0175,28,954,28.485442247482258,47.11283710239479,46.53576452149343,92.6200542432716,140.34027055549936,139.84435985707503,544.225520256294,526.0914714727638,,17722.85761688803,22361.59583967314,,16.149908055557457,16.04045407258533,,84.1860554697997,140.89339892638407,,,1.5315554416443682,,0.5570426793866163,0.5209504094824295,,1.7920183473506734,1.369779536431441,,179.90516855978942,237.1864446355445,122.97211549932796,0.1997444499065953,0.1866517100621503,0.2695441447819177,5,AL
DO-AL-0117,26,1111,23.025561485123596,35.145672249575014,33.074652426217135,171.15532257700977,171.51272804023534,152.47110240562637,575.5622026554306,476.9755779058813,482.8588647992176,22065.796242463493,6971.306655921883,17846.400920146192,15.3345702256538,14.090411911950593,12.562944444850777,149.2247581632748,110.80175123775498,153.7440762889813,1.504085668178346,1.6651167444975572,1.199319340799681,0.0512761966812428,-0.1029501738099653,0.0935796461545297,0.2432671880062475,0.710813205333803,0.6362813798480658,171.07929476815926,187.52501843369973,93.09522227340308,0.1138433854030625,0.2155479177207327,0.3429426713483505,5,AL
DO-1D-3146,27,1011,28.031273420532912,38.58548298739244,42.0583405002666,192.4359187871437,144.6707833827942,152.93555946587813,486.5107087121207,532.5428006699703,,21607.25997005315,18339.79761289167,,14.833043414499173,15.743875154421724,,129.9919229677808,36.060461107219,,1.3762439912658744,1.5314669974346455,,-0.1992845510878759,0.1221838033457817,,1.1943637135949825,1.0623726472239734,,243.89937580938528,124.56735676651788,175.26242150561183,0.0983939514666887,0.1837574180637461,0.2112837931479219,4,1D
DO-2D-4157,27,1011,21.42294398959065,21.42887335362536,22.87364641411718,109.76837866786822,90.84075725861484,117.3692922052596,560.6036219604271,557.6758390409019,,20167.89289791036,18356.38749795103,,16.90603399978728,16.490803717098455,,216.54884374935253,174.89433404399742,,1.468208992672428,1.3143147502747272,,-0.4820708561861935,0.0597819635258137,,-0.0711395822315172,1.3575658391834482,,141.74637580938528,133.2043567665179,154.41492150561183,0.0794200538995116,0.1647835204965689,0.1543621004463906,3,2D
DO-1D-3155,27,1010,26.881192796991893,34.71275872302669,28.904939168773616,126.10963659842268,126.40702451923336,112.5630398727436,460.8507164386508,523.773812749735,,16985.52195778004,19408.58528662094,,14.833043414499173,15.370579196664137,,101.13961604059024,67.76943208660667,,1.525103217201553,1.379520211973592,,-0.1124520302319236,0.4254173722748984,,1.605983070122078,1.902365451764384,,160.80637580938526,156.43435676651788,137.14092150561183,0.1173678490338658,0.1837574180637461,0.2682054858494532,4,1D
DO-AL-0143,27,1031,24.49283226884859,46.512734488129205,44.26097425027947,145.88844118441347,107.63274724924888,125.4137367128837,539.8913900986163,560.1915057265063,,17551.10936221894,16583.831015860727,,17.269392890176427,16.630782789924954,,222.1825603441878,111.56818957921377,,1.5334732991044495,1.580135069767739,,0.3684647487938479,0.3416521176039605,,0.9829464603927326,1.6057738945827174,,199.1369741195097,182.70267648161013,160.11815729051077,0.097422721467175,0.2878953344224185,0.3574899139889022,5,AL
DO-40-2077,24,1310,27.067883948234822,22.01205368380179,20.44228187642449,140.9672929488978,58.28784005141563,54.47536753844007,,482.69029063143967,516.9598878819883,,13326.168330305838,24096.57042143791,16.78284426835714,17.05338020188219,16.935922125285654,200.1195283126332,162.32940713954568,199.3668417542216,1.5377451032994365,1.4170776656730704,1.3664225226145112,,0.5122498408484268,0.9041368492612571,,2.1374641876417275,2.0174693720537342,191.56395657825092,186.63339098286545,114.60926389262498,0.1073999343545698,0.180583179963471,0.2631516741476234,1,40
DO-20-1074,24,1315,28.581313075482008,42.20049408137665,39.694248208328,147.93941534681565,187.0954025628448,117.91789832765144,530.6469061022084,503.5365922350318,533.6492870825606,26473.198416852,16241.385511770728,15457.146775610949,16.373312221116045,17.276372039244045,15.529703852110632,75.54061917411572,89.76930444778765,88.24261012375496,1.5069471272682748,1.741948802754833,1.4094377094628092,0.2038408265109096,-0.1030206986877521,0.083369261575973,1.3413871384107483,0.3476593488003891,0.5020183734270826,206.156956578251,198.18339098286543,171.195263892625,0.1716824541768127,0.1963506325710921,0.376995059550686,2,20
DO-40-2059,23,1399,22.376803330370176,21.047118827688557,23.7027991076294,159.0112516546565,128.35194355831297,101.72513134242254,441.32687907906495,449.1124982119323,425.9559629931323,30228.39103463085,13740.394753022078,11076.561287335187,17.33262211706457,15.7016718429221,15.59029567563735,211.70145574760505,247.92575789709292,110.61320601441746,1.4421205256136425,1.2835094184896745,1.249020966935552,-0.2410664887018112,0.1697755056296941,0.0810269885642798,0.9770446171529574,0.9418756528289602,0.5981490506851542,225.1429516473653,143.69405188904008,138.2235983831007,0.0578684674168019,0.1240406672651375,0.2156028663399247,1,40
DO-20-1161,28,943,29.03821960723424,34.92598625020147,36.01552950406627,117.61256637235488,91.316496763836,110.04559539547571,458.4555002139516,464.28196545323686,,17290.6345217961,19242.42249710179,,18.929158341396715,18.05623545892413,,165.88664736263638,216.5949963096069,,,1.8560213777636505,,0.3185785666880312,0.3285247972488224,,1.558298176998364,3.398367058422926,,185.56366855978945,137.71394463554452,119.100615499328,0.1656824095827434,0.1715635673054756,0.2354821044580658,2,20
DO-1D-3111,26,1123,25.00013668284697,30.654671406551923,27.809599766940703,124.02846099947436,134.87787731579368,161.85267271742472,541.0528710487055,517.6587721362548,510.46610378971536,16539.296813193854,29398.159238784418,23351.388977040628,15.552326930190848,16.005473862074528,10.637536365125069,87.14218756104908,42.74257499501937,102.66079879609585,1.594973260340248,1.4677414844260153,1.316392799805663,0.2270694677666054,0.3519275336738877,0.0846876549869913,2.4741237969958645,2.146925224514257,2.9866107799072363,172.11597056364477,147.14970890425883,147.69808211189886,0.1268133136287841,0.1828908645733177,0.2011473274458414,4,1D
DO-1D-3174,28,940,29.14845057998208,49.671484422858335,48.953468177590096,190.6676018265983,166.29403315108584,169.64312431867432,525.616047949531,502.0269026782911,,24807.90978275585,30875.16599472273,,15.156365878391648,14.85098214590856,,37.026692559618425,74.1555680754977,,,1.55537088515446,,0.1052261664023106,0.4672420330198093,,1.047552523181008,3.013360652729056,,237.9806685597894,127.8859446355445,118.20711549932795,0.1048749620707098,0.2073319968259451,0.2695441447819177,4,1D
DO-20-1175,28,938,26.242731110754683,30.080846934566488,31.33022677647065,133.9538243029093,84.58774349831359,67.75057486933483,554.8412186398663,408.63693968440975,,29234.81336675768,19465.05671696505,,16.054208557210448,13.262165891226363,,163.60131612087875,150.0347238934147,,,1.3587288821638392,,0.3387580642617645,0.2129874438191723,,1.783591708073936,0.8633819594829797,,253.1691685597894,200.25644463554457,205.469115499328,0.1238488596378869,0.2435734027636816,0.2315963496475635,2,20
DO-40-2171,28,938,24.686815340166643,20.60629802807374,19.331859295031837,160.86883736499902,98.04525002935844,87.93683466590208,467.1057293046711,552.2600207800986,,12365.030570640838,16903.682641414824,,16.914414116064442,16.07264265232035,,99.58763530273464,262.69539552050543,,,1.2377114500030202,,0.4454370854627957,0.2708008896639781,,1.1965554392748767,0.0234345820054886,,143.86816855978938,98.99694463554448,155.13761549932798,0.0859010645035327,0.2073319968259451,0.3074919399162719,1,40
DO-AL-0173,28,938,23.63318964032936,46.14751844871585,32.550028418789665,146.450080367451,174.94528734961466,101.39434119694693,535.2936353942806,494.0720832216537,,21761.754407869237,16460.324338424733,,16.43705316690237,15.273488619792891,,177.31330357142477,142.03606454726292,,,1.359069143549879,,0.785319170735982,-0.5444467731346924,,1.7910750422236046,-0.7921282101694522,,176.6291685597894,168.09194463554448,112.54861549932798,0.1048749620707098,0.2245995051965045,0.2126224520803864,5,AL
DO-40-2147,27,1000,30.602280622978306,22.7357870375331,23.3864701309716,154.45116799730263,63.59381589649638,62.578015614577055,553.8219433047451,461.5076347194238,,18450.065260108724,19167.305926928213,,15.303881430613496,14.97568580833948,,269.81497896092725,256.81409829251805,,1.7607541370164468,1.3889237702025254,,1.0098406052752475,-0.1165660312956188,,3.6024108152859338,0.602021863485418,,179.2718758093853,174.60185676651787,128.50442150561182,0.1256426372171119,0.2187529682384686,0.1420793758676609,1,40
DO-1D-3143,27,1020,31.335523204809284,47.60951123154008,50.68114068046731,152.69790686625578,115.08140521190406,118.68498344736128,508.8304338258458,487.2399480800348,,17127.417485674738,18897.48294683172,,16.80495767338378,16.493073710172386,,135.45955238641105,100.30353767852404,,1.5991230003267431,1.71397847189002,,-0.1005087109632544,0.1148491836588028,,-0.0893659276289486,0.1732661738947582,,244.1079741195097,162.2732265528807,169.94665729051073,0.1273377647303303,0.19466508723101,0.2249041968934594,4,1D
DO-AL-0136,27,1020,29.367848131590044,47.64143805081951,40.05758425914276,165.1134505144775,179.72653223698907,123.4912357798773,523.4858922473023,517.7451514883687,,21746.092348808783,22855.896218245605,,15.13455934653999,18.116142721315818,,102.77400296234951,156.13214879348826,,1.6440625871403245,1.577676386065091,,0.1810919688328018,-0.0705643934159239,,1.321736814102637,0.5737555130758537,,163.69597411950969,235.71467648161016,171.73315729051075,0.2112661068702375,0.3068692319895957,0.3574899139889022,5,AL
DO-AL-0163,28,936,25.816709805146708,36.76261084107337,35.24871190588714,160.86883736499902,166.29403315108584,157.14686825413267,555.5310738555061,513.1537712801033,,24479.872965174887,31749.06549809192,,15.671485201054304,14.79435873177231,,223.8769276222372,185.7430245458784,,,1.3982237930968504,,0.5674525069799622,0.2105744978539675,,2.3273085200688133,2.254570125396856,,185.8616685597894,154.68994463554452,156.32861549932798,0.0518390241796809,0.1525896697382985,0.2354821044580658,5,AL
DO-20-1040,23,1408,24.210782356051617,25.539269669371876,24.603722020903003,213.63183098537544,86.60867859575778,169.54789019109157,459.5764935191736,449.0769956193437,460.1111237019626,13492.764661308667,14635.19801193856,14384.150209444366,16.401616093460202,16.172574921950897,15.810590252666543,243.8934601214936,280.51743910586225,278.0900810875539,1.6825647522708582,,1.300390876480529,0.6238914970561795,1.384998732592914,0.5833333092727949,3.562980316312923,2.634261680674652,1.864331468379261,189.97524363864423,170.27094932129611,143.32116984627964,0.1287920611207818,0.1267346428185575,0.211813654131532,2,20
DO-1D-3123,26,1092,24.307508991009367,30.24269974180496,42.870587906688016,167.37067520246407,123.278543660886,97.6798258149438,479.517031276524,517.3969763526919,451.0409037123401,20794.54528093156,17789.65220388679,22370.699109425444,13.350501404745025,15.431257748217266,15.103947660116471,276.9908565446176,102.4469834365288,159.17173798815577,1.448145002418424,1.672889698167608,1.0793056972716202,0.6934597962103352,0.3411537476222973,0.4101552756162101,2.20967262966737,1.0293014964622662,1.282091895990387,205.62729476815923,231.90051843369977,128.8342222734031,0.0329082581862474,0.2103214005664779,0.1852627931627734,4,1D
DO-2D-4177,28,910,30.16627845739224,34.63889323212429,34.14709764070069,120.05718881547855,116.1189056205143,90.37393157649775,519.7657166842541,486.6001589600359,,18429.58095471936,18583.61526879444,,15.51151331828411,13.673931212782763,,51.6270634572908,38.83564427635879,,1.2329273934674885,1.3859385713923729,,2.040846844288452,1.2973055173759538,,3.489594641467772,4.0305434542320295,,198.39404342006185,106.69035811694468,91.78972256467482,0.0912064718694615,0.0836703428731506,0.1630232459267843,3,2D
DO-AL-0119,26,1092,20.8612918911704,34.76486386859925,36.00042110134085,143.27905904841688,193.621488769809,191.88237153225768,466.2528822562005,459.0790808836294,534.4812348128635,16138.429539430525,21027.08954632316,22294.267126650346,16.797464142807858,15.60293062881393,11.83762447444575,39.5288585589066,61.38146313474539,133.46176151838202,1.4115350791603751,1.2948258894737914,1.1807277548434978,0.3554849987607099,0.273179096804018,0.0240195156627553,1.982909275605136,1.216840968920885,0.8309141812552782,156.48629476815924,186.6310184336997,172.01822227340307,0.0758955902687083,0.1776001225863785,0.2860209786468192,5,AL
DO-20-1171,28,930,30.09459958109309,36.985529679779,26.70599930491627,165.675089697515,128.8052649574609,110.04559539547571,503.65743722273874,364.113135586177,,19374.613943700027,20003.23613012069,,16.820026781011396,14.31538771364957,,100.4690405673231,175.74470036318849,,,1.563313656971646,,0.2849402849892996,0.1146052088890809,,0.9467448780306392,0.5011228872463804,,228.4501685597894,183.28094463554453,137.565615499328,0.1048749620707098,0.2435734027636816,0.2885180423490947,2,20
DO-40-2136,27,1014,23.625440282387792,23.101325847282357,22.66894575720337,139.15968791889105,75.9114818546432,68.69995918919476,528.5820163238998,512.7334433901068,,19620.643205725835,17111.454089064628,,17.269392890176427,17.52171972830335,,144.48129812442698,190.1264510146337,,1.3673513748908448,1.2480348067065703,,-0.092325609729599,-0.2813700442561576,,0.1948944464058697,-0.1519227858183521,,205.9864741195097,140.4121764816102,161.90515729051074,,0.1550780514521788,0.2436465285858396,1,40
DO-AL-0147,27,993,27.43344809603191,48.44597547853047,51.63874881783962,132.34240726772896,206.8201354054736,156.1527125157517,514.7794909549563,538.1065883991387,,24474.565047890337,26565.36831089511,,16.43458597110122,15.935567353316408,,87.55981243075311,26.566975685432883,,1.1384443860439146,1.364421506356707,,0.0693563750309133,0.8634702144557302,,2.285488797449972,2.7924489125289407,,266.5338758093852,199.02335676651788,153.5214215056118,0.1256426372171119,0.1997790706712915,0.3128444539722545,5,AL
DO-2D-4133,27,1011,30.733032914737148,35.11357134326323,32.206054243934375,112.32538727312128,112.19765381239444,144.63874604294776,506.9420109876081,441.0459295104973,,19155.283500897764,16609.147017085234,,15.505566163718512,15.839732984222984,,80.89726898944666,206.5714404202557,,1.8231777223476515,1.1441205410199544,,-0.1164560588445611,0.0791888632178277,,1.2363160747709443,1.5248297303611231,,214.62397411950968,164.95422655288067,209.5566572905108,0.1273377647303303,0.2326128823653641,0.2438780944606366,3,2D
DO-20-1174,28,923,25.76626516503948,30.509086441285355,29.27534558088367,185.8613494940823,151.87527615353778,135.9993579910622,461.2725452089966,485.8642798793183,,15178.469269902227,27664.15534508894,,15.575822485221313,15.561047186638682,,206.1656104986153,171.17403787967322,,,1.2151310917557705,,0.537704711662575,0.5661903959728553,,1.5838043566651665,1.888879485690992,,148.3356685597894,130.5659446355445,101.23111549932798,0.1997444499065953,0.2056256076293274,0.2695441447819177,2,20
DO-AL-0161,28,923,19.38900679797969,30.475486186621957,29.82926751182716,144.52757943444456,170.13903501709865,141.7668607900814,549.3846185027248,551.9527626898262,,23084.068264756446,20567.203147616005,,16.054208557210448,15.65691403432512,,218.4492659230628,236.87731108020623,,,1.412610388511579,,-0.092580111970321,0.607652441920916,,0.2188372477926472,3.607323188923405,,227.8541685597894,157.37044463554452,190.876115499328,0.070812921746858,0.1715635673054756,0.1406126166221804,5,AL
DO-2D-4128,26,1082,24.940685141426915,28.71641711655229,26.65919285415113,153.91316867141924,143.46480345745326,129.40109120954946,445.1726123486709,560.5136514102204,516.0619858902995,16309.317812044075,19285.767862663783,30042.815120040363,16.018755688392673,15.523777554301628,14.468313568722866,260.4222050418746,92.448659253839,126.60576779310895,1.5660071134731957,1.3187372040300611,1.2063551437491256,0.1997545864887329,0.133196936453658,0.132597370488996,0.3011957443467712,0.3974053360208862,0.5680931520441906,171.97279476815925,122.00351843369972,134.4927222734031,0.1358728460422183,0.1994426030193863,0.2692534834515673,3,2D
DO-1D-3154,27,983,20.716315939750256,28.016404411161304,26.763195357938173,153.98590012701555,140.82578151678138,146.2068062003557,512.1041110487006,485.5807262579964,,23440.22454168748,22310.191235504244,,15.963333409721692,15.930564009993365,,276.8244552507111,236.3126111662349,,1.2376272777393356,1.6195859000695028,,0.83674475878584,1.6118993505196384,,4.025218177285624,4.389532579936936,,99.45537580938527,140.05435676651788,105.8699215056118,0.102279706277191,0.1876431728742484,0.1961956503912471,4,1D
DO-20-1147,27,983,22.12106339282456,28.724923305607128,30.593547002812823,150.60616613128985,119.34634295368214,155.8193108653877,492.0673262789917,528.635135382614,,24023.22381729145,23071.678254938903,,14.738894618647674,14.87973501679565,,269.81497896092725,238.81711476367644,,1.5864846936387886,1.5609443379985362,,0.34421264154762,0.5715934809979459,,1.523504595185647,1.863008869253605,,206.96937580938527,175.7933567665179,163.05192150561183,0.1066687396499348,0.1238834804025831,0.0851576831661296,2,20
DO-1D-3116,26,1080,20.44283848497453,25.13655511292165,27.016265800173304,199.0919405970698,193.4498277156198,133.2460930755623,469.1024096919477,600.5788593421019,530.6906064448272,17688.375551029003,18492.534104466555,21502.18671980074,16.479336224135707,16.356761396065018,11.928274707353626,276.9908565446176,262.99150317000505,152.88707707332216,1.627118691050391,1.529415393568088,1.3898792765676091,0.7029623630820102,0.5838212866531158,0.2533038468156582,1.4427799671533674,0.921500488342414,0.6177663302512005,163.93179476815925,125.57801843369973,162.48772227340308,0.0898299508877786,0.1723736054321237,0.1852627931627734,4,1D
DO-AL-0140,27,1002,26.954690492007064,40.86089817247439,41.71451029668987,187.2222112440512,172.03652850496348,154.25125070797978,534.1787068157072,444.0538236701577,,23715.66574074565,20201.340511275444,,15.969473009343702,13.961946828757512,,272.45984766285653,285.8246967632361,,1.4807503482826538,1.473547658683932,,0.8138647275446308,0.8764826565511877,,1.321375654380444,1.6060984903701685,,172.33297411950971,190.1481764816102,118.72115729051076,0.097422721467175,0.1550780514521788,0.2436465285858396,5,AL
DO-AL-0142,27,1002,20.517115320778643,32.33863357563694,30.328648038519443,151.65594398343268,174.92027990447306,154.25125070797978,476.6639022178598,506.77466450721033,,16614.911915815075,17984.385280400624,,15.59833405114284,14.357009271828442,,161.90694884282922,149.84748787865476,,1.545426199127863,1.5185774776365668,,0.8025159958494588,0.4936713878530703,,3.131992022163305,2.5528217330318097,,225.94097411950972,173.17217648161022,107.99915729051078,0.116396619034352,0.193025846586533,0.2815943237201938,5,AL
DO-40-2114,26,1078,25.94297111956815,28.628912346727,26.061812865449397,133.66655438338486,80.19393372243108,70.76481275285411,498.3138179013318,517.0962320492285,487.5580439746477,15777.238622730198,25215.947564664373,18512.35345591453,16.065795061429235,16.107479748044685,14.01445472607833,192.6460517566705,264.77594365117795,251.4419868741217,1.2784515388919977,1.2360464040278014,1.0326533564067386,0.3921727574060584,0.8534994434120715,0.1213427397347976,0.7458967816195016,1.217956983546186,0.7994081807696006,144.57329476815926,166.3795184336997,101.43422227340308,0.0418335499448564,0.1814858773968809,0.2140111431886131,1,40
DO-AL-0145,27,980,19.304620890942605,27.972375391729404,27.365229556791103,209.2424445879852,226.0451447355377,135.96645271918442,458.6952439619821,486.9587871029431,,15859.95778685924,17761.47181562517,,15.963333409721692,15.07164312333054,,192.6850495516059,256.81409829251805,,1.6542836176562434,1.376959319303812,,0.0834715542006708,2.135574903585892,,1.5279352088157712,4.79135199688811,,186.7173758093853,161.4973567665179,67.45042150561181,0.1295283920276142,0.1467431327802626,0.3926257990514654,5,AL
DO-1D-3190,28,895,33.9679687501402,48.40466096461071,57.16851245676777,122.94094021498816,191.0964420077641,165.35146796374758,524.8946536596744,,,30637.218900365013,,,13.196221407824734,15.774773802531286,,75.33737509052663,120.53623616919543,,1.4792417939530815,1.4868426159004922,,-0.1614791723630095,1.013613710527505,,0.0310093162828795,2.813394786553657,,167.42054342006185,210.63035811694468,160.2887225646748,0.0114251267902508,0.250549666167242,0.4816937497582924,4,1D
DO-20-1181,28,895,27.00834720995353,35.803881009001394,31.875843784359603,191.80386729232177,164.18142894567444,175.9252230952828,532.4893754191086,488.2754502453603,,18207.3540622593,19354.839907463964,,16.868041715158864,16.39745658769763,,144.65070888261016,125.98692194910664,,1.6389409544683256,1.567136486925402,,0.1350909563543173,0.0031117524952942,,0.6607735558783115,0.2941717409007641,,92.66704342006186,165.9573581169447,138.5472225646748,0.0125202829117561,0.2128077492429926,0.3299025692208758,2,20
DO-2D-4130,27,1000,29.69400258360385,42.84136302437945,35.30301567431819,183.45792179435827,149.68642200601934,143.67749557644456,513.0336958929394,511.9240116066968,,22679.882983982632,24333.16193972443,,16.062275078442397,13.60212519443358,,216.5888114688083,198.2871146688842,,1.362887802167074,1.3599233723922883,,1.177738087915598,0.7220876952807617,,2.535258368318971,1.1546299442808547,,167.8654741195097,156.01922655288067,70.47365729051077,0.1122496219736556,0.2175247396086893,0.1908421565696076,3,2D
DO-1D-3110,26,1097,24.87906234839346,30.25321037834341,32.45119226688644,129.79596379849357,129.11037451677447,173.38767831546315,508.489034131872,471.2668245785568,,20582.95721428822,13701.405122228294,,17.148195647731473,14.122614043617771,14.038699072933046,99.997175795936,187.289776036192,94.3764730447243,1.613685736480002,1.7272561902240615,1.3109101640853449,-0.1502311806727319,0.0545382672605607,-0.5775141229250231,-0.658352983931615,0.9210085453671196,-0.7051684328563382,165.26597056364474,137.3212089042588,147.40058211189884,0.0997443160415216,0.0989001742845238,0.1551044322914017,4,1D
DO-20-1071,24,1283,27.201838816753227,33.438548119152536,30.952767624334435,171.00942654289253,144.8003820367039,120.80164972716103,447.2215919344197,491.3963442230615,443.99302877685534,21908.662805717555,24778.54421094353,15996.7367882977,17.244258972700845,16.60304777490376,16.748326145392017,150.95655015211884,161.47157215793447,207.07983469515372,1.8112324195264875,1.5247911809201935,1.3874129167180698,0.5441344708317277,0.0954669712609923,-0.4179340361605107,2.316526053403195,2.404725185271438,-0.8538655183234801,182.629456578251,168.38339098286545,180.725763892625,0.1147607614752815,0.1963506325710921,0.2252038790132692,2,20
DO-40-2024,22,1479,20.88361991434523,19.98082313462314,22.12922430909738,74.70919658793309,143.8517110712217,61.07950837714576,556.2988974341712,442.6608603826826,462.4868381184904,17251.290607423423,12868.629785522917,10912.971858596118,17.86671461358322,17.31509606042967,16.26088300068684,267.15129106660737,245.43162766969172,271.7725189859505,1.832884136666484,1.6637861710840365,1.212403972016071,0.3985215212069628,-0.0032169562758931,-0.0811954417531177,1.060249905265269,0.4742479578487089,0.3305961322674006,183.84957312273045,139.54080983127534,135.69902065109966,,0.1565651576478782,0.1590139152716313,1,40
DO-20-1098,26,1091,19.25590806934437,29.212448737509952,24.683648056460484,168.44265057314638,101.53038051332864,72.45637933262688,406.6780308392191,456.56815187920586,,15454.16433795397,18458.411571325072,,16.793361996319305,15.867801253474944,11.770592254658368,,85.43460179524205,82.09281762027682,,1.2836617622778792,1.0565543759598182,0.381394929659893,-0.1832903882683501,0.8245972445549654,4.3207509126205945,0.5369483719747454,1.1457542283763773,152.1619705636448,163.82770890425883,100.64258211189885,0.1140587263015326,0.1597076217965574,0.1945895224284157,2,20
DO-40-2113,26,1070,22.4280057472326,25.008131612453703,20.697365750779227,135.58905531639127,83.07768512194068,57.30730622180928,393.0496035070231,364.34893321525817,441.7986679117816,14919.116872842093,20234.8860349045,13732.419775721968,16.797464142807858,17.117234283237504,,249.7793328006123,212.2133250907515,275.4379649125773,1.5791621366242548,1.4646404694598203,1.100104263931547,0.6910341213561327,0.9853991981201656,-0.0625704630580422,3.1067869864383093,3.382781351931434,0.0893542963286279,212.77479476815924,192.58751843369973,212.22472227340307,0.1936247304822732,0.1625119798297037,0.195037245621436,1,40
DO-20-1132,27,986,20.71934361975381,29.59907670238471,31.99697278386819,191.067213110064,102.82649491673288,149.44499837546377,501.5093896216266,551.300724435338,,23277.54216550352,30090.090383555147,,16.062275078442397,12.086660973391544,,262.74718988538655,193.55444787727012,,1.5678212614168316,1.5663058845736415,,-0.0232208093895536,0.0356813565112058,,0.998105089127178,0.7772246077977318,,184.8409741195097,218.44167648161024,149.39665729051077,0.097422721467175,0.193025846586533,0.1298031431827771,2,20
DO-20-1191,28,881,27.111072583566056,30.36824170368225,31.58910644351932,144.7025944336648,90.1651430249278,74.03267364594332,542.0976363887148,510.7673096387016,,22206.59137275887,19182.873581549164,,16.964633979264658,16.21352626426064,,227.49396639632567,156.55322730761543,,1.4936207060760769,1.463783718741556,,0.1382035356854246,0.0261159138054909,,0.5961786887807696,1.113625387538506,,165.9315434200618,149.8743581169447,136.7607225646748,0.1643114634491728,0.1558860565414613,0.3109286716536988,2,20
DO-40-2140,27,986,22.283071954497235,22.79240535507308,21.556782894848773,190.18667505988068,66.05763142024071,63.893706856678726,558.2021133891818,611.0357910465076,,20329.62829085886,22075.963080800568,,16.340724505250204,15.559836458730882,,197.44916231908783,106.30253218813792,,1.529956279770841,1.4860307403371176,,0.2664137310644553,0.4117467168722097,,1.9003176080623467,1.6576209134953708,,216.70847411950967,129.38672655288067,148.20515729051075,0.1083638671631532,0.2326128823653641,0.3387475822965218,1,40
DO-AL-0184,28,881,21.97631691316848,35.551299862651774,37.3130338417393,153.35384863219366,172.83268314420326,142.2814567676707,548.1027999923969,437.0814216404213,,23347.217313195477,15848.662481600031,,15.613095715622055,15.20240121962554,,232.6359616902804,178.26387410431337,,1.5454827519690173,1.4453677682977089,,0.3920281891073713,0.1896014768143107,,1.4531810623621049,1.276450121945221,,170.99454342006183,205.2693581169447,127.2302225646748,0.0585631780661958,0.1639811565615468,0.2431281814050758,5,AL
DO-AL-0179,28,877,23.21467081481165,40.24750487319284,39.618739446692736,139.89634210114883,162.25892801266804,51.92391291636967,541.0515761842064,532.2330969681891,,26593.26798075701,25174.74465493141,,15.613095715622055,14.2838489528322,,122.94006208591227,150.55423279800155,,1.3950403473763826,1.398383309587599,,-0.1594004520062721,-0.1576669039950933,,0.5309497156901622,0.5468790798351459,,218.9435434200618,198.71735811694467,97.4482225646748,0.0884158731804645,0.1938338516758155,0.4247720570567613,5,AL
DO-20-1029,22,1464,20.463746755076688,23.66342172953996,25.0655230865494,155.45423577420212,159.23171853527293,74.5370149081906,504.2239421309517,549.5350677367232,524.1956917702819,21973.70424873556,12670.25670682119,14093.559641536873,16.116977110085013,13.757184330731608,15.360338247119603,186.59336479464952,292.5665845309437,259.77452996672275,1.5035328545628843,1.6364022469507968,1.2456136232067407,0.8213712316942424,0.0307048310572472,0.3716150245105828,1.7585744461604074,0.6766209072557282,1.2380421653792844,169.56707312273045,165.15330983127532,129.44452065109965,,0.2433395454636782,0.2837360982217854,2,20
DO-20-1138,27,979,18.86707776881584,30.74880342708752,27.198396971745787,151.65594398343268,112.43899958176488,122.52998531337413,525.4584610343329,547.1352326347208,,26311.695802306207,25675.000481720017,,17.36230572276121,16.531836456423616,,121.6279857068503,113.282188010532,,1.3070287977930948,1.542191524514282,,-0.1609133464228944,0.1196469202912886,,-0.183869648253813,1.037974642781236,,175.9069741195097,166.0246764816102,165.47865729051077,,0.1589638062626812,0.2285583858291649,2,20
DO-2D-4084,24,1238,18.059011254527512,21.33283540160887,23.59372380404472,132.02678697508324,106.24107844951256,125.08368973682066,505.5134497798373,507.9116379300324,495.5469573004752,17400.942184382147,16987.194010235577,24500.70587027481,16.642999989289898,15.604134878408466,14.746217216050884,264.52407644605347,276.862680867029,263.5162108933686,1.5422947900211537,1.5030173760950285,1.328221489152097,0.027971300259902,-0.6809184646533554,-0.1994099399557957,1.2383876850474946,1.198246428411368,1.284742383612432,96.42957724689155,115.03241989414798,110.22533469822145,0.1030784580303809,0.2047531946260225,0.2752297631940034,3,2D
DO-1D-3177,28,871,27.66083541863328,37.47798307758771,41.45945314391758,121.979689748485,147.84017101511998,261.4765146140679,501.1822639177656,429.60902198982296,,20792.8655764016,16348.11716834663,,16.995390950219267,15.679212199474414,,202.17325900807725,84.54226911151218,,1.7515711010381854,1.8116407750030992,,1.3707561493327791,1.97732874049762,,3.207038540233853,3.1642733795354423,,159.9750434200618,232.3713581169447,,0.0532586767351073,0.1026442404403277,0.2199449386283156,4,1D
DO-2D-4039,23,1368,16.252390033363742,25.73416734451666,25.774422351158243,95.20535142919242,133.11108530796616,61.50146381937944,527.0667631363832,527.9907610768603,508.6546492465208,19121.110428436667,16408.934371016363,16017.189044317623,16.512334716709372,16.389133282838547,15.718177836474442,90.91199204427402,219.18969800775463,107.83290357660748,1.3407432174801868,,1.2265725490847326,2.143992664777121,0.8535403211888218,0.1721223872920571,3.6792124847556336,1.7545073757723473,1.0717465776111317,117.75324363864426,152.1894493212961,112.94316984627964,0.1103939907109115,0.291503366979583,0.3006823860738805,3,2D
DO-1D-3124,26,1052,26.99086336148851,27.401662636344657,26.388846837765268,167.37067520246407,167.4960651200333,166.8898594031744,547.3963174066121,569.7925048983726,497.24313148055376,20795.80672717355,29261.71853666425,12261.91279723615,15.282184992770986,13.95176615124543,,86.73703066829155,49.31303206566296,181.16805119007333,1.5311516525436872,1.5266507917485308,,0.3329752083447065,0.486980263755787,,1.748652015444614,0.742804004617552,,303.6107947681593,231.0065184336997,166.65772227340307,0.0139343606190703,0.1723736054321237,0.1852627931627734,4,1D
DO-20-1150,27,953,21.43694981097593,24.19762223947341,23.33083810486391,140.03241099975455,102.0438345566245,86.60927727715715,498.8380538500657,486.598993142908,,18137.00642975775,27499.78289497294,,15.963333409721692,16.031594990533147,,161.261744977438,177.6845040466588,,1.2605409180239548,1.4866971864838745,,1.542064893043339,-0.4731023445621547,,4.426474951402775,-1.0297766575947929,,234.9648758093853,151.07385676651788,163.64742150561182,0.1066687396499348,0.2187529682384686,0.3887400442409631,2,20
DO-AL-0185,28,869,31.738839794428824,45.3208672996572,43.90494410378105,179.30761122778011,167.06518034518405,119.21144557159384,492.49334425791847,417.56524386057777,,18516.09421672516,17337.822814294053,,16.192135047695658,15.110519456826244,,117.51240038673782,22.86134966479179,,1.3690973833709807,1.248237543566867,,0.6605930127527765,0.8096300311360691,,1.4069243503467892,2.4249470512586835,,156.9965434200618,167.14835811694465,120.0822225646748,0.0884158731804645,0.2507555443773467,0.3109286716536988,5,AL
DO-2D-4099,26,1070,33.039878687800204,35.34222134790551,31.19265779910487,153.82722546107365,139.68412964830972,148.3951661863799,542.5695265103691,526.5711958019509,444.5349628403475,31545.131442933456,28167.717271512243,28108.48068655937,15.640930361179077,16.09520062125658,,98.85451017505714,140.72615198537943,58.66817239226072,1.7951035166391074,1.72496257205334,1.216301782426794,0.2868058315501859,0.0050349602638913,-0.0880428219021362,2.4495757139768517,0.7285708622762431,-0.1689203872658851,196.8349705636448,186.76020890425883,143.82658211189883,0.1376921111758757,0.1747957645532321,0.1930522274257559,3,2D
DO-20-1142,27,970,20.338993862319352,30.16757300824072,29.25690477520923,133.39218511987184,146.08276590937697,111.95623018183888,516.2430859050002,586.5510480153939,,13616.2501958539,25093.87051685625,,17.08359346399781,20.3,,216.4692322397936,122.70917938278238,,1.5407507522571475,1.499119405161831,,0.1234444945628399,0.1783493612694957,,0.5446485750138377,1.308727279425386,,176.2044741195097,164.2376764816102,145.22715729051075,,0.1550780514521788,0.2815943237201938,2,20
DO-1D-3072,24,1246,24.136600652892987,33.755528896209626,32.621440091624365,147.69604621442022,150.5678848357231,164.05792071980517,554.4340702220427,546.2429552751653,497.0951912506511,21165.81401841816,16233.927767881276,13636.382115898692,16.493721277750716,15.789968515993776,14.874007367553116,152.1275722357221,106.91012452692225,259.92811966079984,1.6339639898572,1.4693478304305387,1.290187469867443,0.6042498213775077,0.0353589911218329,0.1526992438360067,1.8497214445593464,0.4512126349009316,0.7635071770332608,198.115956578251,294.08339098286547,228.67526389262497,0.1643216270561011,0.1616092823962939,0.168282186311738,4,1D
DO-1D-3182,28,861,16.528441702794307,24.084042491787645,26.57123470275979,121.01843928198176,116.1189056205143,,542.0313388756185,495.09295555692665,,16092.1726659929,20814.49492216904,,16.71701668418638,15.39256981682464,,265.0198681564132,267.3687684521257,,1.8056852981006173,1.4290791506633636,,0.5512950067353141,0.0460608607191791,,3.127549823174056,0.9451126722852468,,207.9245434200618,131.1118581169447,118.89122256467482,0.068346819491782,0.1746540758985337,0.2919547740865217,4,1D
DO-1D-3164,28,881,24.93723047674171,38.79878392886442,38.01596576036115,186.82259996058545,196.09279761268516,111.00684586197892,473.2289022902751,481.0704861643468,,16314.37623427607,22258.92794367808,,16.266411031033652,15.696625179782387,,79.59098693735501,156.71315918399353,,,1.418412060183312,,0.1961812227356606,0.9413819525711424,,1.1262218261569563,2.857903728139846,,117.3626685597894,190.7264446355445,143.224615499328,0.1238488596378869,0.2452797919602993,0.2885180423490947,4,1D
DO-1D-3180,28,857,26.24980585533203,36.20731220963521,31.587734571759484,184.4609700711932,149.76267194812638,,492.8490527139549,357.8025028729926,,26614.368497692947,15151.41644742193,,16.531473742801868,15.679212199474414,,124.18633038309676,115.10857447002098,,1.5694391901005966,1.5422321500493323,,1.2865989866195786,-0.1551348091080532,,3.746021641070862,0.5433462189930977,,229.36754342006185,156.7248581169447,164.4577225646748,0.0873207170589591,0.2126018710328879,0.4247720570567613,4,1D
DO-2D-4139,27,962,29.641917467779766,32.13050743120561,32.83005910860911,124.8216433376629,113.15890427889768,112.91748064834208,521.1168916398514,510.10231343889154,,23558.237485344824,22063.679680427373,,15.505566163718512,14.906974551616308,,268.8657636240151,154.86582107548838,,1.48662961639087,1.3019293790861104,,-0.2243131069964945,0.0141694345676894,,0.1290478572571674,0.5987725656141536,,183.9479741195097,216.17922655288064,169.05265729051078,0.1273377647303303,0.1756911896638329,0.1679825041919282,3,2D
DO-AL-0105,26,1058,24.59796896090305,36.763662446006734,33.178108615200955,146.3338898435727,152.4766552379984,157.0464203849087,492.72886391518,513.445625190856,550.4708333651145,21902.4562761267,19595.74954621286,16283.198069002074,16.70467225385337,16.95274563998812,,37.269273470081714,28.872653561739703,41.24252167385848,,1.192655266581311,0.877395785666091,0.1176241220910631,0.0072790593883058,,2.183568804862557,1.0403090032950577,,157.52247056364476,117.36720890425885,58.35208211189884,0.1330326238687097,0.1786815193637345,0.1566417272940615,5,AL
DO-AL-0181,28,855,24.740471378772973,37.759267556183474,26.614649515363503,184.11386356029612,164.18142894567444,,496.3660098497911,483.2836494086349,,16624.47390190412,21277.226038737117,,16.38520992481958,15.56999075349555,,120.94039724937431,99.13427985845402,,1.324153490391412,1.2788476608908093,,0.2831272587895898,0.0978573424942073,,0.956935856030952,0.7722713874865781,,195.11804342006184,169.8288581169447,,0.0884158731804645,0.2128077492429926,,5,AL
DO-20-1100,26,1057,41.52571766552008,38.5516349772506,33.185264032561214,225.15642809683536,94.80162724780624,68.61137746661407,554.5657887271665,552.8223380194971,393.88705211278415,20527.25815664238,17430.03331216017,18090.960919618068,16.084040695909476,13.339727906237004,,60.40825229287811,91.43359630485594,158.65141421915874,,1.6607511245206106,1.2286478019144522,0.5760896954929906,0.9275226037246324,,3.700611143450712,1.6903749452755477,,142.03597056364478,154.89270890425882,112.85308211189886,0.2050424593269157,0.2506913548219405,0.2096776651850905,2,20
DO-20-1128,26,1036,21.889257501179262,25.34008153102257,25.7846520954122,201.91533750511223,106.14769631801754,82.29981835089254,505.0250311592822,579.017315461592,,21259.55834595189,17650.442967286825,,16.888956738757603,16.612241474953297,,144.93976208497915,142.22505581192297,,1.7216734774436628,1.3172386431623293,,0.6409748270295801,0.0249079458618083,,2.484390359204004,0.5511578903746681,,223.79379476815924,228.3265184336997,206.26822227340307,0.1219384854231479,0.166721325039287,0.2182204883981963,2,20
DO-1D-3084,24,1224,23.99856928112464,36.30327336740543,37.160430886860766,154.13554770465691,,154.88245419841994,421.9835983706829,477.0773849996591,504.2055045241809,10303.24424056404,17255.032152786862,22160.47427185731,17.15417005764413,16.99533710821166,13.77136630969312,120.54820821532024,85.75185577504391,92.1163677615434,1.7135954386891017,1.5036313215293882,1.3507890045252149,1.2327528600985591,1.6045468136190753,0.6386029089646268,2.916974693240107,2.660360407277352,1.548293072978272,174.72957724689158,262.752419894148,134.05083469822142,0.0651306628960267,0.1478315019244913,0.1424124802237638,4,1D
DO-1D-3092,24,1224,22.41087012753501,27.407489779080827,25.40894240083079,133.94928790808964,147.57484850915029,144.3086990668847,544.2747311402726,520.9545473881132,517.9488725641846,16419.88379462023,19266.72810573248,17896.709725811037,14.906692417792035,15.23341418889338,15.366912720527864,147.11518390075315,121.4601564275075,215.80992122167729,1.6415514306441032,1.6014476345462,1.313728640201534,0.0779226076176721,-0.0130739498555679,1.0990550279313769,1.8990592875878392,1.507355489703741,3.469092056157152,155.67957724689157,109.671419894148,109.6293346982214,0.122052355597558,0.1668053994916684,0.199334172925295,4,1D
DO-20-1177,28,850,29.711633886419804,34.78941793317406,33.191715373087895,128.3613365031104,124.77015981904312,,459.0730624137034,465.8177851041081,,13684.32952931296,17953.094646962247,,18.027780710309408,16.48943277853472,,156.07736509139846,209.68717867848127,,1.5200141813789991,1.6825472662397918,,0.0142622243675021,-0.0215885477423189,,0.5136860406417673,0.630951143513525,,270.1695434200618,121.28335811694468,,0.2251189109612064,0.1787457089191408,,2,20
DO-2D-4119,26,1032,30.42006636892995,42.80558456723045,48.50978740920245,179.86693126700573,164.61231372052373,156.31610427163915,600.7331340114704,524.8401000599691,,29782.36693974802,26040.58298273403,,15.282184992770986,14.78379528087883,,131.0153234773464,142.7259465725077,,1.6730001065192657,1.7495412788903653,,-0.1617387386347545,0.1916456590175213,,0.0773857714883373,0.3680955225619771,,188.94879476815925,189.90701843369973,186.61172227340307,0.0898299508877786,0.1913475029993009,0.2611583834314819,3,2D
DO-1D-3142,27,954,30.29734691157153,41.05477663967436,40.535372090149245,153.65915733275898,143.91891920700013,150.40624884196697,602.404522987544,563.9717334761126,,25976.0361820856,26560.067210082227,,16.619241078430186,15.00022159130868,,166.59719055535933,70.30856513045464,,1.64303503121567,1.5906288671038524,,0.4000159730714421,-0.1096996682931379,,1.7136402113379443,0.7907073151063919,,200.0304741195097,169.12322655288065,185.7311572905108,0.0704160720287991,0.19466508723101,0.2438780944606366,4,1D
DO-20-1054,23,1325,26.20517596216486,36.1660656667362,38.09221587210723,166.88313390192965,87.74612123632673,129.79224306195934,498.22766063714266,531.7815320957397,585.849648615872,25993.496232584403,22721.03710030365,22381.6747748988,16.84490407033609,15.419940931302063,15.766540178266606,153.42550908278446,78.30526999476223,118.3261989553496,1.6100410021418063,1.5847674302645591,1.420498200267681,0.0485745548971102,0.1830862975439085,0.0286997169787404,2.1786011555099765,1.4023328642704422,1.7369327934321193,138.5954516473654,150.54405188904008,108.04609838310068,0.1117651380833486,0.2049499781336022,0.2535506614742788,2,20
DO-2D-4142,27,953,38.52187005825861,43.92165782835399,39.62713829286756,,131.4226631424585,114.83998158134848,528.2071085109367,506.4975388984688,,29643.788061946056,26542.946792265146,,16.062275078442397,12.670724691472603,,172.59618506497324,135.4405055205482,,1.8054624282400955,1.7552628722083676,,-0.1518685509542577,-0.2174432894827583,,1.2051032376855189,0.3110767450663194,,206.5824741195097,171.10722655288066,153.86365729051076,0.1273377647303303,0.1377433945294787,0.1869564017591053,3,2D
DO-20-1180,28,847,27.62100901386633,29.314466689059163,31.20824766333634,133.1675888356264,171.87143267770006,,479.40373386063953,503.8858509277724,,21725.29951530245,19896.12881776504,,16.288668486809907,16.029624628795517,,192.64266495952123,253.108472271877,,1.3703422070923463,1.3513130515472311,,0.6439202318604264,1.3812517581896528,,1.7861970022004738,2.3644991473700703,,233.83454342006183,127.53835811694468,,0.1073897707476416,0.1558860565414613,,2,20
DO-1D-3104,26,1047,20.7187260154343,28.30739984423157,28.27688832476412,165.36223105911208,135.8391277822969,143.58891385386386,524.5046451498938,458.9884699560008,514.0202843955645,23309.85062312569,15065.375178823822,17365.13690464263,15.197972684341703,15.556937405638976,,199.980417622834,145.58248087411454,216.35602807353996,1.3611423412679078,1.453901132508841,,0.1829578046524136,-0.1235810770506261,,1.9970928811378568,0.0944406876922765,,180.7529705636448,186.16420890425883,145.31558211189883,0.0617965209071674,0.2127435596875863,0.2879217152616413,4,1D
DO-2D-4097,26,1047,21.83099446240575,32.36992348864592,30.419842097839418,160.55597872659607,161.7928903778834,175.31017924846955,446.4832867517549,443.92871303372056,452.67754947626497,17642.148072231892,16778.313112608186,14023.004401255232,17.503154852947713,13.137292252561394,,78.00086259401841,71.30921551699025,267.4903146078679,1.3789429240558622,1.243274987298476,,1.1981994405909229,0.2502515192442031,,3.232762650019048,2.2392109164276204,,242.1044705636448,154.2972089042588,167.05658211189885,0.141577865986378,0.1786815193637345,0.3297552652064976,3,2D
DO-40-2097,26,1047,33.81877111714585,28.969784560860536,24.01412410031127,136.7213851785407,82.3053711832646,62.84387466759484,551.6238504695874,552.8223380194971,426.6466695404792,22118.4886711394,22380.52710802676,22620.008992583545,16.793361996319305,16.862293173635432,,294.3690381678196,211.41348649713356,135.51243539636232,,1.5064829250494796,,0.4649687054607925,1.5594598018251282,,2.160135057472406,2.7131521829613847,,219.4694705636448,161.14720890425883,144.72008211189885,0.1140587263015326,0.1786815193637345,0.1945895224284157,1,40
DO-40-2108,26,1047,25.794357295091498,19.145566742970367,20.44866796965116,197.08349645371777,107.00161378720084,83.03013446416209,477.6020476095605,550.0097153902071,599.8273187335001,19737.12047182061,18914.1705014735,24739.434885552484,16.615989746678434,13.316398754859655,,299.67799304451233,284.13068740567326,272.9179763070423,1.3822290293463542,1.3813750090602213,,0.1501493099694032,-0.1478075637532807,,1.2153702528792265,0.6334617892184555,,193.5589705636448,154.59470890425882,104.81208211189885,0.2325615990117612,0.2317174572547634,0.2689478176944643,1,40
DO-AL-0102,26,1046,20.78100849977111,45.28425781517583,43.547674681084125,147.29514031007594,137.09664777394715,93.60388959569732,572.00066887481,592.8488310491454,,24893.73796490614,32561.901510892225,,16.17268199523972,16.31973664578578,,66.40724680249198,39.72797696008868,32.3868631120475,,1.2528664326716237,,-0.0587551986689912,-0.033261467522886,,1.467031899720001,1.252743066337488,,154.84197056364474,176.3357089042588,99.45108211189886,0.1291468690582074,0.2317174572547634,0.2286515627522676,5,AL
DO-20-1116,26,1024,28.39301090734125,31.799047581887848,32.61943588839471,175.96157490952578,113.83770005004315,152.47110240562637,449.7381154902974,441.89710245906525,,17088.872389376083,16652.32189296967,,16.5230328101097,16.107479748044685,,223.49802352039904,167.07803306603762,,1.4537568398354597,1.5211733247394288,,0.5927116224361595,0.8190105151834955,,2.2625892672523777,2.119149987817712,,188.05529476815929,189.90701843369973,131.81222227340308,0.1138433854030625,0.2345218152879098,0.2101253883781108,2,20
DO-2D-4083,24,1206,23.172600848556232,28.574556725511684,30.701844764170648,151.25179630514728,145.6523475761439,121.23868787080784,525.8422947489074,533.7065438929847,530.9499430782809,29476.09766262948,23567.5891997507,25157.824458248357,15.825614791360003,15.23341418889338,12.797096689297174,171.39682834442843,205.16041315688216,97.54402946071782,1.5512686914228389,1.4936000190878105,1.4035505054980255,0.9390316872502028,0.5475356047612451,1.1760032318862144,0.6691464093291812,1.458681207320632,2.0731958815074005,206.32957724689155,155.536419894148,170.08733469822144,0.1410262531647351,0.1478315019244913,0.2562558656268263,3,2D
DO-20-1126,26,1022,31.540905497225005,45.60315302451461,39.881393263533504,197.10908517259625,156.13272057618408,110.17608187948542,535.2432872838262,576.638415134385,,25431.810878781933,33357.62277869893,,16.157228345781135,10.164140378172238,,210.92870169073183,33.38615542321395,,1.6546842544062574,1.378735530663466,,0.0741914508168536,-0.0082015271138463,,0.689605412145312,0.3673147818814364,,137.42579476815925,205.09601843369973,134.7907222734031,0.0948694878358854,0.1965740201535556,0.3049948762139963,2,20
DO-1D-3136,27,944,27.12126853233497,45.7727577946771,34.19931777305116,135.39539846919814,141.03516780749052,97.53747318429085,572.9871218200537,555.8512916615379,,21090.68937918982,28316.376121631445,,15.505566163718512,14.16121192605098,,47.474299578740776,40.31359258238523,,1.305324037215629,1.4146244789706752,,1.483430914668774,0.7306000667963995,,2.2322300085188926,2.129264790992698,,168.46097411950967,214.09422655288063,163.99015729051078,0.1083638671631532,0.213638984798187,0.1869564017591053,4,1D
DO-2D-4144,27,944,23.08964331152949,23.243825269263485,24.693092109600784,,138.15141640798092,146.56124697595416,497.4423274085008,494.27238206122126,,14329.766518284938,13953.739198788371,,16.712095404774146,14.906974551616308,,146.6005421899797,182.0041295713608,,1.2461331119721857,1.3192347487265548,,-0.0045363028583279,0.0576914259371112,,0.6980987882310297,0.8455129280922535,,106.81197411950971,190.35172655288065,85.66265729051077,0.1083638671631532,0.19466508723101,0.1679825041919282,3,2D
DO-20-1056,23,1311,27.188447991436504,43.44388619182609,42.96179689254441,185.1468927654905,123.31238849694525,122.10223932993372,574.7313572689189,525.8610374365904,528.3184106940066,17313.13850075608,19738.99456938313,24969.56417196692,17.126197431022682,14.950521078445329,15.942809279420551,132.0005286913063,154.86386659364422,103.75721228914446,1.9863625068322088,1.916749740091201,1.4847091782733286,0.385659365660362,0.1812504159551504,-0.226640213257103,2.196370291833532,0.7116128201513935,1.0357668461633207,195.7249516473654,135.35505188904008,193.91609838310072,0.1497129332177027,0.2618716708351336,0.291498456608633,2,20
DO-20-1065,24,1218,22.33621296970021,33.45367435434071,31.45968827456064,127.7531555502484,149.6066343692199,125.60790205967707,473.652922414449,496.52704397357775,425.7279266233594,15217.800089305963,15802.817027748228,16576.738934710764,16.470049644638276,16.506893202189563,15.717104830393051,90.96660505597995,31.49335778296708,89.09960933941409,1.6668971132305266,1.4205538286286143,1.3626681114932064,0.9498736254761488,1.1097611801778875,0.8108778428063573,1.600827156489922,1.405766377068399,1.5601817297978082,182.033456578251,128.48339098286544,127.41526389262496,0.1945421065544921,0.2192102849487715,0.2480635313909487,2,20
DO-2D-4092,24,1204,27.33201795823133,42.51702964909986,38.84907839481054,151.25179630514728,163.91610643970475,156.80495513142634,598.1541201651985,497.6138681286,469.2747643034226,22164.601187602544,20264.470005676423,15704.0412887294,16.029908338190793,13.658919503390669,13.151313299012426,70.55658730187123,70.32586989317963,71.26272018050466,1.4633528035695345,1.5488732117630692,1.0166088135411735,0.5601622131935259,0.2299477589156345,-0.067788443851866,1.442564871600359,0.8992803324522177,0.682485773852263,219.7295772468916,151.068919894148,133.75333469822144,0.1030784580303809,0.1857792970588455,0.2372819680596492,3,2D
DO-1D-3131,27,937,29.34733150745587,33.18373844333375,28.844838713798808,144.04665266772696,163.14392853706417,148.48374790896057,536.3196937830578,558.0129545932161,,23359.58255720345,31686.268564824983,,16.15508427996265,13.881644387477897,,120.03356650454676,250.2784004188712,,1.545676448549519,1.4875690889780735,,0.829308919049696,0.4719269102430274,,2.9894871231514184,1.185397398391821,,211.04997411950973,213.4987265528807,142.54665729051075,0.1083638671631532,0.1756911896638329,0.3007997871621679,4,1D
DO-1D-3171,28,853,26.9159711331547,42.74351703777993,37.14323968741776,127.22507103738693,143.22402195500896,,585.9751523745404,536.8714331437604,,25208.03970506316,23730.705316413005,,18.397161471159485,16.542830396451365,,89.87497752526454,49.30259082138302,,,1.3618972384181238,,0.3310457896710067,0.8657459529719579,,1.29044510855979,3.7006408914714553,,198.6681685597894,179.70694463554452,81.57511549932799,0.0669271669363556,0.2452797919602993,0.3264658374834488,4,1D
DO-AL-0149,27,916,27.58218517371881,39.139138111309606,38.43960003696786,163.10242219583142,193.3626288744288,188.83522837686056,465.2410465861452,492.3077653911394,,20965.07775333111,15460.3210641182,,17.00034848107733,15.74353443464491,,59.278838314001966,111.69556444090604,,1.6362392069466938,1.5813404154393975,,1.2631303137111345,0.4565106322418061,,4.4379097884478105,3.1009345352778013,,273.08587580938524,167.7518567665179,168.41242150561183,0.1066687396499348,0.1997790706712915,0.2471655777781802,5,AL
DO-AL-0191,28,832,27.44826819374634,41.30524369455341,43.37844321532953,146.62509536667125,146.87892054861678,,461.0279352041772,480.9887242629784,,18587.68921700464,22116.0177503688,,15.130762248097028,15.661904171032582,,172.93168299936136,129.70058521696288,,1.6482101319214704,1.3998527120917164,,0.2901510236546799,0.1452848616030181,,1.321208465476461,-0.1513188182371233,,222.81554342006183,153.1503581169447,,0.1534326659020813,0.2588506443974323,,5,AL
DO-1D-3112,26,1031,26.664848750056112,34.31357919892392,29.114744598803856,284.5572889055092,192.55290530598583,178.19393064797916,511.1813112792117,544.469701452178,,18758.465980849505,26675.22026371076,,15.020830220893076,14.5706878646644,,49.71988847726727,63.88188898127783,,1.4829411731379007,1.5571400715749557,,0.2587907023064358,0.8216152858884341,,2.8984210632105625,2.3650955426044384,,202.3664705636448,196.58820890425883,172.41758211189887,0.1457872111959613,0.2587864548420261,0.3149907128489038,4,1D
DO-40-2039,23,1325,26.89847690731218,22.016315605131368,24.58493693570861,182.87181605727292,66.42241879919054,74.3840940072745,494.9876296496079,519.9925981054066,519.6251362276791,17976.156114172445,16698.571525322375,18968.59726574793,16.49352959314215,16.802134953038095,16.73510564629396,125.34190195531446,263.9487876031191,278.0900810875539,1.4034062009085877,,1.176366679985832,0.2562059284319334,0.3939339083250804,0.4571195963850207,0.4554720905169354,1.6475316899264552,0.4620283724099709,174.80524363864427,189.3314493212961,178.46416984627962,0.063775268399165,0.0996656452312949,0.1088490662755611,1,40
DO-2D-4124,26,1009,23.004449108183948,34.60066377928842,33.65075914797775,90.47063788220784,102.13103339781554,68.84231181984771,639.8892481280963,457.8427021418504,,20995.631655135963,12086.603934338378,,17.58552754713244,16.819785841413534,,26.175752761713333,53.3123617387389,,1.4527739761583007,1.415813174215079,,0.2099420637617946,0.1675190117704656,,0.1317293091285007,0.3691528006909182,,191.03379476815925,154.7640184336997,141.64022227340308,0.1467516435893099,0.2103214005664779,0.2991061785658361,3,2D
DO-1D-3181,28,822,30.65142715524812,45.57792108837311,33.0503708285199,152.73970467658745,143.99516914910717,,544.2547696059185,594.6285341011534,,23844.69340916314,27032.18001769285,,16.43871386276205,14.819467529534316,,45.05673613723751,33.693648982404014,,1.5251430602274176,1.6468386820943168,,1.5799518003044026,0.4541533403465634,,2.049560348324247,1.5880475767020263,,196.90504342006184,170.42435811694472,,0.1252685121933133,0.250549666167242,,4,1D
DO-2D-4137,27,923,33.77065503797838,36.340615467629405,35.0801098592655,124.8216433376629,117.00390614491046,102.34372551680686,610.805224290387,502.9433582926195,,27125.21637565477,27399.19327295485,,15.59833405114284,13.788466029255574,,127.17522663503952,271.7033808103493,,1.7016987808510622,1.7715203357767186,,-0.3996482688163692,0.0611603546299475,,0.9845535994288148,-0.1713633410767405,,223.8559741195097,189.07722655288063,176.20065729051075,0.0743018268393014,0.2175247396086893,0.2098160541367847,3,2D
DO-40-2191,28,818,33.375719938685855,28.128745944007107,24.39371618759501,159.46845794210986,93.04889442443744,,482.1726107528641,472.1757862074735,,14789.332712816236,17495.49297638231,,16.624241309054735,16.443913865308964,,120.1870007100209,226.8041389109271,,1.8574578768240764,1.7237759533860555,,0.0817119088082257,0.3066586597541606,,1.4412830978447717,2.1895496756295985,,181.41804342006185,143.32235811694468,,0.1062946146261362,0.1746540758985337,,1,40
DO-AL-0153,27,902,18.518169487029624,35.30208759502128,33.08417613917742,159.25742032981864,171.2538681448551,135.63305106882046,466.237509207221,514.7096806548487,,16443.632151652186,24094.2617096761,,15.680669678578798,14.87973501679565,,145.55009269035398,0.0,,1.742262990871065,1.6096301603009595,,-0.5117848214889616,-0.8636303171850634,,0.1067297464099324,-6.656427061634875,,257.30137580938526,263.6508567665179,168.4124215056118,0.1105544944604372,0.1657170303474396,0.3546780039171112,5,AL
DO-40-2101,26,1018,32.854938682742954,33.24212101859569,31.715651548839546,188.6289103697136,75.57661791774218,79.18513259814928,364.98657433587687,448.06310942008656,,14553.86817184075,26867.12017809645,,16.97076364540187,13.790862276652984,,223.5237696733318,224.2684747320204,,,1.4883214119761456,,-0.1253502981109025,0.3732169515329853,,1.372158258680551,0.9271138756189918,,265.33397056364475,191.2272089042588,184.92658211189885,0.0911990739238532,0.1558218669860551,0.1527559724835592,1,40
DO-AL-0115,26,997,23.07065778213868,41.82693542893422,42.18250948288497,124.05404971835286,156.13272057618408,150.54860147261994,435.9575676774592,432.0750784245806,,13414.91660917851,17146.053256126757,,16.5230328101097,14.796055794012936,,130.08510901355424,104.23142391770168,,1.542194761881751,1.7645384608887322,,0.5066217182541863,0.3794133374981338,,1.293396979865775,1.707854432276957,,180.01429476815926,271.51051843369964,188.39822227340304,0.0987552426463877,0.2004597749640579,0.1570894504870818,5,AL
DO-1D-3074,24,1199,23.817044500098664,36.32489568327644,36.41375213646543,147.69604621442022,140.9553801706911,135.2204067247091,522.0580270812488,529.1699578991528,535.7264851176423,14962.231136589488,17605.194351623406,13872.62277819338,15.819383624958231,15.97037210828438,14.967659264616476,145.55724491566886,86.91347616154263,143.94755914159816,1.602672639926423,1.5420180186537162,1.4403546723342266,0.063507629031045,0.0703827117488004,0.119239341515755,0.0310682418040782,0.4803071946148355,0.7343151016432911,209.13545657825097,149.08339098286544,143.200263892625,0.1112856891650721,0.2224167299083276,0.2670374289581257,4,1D
DO-40-2134,27,919,20.164025774816405,23.779262676797323,24.03085340907253,140.12093838539425,80.71773418715921,72.54496105520757,523.097822933674,452.7774003275654,,20814.418212239416,27185.121335482367,,16.990706565411344,14.55457851746333,,216.18356583457395,206.1237697069373,,1.571342474181513,1.432441408648393,,1.3932286045247986,0.4986625952454471,,3.165950419208477,2.937503897952979,,314.6919741195097,145.4746764816102,150.29015729051076,,0.174051949019356,0.1867248358843084,1,40
DO-20-1149,27,895,26.77940733847444,26.409487158625957,22.28851739966666,157.3349193968122,88.58632802557966,105.8342866072212,452.3977459361763,452.5333405238164,,15579.529366116849,17791.189662680972,,16.340320309283292,16.22367318273183,,191.8280503359468,256.81409829251805,,1.4943417451594092,1.6266418828122997,,0.8023038830786027,0.1618342664108623,,2.2428645757885093,1.8560241303289424,,117.02687580938527,132.9063567665179,118.0804215056118,0.1256426372171119,0.1428573779697602,0.2748966588379005,2,20
DO-2D-4062,23,1287,32.00385527812295,39.351507580144336,33.42872955812567,208.2169039615673,132.1969454243258,141.13640046905385,484.5923080346875,482.0128452260961,430.67383694092496,21953.8596963611,24331.664367424448,23266.77689318697,15.26056427368546,12.230692875041504,10.83922980801906,39.44461340012071,65.38492496169914,176.88781202538985,1.609759569983742,1.4947403155528698,1.4544492803499218,-0.2206836953700149,-0.2393796923657553,0.113046872882712,1.076079876286431,0.6321043625823926,0.7537269868169392,198.2829516473654,212.49105188904008,126.0125983831007,0.1147901601183331,0.2948057453697313,0.2156028663399247,3,2D
DO-40-2132,27,916,28.971711046703973,31.220904497986737,26.85780091405604,292.9597625594035,83.60148558666882,71.58371058870436,505.466520544049,482.4461543650633,,27840.92254783443,27111.56273567525,,16.062275078442397,15.542831742491614,,181.90359720820888,205.26677049127812,,1.812024173783456,1.788072591002448,,0.1903512427171346,0.3717367507173094,,0.7601682069241974,0.2552513167023658,,204.1994741195097,214.8671764816102,147.90765729051077,,0.174051949019356,0.2626204261530168,1,40
DO-2D-4191,28,810,35.11216903046146,42.24055908630798,39.23783119607548,143.12720001155543,119.0026570200239,,490.1228727500488,558.0728584390488,,18394.84545539426,29515.304826793898,,15.51151331828411,14.246593335492342,,134.18465456578664,127.1065634892488,,1.845261049668554,1.7750236691819803,,0.1957969968135328,0.3328025616762418,,0.6690255434895493,1.4260139327072845,,205.83954342006183,171.9133581169447,,0.1333636122133988,0.1827491759186192,,3,2D
DO-2D-4112,26,1011,25.36361904013454,39.73514009947836,27.90409865844777,140.36971893002882,134.87787731579368,118.5964017247806,626.6976335282963,511.98722889866985,,28940.33288927276,21928.510807349536,,16.084040695909476,15.377566648665546,,132.84881239620248,135.0128238809853,,1.5800497782505976,1.6456560361930754,,-0.1718191066998272,-0.1611999612244561,,0.7346894587158319,0.4837183366201473,,199.2179705636447,163.82770890425883,172.71558211189884,0.1187182136086987,0.2886391499562947,0.1930522274257559,3,2D
DO-20-1172,28,825,24.635727217224925,26.665390752701303,27.60337051341692,155.1013345659798,153.79777708654422,,494.7725351445098,597.1648095273257,,15128.113555137665,19788.41039132483,,15.958516632951362,15.65691403432512,,211.87893860300943,166.60337539615784,,,1.3110699430794788,,0.1918500726523911,0.2800605015045008,,0.9097126263279196,0.3426052797369125,,172.4591685597894,143.67094463554452,,0.0859010645035327,0.2625473003308586,,2,20
DO-2D-4079,24,1189,35.787897415374246,54.05974089305256,38.645739371125686,199.6035714055932,144.8003820367039,,575.9498013182132,512.7928256970123,551.1116686371942,35899.32687574624,29564.26430054861,36843.24658975417,14.471764463102662,14.167424383228576,10.5716776131942,103.278616943152,40.63551851594981,15.397676792729223,1.3424276679543412,1.2939100119386395,1.080085484693384,0.1877026856377859,0.28969292980792,0.014001326654597,0.8251220907490323,1.0136360519678642,0.2622779993865513,222.23945657825092,191.93339098286543,159.878263892625,0.145347729488924,0.180583179963471,0.3010994692819776,3,2D
DO-2D-4147,27,888,21.838330234616716,27.059140355520675,24.115588825491496,136.68339172995792,119.67827125371092,90.45427914316991,553.8131903262239,617.1950214445683,,17315.45153272039,25953.8626677218,,17.47205336729347,16.30402742910816,,20.29602336341267,68.34076489704609,,1.536557300107828,1.3590198584974589,,-0.0981086176796086,0.0887072577039041,,0.908431719598367,-0.3116557345511873,,205.4803758093853,146.30885676651786,141.01242150561183,0.1363417466010428,0.1647835204965689,0.2871793834166303,3,2D
DO-40-2143,27,909,27.14968801482658,27.042893023757717,25.71598513244261,148.85290500024297,101.62389868085924,78.31246385422676,516.5848566782214,566.1502846094028,,17738.730893417887,21873.131899079293,,16.897828015167914,16.21302641921236,,270.0084292448938,235.4237473474464,,1.4917332084518882,1.5773543854589616,,0.0433575987569957,0.2265784155590358,,0.39574881508357,0.929224853045688,,165.1854741195097,175.97322655288067,192.2831572905108,0.1083638671631532,0.213638984798187,0.3387475822965218,1,40
DO-AL-0112,26,1007,27.899275664711663,61.41533279462887,62.996412904017895,185.745158970204,178.43041783358487,158.0076708514119,522.6941782368156,509.8151485733411,,22356.744892405608,21853.862695495427,,15.463729522712196,15.416030102341466,,62.40791712941607,28.30132075130032,,,1.2117180870531197,,-0.4606644144921245,-0.136099080871184,,2.1904361359658338,-0.0747270767659937,,198.9199705636448,179.3142089042588,161.69608211189885,0.0803202763767616,0.2208386597076718,0.2557205603395302,5,AL
DO-AL-0133,27,909,20.66731604413984,35.66916717060775,28.57468225761532,175.68720564601276,154.73402010790582,107.14997784932284,482.5654064839782,545.2895535058058,,16751.695914181382,20350.37883136268,,15.783889861563594,17.12565103023219,,186.7599260969439,212.97976343221035,,1.6233857261171891,1.4681355580453666,,0.6479963278540335,0.6635844749963927,,2.557023855197362,2.6893513098766944,,224.45147411950973,113.31017648161018,110.08415729051076,0.1353705166015291,0.2309736417208872,0.338516016421725,5,AL
DO-20-1064,23,1277,24.2153154974144,29.933931757354102,28.26752782227433,195.5387693817782,169.45241088909896,126.90849166244972,473.1993836722729,449.9471268540817,537.9266716636129,8522.687991404791,11703.750883383516,20603.250596767157,14.877759899213745,14.293592676456186,13.12514956386716,112.0038803259267,197.4281609713808,283.44138117234127,1.5323712114790418,1.381841966272202,1.1036688467465852,0.1605688385145212,-0.1073199814700837,0.0860140782343382,1.8209552344436155,0.419688500453293,1.878905755326047,,118.67705188904009,131.37359838310067,0.0819124429690799,0.1940711805865106,0.2995935566287186,2,20
DO-1D-3118,26,982,25.27179093460091,29.20137885350458,28.768656151976,160.64192193694166,138.65855112493725,159.19985567114878,472.3089254615669,585.7878723704299,,24071.893577368,24844.447452773253,,15.834573045460344,14.41394839879798,,131.58665628778587,132.15628957937852,,1.431421462559885,1.4254260496079594,,1.0095434267403955,1.3817078738427622,,2.1692203185955505,1.7553238057875291,,201.75529476815925,152.97751843369971,119.89922227340308,0.1467516435893099,0.1913475029993009,0.2232105882971276,4,1D
DO-2D-4123,26,982,23.98849598520418,30.75124192723276,29.415693727601493,152.95191820491604,143.46480345745326,127.47859027654307,466.82006484806334,452.3981059954811,,18819.88204815859,21828.61871302765,,15.190142708847208,14.41394839879798,,157.5822991627793,87.87799677032366,,1.2237300804679714,1.2935533359984013,,0.0844730897084738,0.0821431302766862,,0.7924276122468287,1.2409124863351864,,243.74829476815927,195.8635184336997,127.04722227340308,0.1088038484549557,0.1723736054321237,0.3370539737001902,3,2D
DO-1D-3191,28,799,21.59524737836692,27.791976237661267,27.03748200719727,167.1584616741355,180.52268687622887,,477.01134760759976,532.2330969681891,,16683.72753395971,22827.61075909922,,15.975025718014235,15.488110304906606,,236.1675612292226,178.812182834016,,1.5812214679556915,1.43941103802658,,0.6125888587643379,0.5576068082059612,,1.996052797591694,2.540947097168701,,182.6095434200618,156.42685811694471,,0.1632163073276675,0.2884974613015963,,4,1D
DO-20-1045,23,1294,27.32706505914409,33.77790989687029,35.23287395468476,171.33681045923453,164.4699663825172,149.3616303945243,455.87475739026746,465.64847402465927,445.93380840946816,22958.4397614437,28512.57135966422,21218.80759214088,16.125919462472126,15.633219343089028,16.365211159166055,175.04785646354378,129.3999107446363,153.8251948169806,1.4215373814590488,,1.304430984722914,0.2369913923259922,0.0686767417325658,0.1369481352654587,2.13423767874081,0.7443139600917483,1.0179584291305954,179.14674363864427,153.8904493212961,126.34516984627962,0.1017230635335192,0.2704307233358886,0.2606402468129778,2,20
DO-2D-4136,27,902,23.855760631583102,33.08784672934505,34.095683026302375,193.0704264593903,136.2289154749745,155.21250117448298,506.9420109876081,504.71419178907695,,12687.749773260944,26105.17411677617,,14.949093616555814,12.298298843104345,,88.6102619303788,92.59054473759193,,1.2989453580172865,1.433286777400825,,1.947279251571306,-0.2357481076228526,,4.246556570152407,1.6284423901357843,,187.2239741195097,183.12072655288063,197.0486572905108,0.0893899695959762,0.1756911896638329,0.2059302993262824,3,2D
DO-2D-4183,28,797,25.093377130212232,29.92791354426064,27.21838244016377,170.04221307364512,128.61516168505594,,498.37241434969343,538.2876401723864,,21904.202107399666,16160.402776339972,,15.696897980052182,15.679212199474414,,195.88859809324373,141.10421734501446,,1.6638814386135532,1.3699960658489987,,-0.0522274540530161,-0.0962222888417424,,0.438552276417302,0.2535218396096531,,185.58754342006185,218.37385811694472,,0.0764419195118675,0.144801380784265,,3,2D
DO-AL-0150,27,881,23.38866012237156,29.199098364778106,33.82849984178195,131.38115680122576,191.4401279414224,162.8814657812741,543.4633892151926,493.9698771705085,,26736.55239753276,17766.04253607364,,15.963333409721692,14.87973501679565,,269.81497896092725,256.81409829251805,,1.599562308141797,1.5273171322189063,,3.098510253440307,0.5180594127727283,,6.806897715510168,5.304001791109252,,160.5088758093853,103.12435676651786,121.0589215056118,0.1256426372171119,0.1618312755369373,0.4266878393753171,5,AL
DO-1D-3183,28,794,21.651251997657795,24.787749937432807,,100.83217948541451,102.66139908946946,,471.96289808705785,540.3363998973224,,13796.576965398188,31581.076434144143,,16.253216689409577,14.91496826987736,,68.1957149600339,197.6661655785168,,1.2714762674002034,1.3501448953760051,,0.1138898787963346,0.123949390248968,,1.3238731455957244,1.511164746728514,,212.09404342006184,138.5573581169447,,0.1252685121933133,0.250549666167242,,4,1D
DO-1D-3137,27,897,25.58790635459948,37.1498716680008,34.896095807479384,179.61291992834546,141.03516780749052,,453.4191862749896,431.5778867969399,,18771.333226536743,11251.353552106344,,16.433555749544386,14.813733616329545,,215.16047944270977,145.438829703238,,1.4809387639499172,1.4578140470077934,,0.35396353779833,0.4107521649205949,,1.1479518622507037,0.8837249599297258,,201.8174741195097,140.53222655288067,125.86865729051075,0.1122496219736556,0.1606030469071581,0.1528943614352535,4,1D
DO-40-2154,27,876,24.64886174224013,21.61479723581723,17.677193821722728,131.8771393974419,103.33701332315648,85.64802681065392,452.1093678952457,528.0684282890206,,23370.919043554342,13286.340852963833,,16.62314085234674,14.531036396045018,,276.8244552507111,231.74194868271948,,1.3399402982501984,1.3200332443453309,,-0.1993283506012283,-0.5275306204883454,,-0.8002470039103899,-2.073923361432641,,157.82837580938525,130.8218567665179,61.79242150561181,0.1363417466010428,0.1837574180637461,0.3630749736853386,1,40
DO-20-1025,22,1379,19.1894584871356,25.75258705320148,28.403149623216144,141.0354787766541,151.54171480324732,92.80077377175148,577.3034237524957,542.8625947212976,470.0183559306092,20131.52217475978,22048.10509083444,20543.20890352467,15.01325446917852,15.628542492301058,15.560404100626911,209.16101080700653,130.30806636614918,101.80100788022386,1.4449868791564189,1.4567150517894725,1.2184227463426596,-0.4633109482486183,1.905850674272244,1.141363286698573,0.1127916853102314,3.500943035842254,3.987922247480387,170.63357312273044,152.64530983127534,145.82452065109965,,0.1713297100054721,0.2117262627635794,2,20
DO-20-1067,24,1183,25.15240053635684,33.84505817164449,31.32270222218166,136.4044097487772,115.0016175751046,89.08038433255535,527.775841157976,481.21387842652587,467.7742473713274,22338.96318777941,22058.65010529715,20793.294207356448,16.373312221116045,16.314608597069476,14.593088162976471,163.525871981786,153.75857921700234,224.2198190083363,1.5208819434618026,1.515052106075955,1.2835349336364248,0.9119085357121782,1.087010628784657,0.2745802334044023,3.3151511843576578,2.670397831740336,1.371274635601983,144.50745657825098,119.23339098286544,174.769263892625,0.0957868639081044,0.1584028374367379,0.1872560838789151,2,20
DO-AL-0106,26,994,20.052998785227857,36.74236701634669,35.69113710129176,180.93890663768804,156.3216571040112,147.4339157198767,511.2189851557348,479.31914140293696,,17592.33682780821,17760.993966317532,,16.97076364540187,16.500559454478022,,134.96718405522208,123.99956649990273,,,1.654887745777444,,0.2220162753113768,0.3552664328507028,,3.0150137020658976,1.6074538058217935,,166.75497056364475,167.9967089042588,153.05908211189885,0.0950848287343556,0.1976554169309116,0.1945895224284157,5,AL
DO-1D-3141,27,895,29.313094100525923,33.684399670111645,31.86932597691952,137.31789940220455,116.04265567840726,89.8474694522652,477.5276250978589,427.8251058372891,,18706.681719260843,14143.546351509078,,16.15508427996265,16.679810389289848,,96.32325487131097,43.74158944502174,,1.0627868767402076,1.104799889095777,,0.0404991356902456,0.0413164955466589,,0.1154954109064568,0.2154723525796177,,127.36147411950972,193.84272655288063,139.56865729051074,0.1273377647303303,0.1756911896638329,0.2059302993262824,4,1D
DO-20-1160,27,874,25.32789615392672,30.638890857201183,24.422385100339405,174.63742779386985,109.73383828865012,,470.2666855381524,500.2519878543724,,14694.561728942175,16005.55254959331,,17.00034848107733,15.83954720438863,,269.81497896092725,215.67813594088005,,1.7296514947590291,1.5703955735727375,,0.1661851168278255,0.1450606139237742,,0.5764829874287698,-0.2174320636330792,,208.7563758093853,265.4373567665179,138.63042150561182,0.0957899421028433,0.207874170691377,0.3399134515595173,2,20
DO-2D-4159,27,874,33.42422974653103,34.71004777477748,33.94137062632935,181.86216365560844,,208.68808652306384,519.0537239615343,552.3007834264826,,23320.306642661293,21476.47714647457,,15.963333409721692,15.837216096339422,,106.5672777397647,104.04906554950966,,1.5546299632256677,1.6959605644790758,,0.9890971674522168,0.5327902017465203,,3.0219185390812817,2.650033802381978,,180.76087580938523,178.4733567665179,147.5649215056118,0.0983939514666887,0.1647835204965689,0.2492315882822761,3,2D
DO-20-1131,27,891,23.393968761824603,39.62313041581011,36.617162460843936,136.27593651938145,62.45397532359836,109.07247878232928,519.7868401589966,568.8014849183469,,16898.324091597417,22134.91770858045,,16.15508427996265,14.752173958798348,,185.61726047606504,134.99283480722983,,1.6905074510993852,1.4743998957731368,,-0.1156233240085064,0.0823842851265513,,1.871351290575731,2.289739971482442,,206.28497411950977,163.6416764816102,165.47915729051076,0.097422721467175,0.1171302563178247,0.2246726310186625,2,20
DO-2D-4131,27,883,23.527759321118957,31.67026549909653,32.68228184695515,125.78289380416612,116.04265567840726,76.38996292122036,516.8024433547448,431.747332683944,,22529.29789837598,8700.549023301734,,17.91997692231373,17.894429487391683,,110.89224153751609,187.14612486531556,,1.6401490411015631,1.545809848433362,,-0.0746825669065749,0.0040701544187365,,1.8701199190814104,0.8287357046599455,,180.37397411950968,187.88572655288064,143.73765729051073,0.1083638671631532,0.1756911896638329,0.1679825041919282,3,2D
DO-40-2016,22,1387,26.25694093104992,24.621787575199225,27.901136929584567,153.88992909151318,114.36634319868875,68.1368850401956,478.0702237683164,516.5713312243969,456.0286749638806,19346.86752879942,22150.697442297795,15639.48598153398,16.99049869919096,16.190549536812497,14.639647460219331,91.25428055245904,39.28455955931141,100.88150087384876,1.4532118665134832,1.2938749421229006,1.296830400891101,-0.3392989049092617,0.3352051566693307,0.18531140352543,0.3407167402962736,0.5588548861742921,0.6795451184245999,143.35828745656568,154.23525303757486,109.61311241558242,,0.1711349797396267,0.2492201914218373,1,40
DO-40-2177,28,777,23.880226195517324,21.87317554808614,,142.7800935006584,92.08764395793423,,459.5602193957723,506.9629065419504,,18434.035458574745,27975.45153821109,,14.841443679673038,12.08145615641908,,178.64501110375548,233.9688231221565,,1.6803674729477025,1.4636501236876152,,0.8725502636158238,-0.1114736118081286,,2.335760549085089,-0.289189432693797,,228.77154342006185,181.4433581169447,,0.1263636683148186,0.1748599541086384,,1,40
DO-20-1119,26,954,25.31141588532257,27.68771844665096,24.01682367959488,128.86030205086885,90.76768885396632,127.47859027654307,527.4690300656004,509.571342311285,,19272.43590564088,21369.08351209737,,13.416906350589898,15.401166907116242,,120.65811764130387,256.77728430502617,,1.5448710659749725,1.793929439289112,,0.1215796281979509,0.5754722581894067,,1.134258032593254,1.6837597346607651,,181.2057947681592,150.59501843369972,85.65022227340309,0.0948694878358854,0.1776001225863785,0.1911514908109337,2,20
DO-20-1187,28,772,26.04979711151779,28.342455981706173,,151.43134769918723,61.32762902983176,,536.4509909807473,537.9601460205855,,15020.955615900051,23058.631674325985,,17.641040926067667,15.478083834437264,,176.6453462672175,211.6868435150193,,1.5647632851909554,1.7791115440565282,,0.4320641918830303,-0.0778341767509808,,0.6749201511904315,0.7402374976044517,,293.39904342006184,229.6908581169447,,0.0314941804789332,0.1558860565414613,,2,20
DO-40-2144,27,877,24.51282787207209,18.122037033532088,18.96129417595384,,122.77140894392969,161.9412544400054,527.8904102774334,519.9946733340446,,20678.72659307823,20340.82646359724,,16.897828015167914,16.86657901886877,,270.0084292448938,271.7033808103493,,1.4821727711995991,1.4216093121222444,,0.0244956424888383,-0.630533482559752,,0.7440236756674663,0.0755850588071854,,203.6039741195097,213.49872655288064,111.27565729051076,0.0974850696160617,0.2786557775198039,0.5555555555555556,1,40
DO-20-1087,24,1141,28.01081817209066,46.69367911922001,34.06201402780665,204.12057196282345,119.27409615393292,85.67242061018933,541.7652610951038,485.13980966204025,431.4502590543889,16598.29949205936,20674.541554930576,20305.9717379698,16.00031439956078,14.250548178008987,12.442949016907331,113.61160308841724,141.32880308072737,112.113016126923,1.7875164847584206,1.8088312108031432,1.4530442325480477,0.1219373992630596,-1.5344423441488078,-0.0420965215858968,-0.0387292234645914,0.7255851210966481,0.4121867724292038,263.7795772468916,221.354919894148,195.99783469822145,0.1129639832179815,0.1721062323415241,0.1424124802237638,2,20
DO-1D-3173,28,790,37.63036969335767,46.917227270343496,,220.4663662881976,174.94528734961466,,452.4717308428346,531.3274188708301,,21783.879416326883,28106.417865628933,,15.711267367894152,14.475304251243838,,46.16801752664913,94.437882846097,,,1.7183177453940288,,0.3887936446711733,0.1458779234687817,,1.485145520464063,0.155549140283747,,262.9971685597894,115.3774446355445,,0.1048749620707098,0.1883580992587681,,4,1D
DO-40-2066,24,1150,35.24372147000198,27.263778546407377,23.37668806096223,168.1256751433829,83.2803521804989,77.54537873451693,455.28401659680094,518.1652127895593,483.7567667909062,16114.272543786285,19543.171724469947,17546.5489415001,15.793054327383487,14.297379109345862,14.593088162976471,107.24959015350338,39.49201712911892,88.81394293419439,1.4650027110283124,1.5556309498926129,1.4636100977546604,,0.0186363976534441,0.1493371705110851,,0.347643101681083,1.143902508995548,214.79445657825104,190.73339098286544,144.987263892625,0.1337346590424586,0.177376735003915,0.2821255717148005,1,40
DO-40-2092,24,1134,23.42840249515452,24.45827913999012,23.67866690909065,128.18178510907043,72.5973121219005,67.4086617466285,577.8928370193933,531.136040563147,563.6760538441708,19844.93188519749,19163.6533029303,23353.917290103545,16.642999989289898,16.531415363099832,15.810441713182437,266.5237412825914,225.44272792748143,206.66859625464656,1.4417658508464486,1.3280598596730702,1.2212093486348845,-0.0214151404250562,0.0556767299105092,0.2189476882606724,0.1614505247990361,0.1384161060591209,0.8159713782390184,173.57957724689155,134.986419894148,155.49433469822145,0.1030784580303809,0.1288576043573142,0.2562558656268263,1,40
DO-40-2094,24,1134,25.32860259188873,30.27175592815591,28.66720171025936,149.32929537214088,81.24856632042932,92.40117387571178,431.939224633044,507.41148060604985,430.4912656065004,14700.785589562556,19759.94608841528,17818.311896369556,16.642999989289898,16.902536622080667,17.053194943074,118.834209784002,129.74448217887908,207.239929065086,1.1960015847546517,1.1996660342902223,1.2431214306190386,0.8768954397645642,0.254400484431868,0.0821479519777469,2.9737522778497496,1.9905542197097847,1.2098748688355598,264.0795772468915,138.85791989414798,112.90583469822144,0.1789740482990892,0.2237270921931996,0.3321514558955347,1,40
DO-40-2103,26,966,24.203825433477498,19.38565265028573,16.917355254262528,134.79888424553428,74.61536745123898,54.19262046906602,477.2456166749286,489.0695650579548,,21835.92619422014,18099.365099459566,,15.286552473593858,14.51293941669919,,100.1158826184176,53.154298005414965,,,1.3642450211345392,,1.688221047077343,0.3228124228323216,,9.492461420029825,1.4382085281361057,,194.4524705636448,134.93870890425882,137.57258211189884,0.0911990739238532,0.3265869450906489,0.4183905384240385,1,40
DO-2D-4108,26,965,23.135356124312555,24.765767945707367,25.915726949836856,145.1759712625448,140.64538011481292,85.9138858636717,521.0705880616551,454.6068600392715,,16345.990011115404,18430.28236791797,,16.17268199523972,15.826040077341794,,120.8508233769747,241.8520594331563,,1.577363575156243,1.5201132602597731,,0.0523345497563376,-0.2599387252570065,,3.1572145087474586,-0.324394812066516,,192.6654705636448,258.8327089042588,154.25058211189884,0.1376921111758757,0.1747957645532321,0.3258695103959953,3,2D
DO-40-2170,28,783,27.179343094469463,22.02887484537967,,138.76007663542535,77.85899023279117,,449.6546858477896,447.2845849783972,,19350.544249919887,15931.807789314207,,15.526274272223,14.193607604692776,,221.85285673677,222.70209878974623,,,1.5658646852846811,,0.5595193229137869,-0.8363829060160077,,2.134864209883791,-1.3095932724570258,,206.4111685597894,125.80144463554448,,0.0289793718020015,0.2642536895274764,,1,40
DO-AL-0131,27,867,27.85095550534983,47.24027818226743,30.896188182490505,148.77219258392307,193.1840387680339,,529.3745763309042,501.46203362623066,,19525.39885229461,13400.110030389436,,15.41280483518581,17.12565103023219,,157.33628635931385,86.71521232509909,,1.6444554600900756,1.4826505966713996,,0.6555024261349502,1.0188619722763257,,2.745725191167568,2.842777958337172,,150.2939741195097,202.3591764816102,85.06665729051076,0.116396619034352,0.2309736417208872,0.3574899139889022,5,AL
DO-20-1102,26,962,24.68960997340008,29.089054080803635,27.28925612260644,169.4039010396496,126.52289264241192,77.26263166514288,643.6503246232718,544.469701452178,,28028.037996753275,23869.96312803409,,16.084040695909476,15.5967195635173,,103.82954588627383,235.1237981303694,,,1.4707003865579948,,1.3546676979029326,0.955793102954541,,4.382102565291183,3.308078970386695,,229.8934705636447,161.44470890425885,112.55508211189886,0.0911990739238532,0.2127435596875863,0.3045471530209759,2,20
DO-40-2078,24,1143,23.730043177904548,22.21279062241912,20.97287426700591,141.928543415401,59.24909051791884,72.73912640200089,541.219956741698,528.3444496249383,604.1056170253524,18147.310557572346,12548.854466009598,20119.489772277047,15.915694461315107,15.519411392414757,12.534530538065368,35.57567890608101,50.34817629341992,228.21914868141212,1.527763026168511,1.4626148258714782,1.2300255118400587,,0.5110365068629499,0.2767167959368144,,2.170058307619838,0.3878735464907595,196.32895657825097,207.13339098286545,117.58726389262496,0.1263738319217469,0.180583179963471,0.2062299814460921,1,40
DO-1D-3103,26,960,23.61773995804917,28.14092539929353,26.1557738695719,123.06721053297116,80.08660072511115,157.0464203849087,454.9311002346341,553.8845229877302,,15658.243540839772,20158.95728135032,,15.640930361179077,15.826040077341794,,269.9686869016627,284.13068740567326,,1.375031447596262,1.3639148014842526,,0.950747039101299,1.0854799180011128,,2.5309797215138445,3.265786651371828,,196.8009705636447,210.2877089042588,150.37908211189887,0.1187182136086987,0.1558218669860551,0.2499739201272872,4,1D
DO-AL-0033,23,1254,18.801031359290555,30.77977467481653,32.726219566245334,158.8405543946929,111.60119072484105,121.48536686593144,391.3988298784708,420.6450597319226,515.9158791904586,12700.322761736305,13097.373218889636,13096.617618424092,16.95321198847334,16.532280352894375,15.440980502175025,175.3335228687635,193.6748519190707,263.8067608265684,1.482521565243454,,1.194789792209671,0.3216136075390222,0.6894695476611473,-0.150425660944496,1.658600658755012,1.6035409643271497,0.3536976111135068,147.08224363864426,141.3819493212961,120.98466984627964,0.1435566134783757,0.1225252976089744,0.1886304113547717,5,AL
DO-40-2062,23,1232,22.18513923805194,23.489679312142307,25.891438669022428,173.43000865220452,117.77818842677772,121.9113911389898,570.8981515618045,437.5308130107228,445.37209557226953,21060.14185309569,17253.813042098736,13431.769984378709,16.791717860225106,16.547249354549322,15.854671613081123,161.1385020237166,129.65986613613364,136.32318248419122,1.6152381600625312,1.6148138737070852,1.374319912511538,1.0245137005858544,0.2764274408921887,0.8219403235287658,2.81897967506247,2.032602116905301,1.7724428896068165,239.21245164736536,116.59205188904008,135.54259838310074,0.076842364983979,0.1430145648323146,0.1776550712055704,1,40
DO-40-2065,24,1137,24.7955248167892,27.26304932106042,25.03078772921649,162.3581723443637,60.21034098442203,65.0491226699753,,531.396195559756,438.8534982298104,,18984.137253440207,21364.85230690997,16.566795342565683,16.026241132189558,14.7803616013993,243.2267990380847,186.32454941204915,196.5101777020246,1.5113600769588875,1.2730089980849513,1.2125286929114494,,1.5479481475537042,1.1378004622783922,,2.318273541593435,3.136213058223037,173.694456578251,151.43339098286546,130.98976389262498,0.0996726187186067,0.1812624898144173,0.2101157362565945,1,40
DO-40-2067,24,1137,33.58071097622153,27.057404128978902,21.6025430709666,200.8081910044918,44.83033352037079,56.397868471446486,600.1079459530393,544.1310163640927,565.247883698596,22599.433750179345,18679.739751102497,20115.18803133197,16.760312111728314,14.777404007510384,14.218611667909371,73.82662074279747,99.19629582003802,28.823997838055547,1.2542190161300235,1.4207588170992187,1.422882780423215,,1.4588664327474232,0.2244884196724978,,2.0760492285244148,1.203264808693182,203.47645657825092,154.43339098286546,148.262763892625,0.0957868639081044,0.1584028374367379,0.2631516741476234,1,40
DO-20-1163,28,771,23.85476015741206,25.69148614359039,,131.07007290339973,102.85150236187444,,461.2725452089966,426.4494376365725,,16177.79374344447,11508.173675478669,,16.341330239598747,15.848669313739336,,236.1605830466847,260.8732891186617,,,1.450293533103792,,0.3313529849153547,0.4386766512742552,,1.347535755399098,2.8214003495319475,,290.69466855978936,183.57894463554447,,0.1997444499065953,0.1487039149277962,,2,20
DO-2D-4043,23,1247,23.828504701304688,41.90586943292123,43.39137742245611,170.18288781644222,160.02609837005585,35.547701223792984,620.194813463509,608.8924312744789,575.5087935692874,23656.79451275057,32775.59354780631,27485.86535886555,15.303150799901552,14.707001579313673,13.502110406915062,54.06102577093159,168.91241068908585,126.97255272632798,1.406717038429245,,1.3474468788523652,0.3944733931718508,0.0610251286476955,0.0787206035149204,1.95956448633803,0.7597687922439734,1.213150700501268,142.2982436386443,158.3579493212961,152.8516698462796,0.1103939907109115,0.1966338791436977,0.2817084885067035,3,2D
DO-AL-0043,23,1246,16.91273283714822,33.25908448152528,33.862118403814215,144.42179739714484,147.16745798545955,87.84160053831934,498.46708582430654,474.5094606894314,466.0389839939239,13295.351080598595,17647.653088064253,16241.156448500084,15.942157197124658,12.939529849351914,13.133070768279351,172.4768588165664,121.68691780370416,112.68923246534251,1.1152930228321176,,1.14208530517813,0.4332570091298887,0.3824420780720773,1.635325696517663,2.8307057903502644,2.6758728874698448,4.499638928344094,179.9992436386443,190.8204493212961,146.89516984627963,0.1206969611006962,0.1565873379328262,0.2226924516786236,5,AL
DO-1D-3148,27,832,33.45883267535642,43.70341404014263,34.07425874594322,231.84718791377497,160.05079084684544,,524.8466267683591,555.0173689431707,,20573.271317289316,18525.115033069203,,16.43458597110122,15.370579196664137,,81.71430048565003,26.062136924529227,,1.939382049977734,1.7316940210416334,,0.1219868647002561,-0.1339743708064111,,1.955924529465814,1.3052986849738966,,188.80187580938528,208.2558567665179,,0.1173678490338658,0.2027313156309231,,4,1D
DO-2D-4072,24,1133,17.533451682425323,21.837006839794988,21.958164060825823,135.1997901498786,126.53662317314304,144.8329113897411,560.2092568714988,540.1427162822139,495.846108326586,23982.90928446771,24991.27612097497,21859.85412657805,17.361328454895965,15.97037210828438,11.69307680499531,162.69722922885137,286.87995981533874,151.6605520825303,1.4126589561080576,1.4108077671579944,1.0791113691492396,0.5469954583528687,0.3371439494011164,1.255138355632896,2.616553911483565,1.8034908731550388,1.8350983707602533,148.677456578251,115.28339098286546,112.52426389262496,0.1154950343746553,0.2076521775507336,0.1953511838990006,3,2D
DO-2D-4163,28,766,30.360345505549944,40.44188072296309,,150.29508223346377,131.6890163569705,,463.0046993424793,413.1972823756164,,22200.61149092858,21477.010140062564,,16.17386938913057,15.132804888256093,,223.28118876286857,135.85951160295477,,,1.8422748779604547,,0.3460918019409592,0.0658102436680433,,1.804885052767202,0.9173382336193304,,194.4981685597894,150.5204446355445,,0.1048749620707098,0.0934886114228826,,3,2D
DO-1D-3117,26,926,20.773029980526445,21.20512307961466,27.64241669823201,202.93694246308257,134.8135492589244,125.55608934353668,516.9963013528003,453.4055529066083,,17995.297071290555,26224.98819287774,,16.387205531638465,15.061242244612773,,158.43929837843842,95.5909897112558,,1.6006111411400632,1.648512449467222,,0.1032168649407619,-0.082308345761309,,1.3461188010843363,0.9218515070724048,,146.06229476815923,122.59951843369971,158.31822227340308,0.1467516435893099,0.1913475029993009,0.2611583834314819,4,1D
DO-1D-3192,28,744,27.96900130285393,29.100507510715044,,195.9959756692316,162.25892801266804,,529.4248054970442,441.4312058507032,,23426.695195681696,23462.515310783587,,14.584970056944826,15.5836577334843,,237.5958932553212,226.8041389109271,,1.993906093611075,1.5736889692038305,,2.0628053320918416,1.2746083222438382,,2.676114207149726,1.9276584378418056,,151.04054342006185,106.39235811694468,,0.1442424097604904,0.2126018710328879,,4,1D
DO-20-1134,27,847,20.419844097107045,29.410957452670125,30.39380230971462,158.3846972489551,128.78025751231934,,508.7706195655644,542.9480878680188,,16283.782013558037,23132.42648832714,,15.87667797023138,15.246281689348216,,32.500067278301195,84.71554748856111,,1.4049034379900591,1.34694548655603,,-0.0745474527578013,0.9709877594320636,,0.5540637626492413,2.177685108799446,,148.80497411950972,165.13117648161025,,0.1055178214872604,0.1631731514722644,0.1568721407700397,2,20
DO-1D-3138,27,846,22.938554027174767,35.96057042046574,40.49086104512118,165.1941629307974,161.22142760405777,,452.3165470615694,429.0686525924756,,20173.59368279899,18624.661999381053,,14.39283980526746,15.00022159130868,,270.0084292448938,197.1444490480053,,1.2620935752265172,1.4291169854268693,,0.429342386123367,0.6497465944442735,,1.6817327569306235,2.291561986909564,,163.39797411950968,190.86422655288067,,0.1122496219736556,0.1226552517728039,,4,1D
DO-1D-3153,27,825,25.07675123194175,34.92456418315474,34.6438261601809,138.60589266296432,136.98077965076857,,490.71139000191886,555.0173689431707,,19735.449271758716,21312.748044637323,,15.7748838516437,15.370579196664137,,192.8385321161167,116.90405378439654,,1.3033629391743689,1.3547241644423922,,2.6710727576516,2.823993966971723,,5.818317217573775,4.753080882425291,,214.1168758093853,203.19285676651788,,0.1402275014115452,0.2066170704414255,,4,1D
DO-40-2148,27,825,33.35207637551024,21.82524551204143,14.965534023703782,153.4899175307994,68.40006822901239,,504.7722245987218,440.2887465884346,,22748.05621069707,18992.18806314447,,16.057568999816002,15.647528938106085,,206.96836981259136,256.81409829251805,,1.7029600615807587,1.6262348213378228,,0.2331245795936451,0.3241042707994759,,1.1935927952228944,2.027327930135685,,177.78237580938526,199.6188567665179,,0.144616534784289,0.2187529682384686,,1,40
DO-40-2165,28,762,29.21756565451004,27.932799745241866,,222.388867221204,89.39399583082961,,485.6015668181891,549.8726641879856,,21423.10094690974,21662.38290939984,,17.20313820664262,16.23226919584157,,165.60098095741665,246.58996885767624,,,1.4171590146087445,,0.6866601120980546,0.1893565643985504,,2.381851998077456,1.121349423013804,,128.0836685597894,174.34594463554447,,0.0859010645035327,0.1676778124949732,,1,40
DO-40-2169,28,762,22.395423838041932,20.71507310960408,,135.87632523591571,121.1152612254353,,528.6976455727213,447.2845849783972,,17341.98799933035,22848.01377441086,,16.821818731361834,13.911961886757965,,61.879669813733095,262.69539552050543,,,1.4103945729679035,,0.4416026107927427,-0.0631829852252039,,2.2285596205649987,-0.7064923484298009,,162.3336685597894,87.08444463554449,,0.0518390241796809,0.2301916492036245,,1,40
DO-20-1115,26,920,24.961619669591425,27.3688480171548,28.160643862468177,149.04656184743612,80.19393372243108,106.33108001347262,541.2241512667182,440.50360435944606,,22192.025418783483,15780.447261456968,,16.614502301399675,16.309357959717428,,173.50640260694996,184.78935018965956,,1.5147562130175896,1.509561907538248,,-0.087182117007874,0.3040088884262584,,1.860324568717936,1.8380121738331592,,201.4572947681592,179.48351843369974,203.28972227340307,0.1897389756717708,0.1776001225863785,0.1721775932437566,2,20
DO-20-1112,26,939,30.95690858288457,43.16550402472637,38.562294826640105,154.98514404210155,73.65411698473578,141.66641292085745,554.5657887271665,489.0695650579548,,20519.11440530269,18202.01187557815,,16.34998455113795,16.229335869416428,,294.3690381678196,124.85656571556186,,,1.5983488430412325,,0.6838787456518269,0.064930522593617,,3.212590302118317,0.3543197283516184,,200.1109705636448,130.76920890425885,130.12708211189886,0.0911990739238532,0.2506913548219405,0.1907037676179134,2,20
DO-20-1006,22,1344,21.611656180074377,27.261530130729604,29.073314212319904,207.26715262573452,120.30684245436032,104.66440276731733,437.0876788742885,497.92633859576176,486.9252939261655,15947.757719745234,18691.37240093407,22021.513237603816,16.901644600948398,17.10887490984848,17.047596016026436,106.49653427699718,126.09963338526208,82.02751812934797,1.4766991679517054,1.4989400327524485,1.376155378264539,1.1693693685501834,0.1876741365720335,0.2832157572178257,2.51124266273632,1.3211346051099622,1.8600816470621129,162.3302874565657,209.92825303757485,199.25761241558249,,0.1641199632717466,0.2492201914218373,2,20
DO-AL-0104,26,938,24.42614450754914,45.95344038190656,43.028244879042624,146.3338898435727,159.20540850352083,179.15518111448236,516.7076755633992,449.45846783966897,,17037.215524068382,16146.015897139068,,15.552326930190848,14.78380648811122,,55.83758980936277,49.726301142778446,,,1.303495374132521,,0.5113536512852077,0.1793174263219226,,3.72070721003435,0.7740569515153107,,235.5524705636448,236.1987089042588,112.85308211189886,0.0992941739439387,0.2018647621404947,0.1798249700708218,5,AL
DO-AL-0186,28,735,27.60013912407446,39.40668868559312,,119.71008230458158,172.83268314420326,,542.5055341849446,522.4378942470953,,23770.23601467803,31325.95472587199,,15.613095715622055,10.064802496332362,,104.94307855707063,83.42262757137004,,1.7620770647734667,1.854383861157317,,0.0356867347172005,0.3665382015943075,,1.6310865776985732,0.3673767550033952,,177.24904342006187,164.46785811694468,,0.1263636683148186,0.1369121589742842,,5,AL
DO-40-2017,22,1322,26.8452769048431,21.15588557814664,21.96587001136423,204.47800956586548,89.06043448053916,66.84701117616498,338.67311109206395,320.1314533730387,443.5534401556678,12619.250802507651,14241.508773619888,13526.331180416484,17.49809348125698,17.033822747832808,15.960629002139544,226.30099512018904,127.7370687191718,63.52170958078287,1.4090347718093943,1.237866423479963,1.3273766185871256,0.3172451288287823,0.4370018189650135,0.3253941295481594,0.8768207971312529,3.45978646284189,1.94890922529157,174.68307312273046,139.83880983127534,117.82952065109964,,0.2851730954085346,0.2117262627635794,1,40
DO-AL-0166,28,755,26.224486695861323,43.69527188863553,,150.29508223346377,249.92282373686447,,513.4620042510616,470.2481340033125,,15952.98738053668,19822.27522322765,,15.28887622455477,14.506957683936804,,78.75839377062522,40.91015709948602,,,1.919837849702688,,0.2777943180601041,0.0453877617156478,,1.1480464244707147,0.0330853889724165,,188.24366855978937,153.20094463554452,,0.0479532693691785,0.2056256076293274,,5,AL
DO-1D-3119,26,909,32.05655885081319,44.50983397098349,38.35739206551827,167.37067520246407,192.48857724911664,133.2460930755623,667.4223548480795,563.2032495987448,,37042.057484660814,31878.482256783045,,15.55834971983518,14.691324872954382,,57.59905733588127,31.88738134726073,,1.5289386946029722,1.504502820436999,,0.2279557729267488,0.3689012108987526,,1.447493054878381,0.9633477656186272,,161.84729476815923,188.41851843369977,240.21972227340308,0.1277777460221327,0.1913475029993009,0.2611583834314819,4,1D
DO-1D-3120,26,909,23.043001228159337,33.074140804625095,31.620441954476043,139.4944116738712,127.1235455268988,103.447328613963,512.9154501309116,563.2032495987448,,15523.667516493602,20709.65014271084,,16.57147443324915,17.00505109949698,,97.30668766142075,88.16366317554336,,1.6915020804656375,1.633743253302466,,-0.1158914880434913,0.0949173411613863,,0.1194429501424644,0.3452221848916202,,202.3512947681592,211.6480184336997,137.76872227340309,0.1358728460422183,0.2184165005865634,0.2502795858843903,4,1D
DO-20-1130,27,832,19.32244515738301,24.712360108390868,27.002922226440766,130.50843372036223,102.82649491673288,,475.55518791412806,450.7538992505547,,15014.31849591641,17321.802178978454,,17.08359346399781,11.69210527120601,,40.78439302967276,79.57355219460638,,1.3838662428604265,1.1434274433699607,,0.9742002489672928,0.3560009707595167,,2.6300092948896805,0.9295401786032704,,122.29897411950974,156.1961764816102,,0.1543444141687061,0.193025846586533,,2,20
DO-2D-4155,27,811,31.000011786440357,33.1518902503515,31.14859743279195,198.2034215861629,142.74828244978778,,553.5217720500742,510.5947897518939,,21305.942042117927,23549.013211388006,,15.7748838516437,15.090675916303738,,95.7119543414158,269.1642477665013,,1.457575091330576,1.671970176540097,,-0.0828493777487899,0.125680615379831,,1.7959735102908303,1.1742761516227331,,197.43887580938525,206.46835676651787,,0.0983939514666887,0.1837574180637461,,3,2D
DO-2D-4037,23,1221,20.238883687549208,28.649185678494582,29.455706880793773,118.27536262526928,130.22733390845653,112.4477385440492,452.2791016836523,463.5142738819248,457.2036486430986,19434.52762307695,15462.25962631985,22000.603350436377,15.768082405204218,15.080624779816231,15.071473939139295,118.62163335058574,131.7757780105237,128.68655115764622,1.6163502836379828,,1.3694507395900115,1.6463906355471634,2.335984305047969,1.9217963213847584,3.26681323043549,2.198537163528994,2.134583013394281,137.92624363864428,180.6949493212961,162.08416984627962,0.0724461955765573,0.1397121864421664,0.205812898237995,3,2D
DO-2D-4188,28,724,29.49559464206417,39.089896329662,,190.2284728702124,145.91767008211357,,535.4376512535199,509.3123236360004,,22505.872224198323,23497.76651490416,,15.233485264557087,9.289331068100978,,202.45892541329704,214.5204834864797,,1.6905593630687843,1.77914227918304,,0.2461692465906957,0.6825166041468447,,0.6655889037863152,0.8844313609663642,,192.14004342006183,140.9398581169447,,0.1252685121933133,0.1746540758985337,,3,2D
DO-2D-4090,24,1093,17.784720914030178,28.38446037111028,28.21081934498043,162.7868019031857,162.95485597320155,142.3861981338783,527.2816409267155,516.1707808873244,546.4206495576294,28743.846473307985,26848.94156539988,23531.02834496356,15.41712670226714,14.49227038672618,10.054085003672643,266.5237412825914,206.58874518298063,263.5162108933686,1.4289622913948998,1.227940409304639,1.2073420895502918,1.3837321799156064,,0.8178395418441655,2.2463389460147307,,1.3282414541001868,140.92957724689157,182.042419894148,174.55433469822145,0.1259381104080603,0.1706911543021707,0.1842460301686203,3,2D
DO-2D-4189,28,721,28.98350626391505,40.07214102270774,,178.69346727217393,185.32893920874488,,535.4376512535199,547.8281809152114,,26634.431899683717,35893.08091229711,,16.253216689409577,13.196864678247234,,122.75799835699826,126.24956427358968,,1.6692246451923296,1.5572382098481334,,0.4348425151951907,-0.0447214308976198,,0.8872696732130412,0.584657158558776,,294.88854342006186,143.32285811694467,,0.1632163073276675,0.2695235637344191,,3,2D
DO-40-2180,28,721,33.59525082163209,21.83468155617317,,157.19885049820644,80.5526383598958,,508.359538437564,422.8784418937913,,21000.772668108977,16319.580220191505,,14.841443679673038,14.2838489528322,,169.50368613672484,60.28364874857365,,1.6080564533343125,1.3579428010345955,,2.553598565425013,-0.1887660160355387,,4.54996447878032,0.5341366640172402,,132.87304342006183,180.5503581169447,,0.1073897707476416,0.2128077492429926,,1,40
DO-1D-3075,24,1105,27.486998990453728,39.78247058835626,41.03412002319805,185.1848144080451,165.94789229977434,141.94915999023152,526.2024656121347,524.5261025889889,499.7936475667068,6787.006496570398,31976.18124021714,24524.621218530672,17.747175431742885,15.699776459476606,11.88003534377281,148.41390896786598,215.4633585104115,189.93985038197124,1.365434783059542,1.685987215298089,1.342450278400056,1.2443199735975348,0.0941496568905507,0.5320098076189583,2.6526057344659586,0.5271533685529695,1.0126618071816935,169.226956578251,206.23339098286544,158.98476389262498,0.1263738319217469,0.180583179963471,0.2252038790132692,4,1D
DO-20-1099,26,923,24.21179737685677,29.444800725739267,25.624094147355287,123.26387864749586,86.1503730492774,59.96012326808524,513.705534928487,536.3663985230447,,20077.2925736042,21473.32815601903,,16.70467225385337,16.048555058900327,,,49.44063473755875,,,1.4413964091859472,,-0.217135318618571,0.8551420205773366,,0.6083506451048107,3.185396632568833,,152.1619705636448,162.0402089042588,133.40308211189884,0.1101729714910303,0.1368479694188779,0.2855732554537987,2,20
DO-20-1117,26,902,36.33778795523639,62.08231630249836,63.076712914114864,144.24030951492009,168.62897664072574,114.98233421200143,527.0243857244831,569.6112032891625,,26322.27925022907,20885.33222064586,,16.70597937197929,12.57934998357796,,62.667837381703,76.80744901660968,,1.7032327690619282,1.6345482884206346,,0.3283244642465691,0.2536245257233047,,0.8632832819616227,1.0852800198138055,,210.39229476815925,181.86601843369976,214.3092222734031,0.0948694878358854,0.1965740201535556,0.3239687737811733,2,20
DO-1D-3184,28,717,38.99809342975601,38.83075713759078,,184.4609700711932,166.10392987868084,,530.65825138172,536.2542845735866,,22632.672040736976,22524.117377348044,,15.78960036594576,7.385592473114257,,26.20275339273673,45.69163800163179,,1.5371006423120588,1.5567773330811785,,0.1068396248811543,0.1421127181613816,,1.7006189444098154,0.5537548121668668,,191.2465434200618,189.4848581169447,,0.1333636122133988,0.2017230734857963,,4,1D
DO-40-2085,24,1085,30.981833829872823,30.827858104068195,28.785278868056373,187.779314032269,112.5453428884105,88.55617200969895,543.3147204973877,489.384628828532,519.9360824734159,21495.47716698759,15787.069961645162,13903.853278580484,17.3725574652309,15.836611927659272,8.993183672640306,231.3061620389372,227.02872464663992,263.5162108933686,1.7132042685311462,1.7021569263677132,1.641555771272304,1.467173837225674,1.0817675234508022,0.2620462539423582,2.081035835874532,2.192623669275401,-0.1059142255002687,224.5295772468916,239.819919894148,236.79983469822145,0.1319378807851585,0.1721062323415241,0.199334172925295,1,40
DO-40-2185,28,714,32.52444698714586,18.62725105850441,,134.4759458130266,51.71512436479971,,348.7170867369092,514.8563379089308,,9667.665632241677,15149.036251764805,,12.548527866988913,6.339092302911525,,161.89429587209833,239.37346074059425,,1.5643680748005844,1.4702220805773074,,-0.2597913715145571,-0.5876567539993499,,-1.0794523483374194,-1.6671946425528004,,142.70154342006182,229.9888581169447,,0.049372921924605,0.2315757686000649,,1,40
DO-AL-0177,28,714,32.003146667073686,59.58175903241629,,196.61011962483772,180.52268687622887,,455.21280890847504,438.4342415398009,,18422.60730518499,19889.950385243967,,16.48175948938055,10.339691201587282,,114.08440352410132,19.719019207375,,1.5707924224650296,1.5884806766968331,,0.1428847434320468,0.0946489534104361,,1.1361742981260214,0.946666284319118,,196.60704342006184,143.02485811694467,,0.0733277304237897,0.2925890943222032,,5,AL
DO-2D-4019,22,1301,25.11058801173186,32.619675444715206,34.850636921162554,114.33405229802128,144.1290645406204,131.11755877940357,563.4076987144076,568.8735416348683,493.266816407557,21181.4028585002,18235.689613588933,24933.27097066772,15.733940114970617,15.033173280897064,15.16030227950841,259.78251100579627,225.14931289909248,65.46788131461916,1.867605032623569,1.4976471856702922,1.49065096686748,0.4312376666793513,0.1792322815486228,0.4171387669345584,2.5392996244298525,0.6995489805791311,0.9104439561699654,152.72657312273046,177.96030983127534,186.32852065109964,,0.1882416675563119,0.2647622006546083,3,2D
DO-AL-0139,27,818,25.713052467846698,47.109707190959085,29.00005305843484,158.3846972489551,118.20650238078412,,460.6755101991469,525.3267078265334,,24053.473161489917,15880.81245621628,,15.59833405114284,12.974707681682435,,58.4957101532947,39.865921869066845,,1.6425765233845726,1.713309450369856,,0.4906318038223025,-0.0274238830809156,,0.97477349174247,0.4989817756638193,,151.78347411950972,195.50867648161017,,0.116396619034352,0.2689214368552414,,5,AL
DO-1D-3102,26,911,20.71089239408989,32.44315694951559,30.943216680924653,143.25347032953843,151.21913524634817,140.70516245435425,521.3183838751527,479.31914140293696,,17863.399772351204,17936.854363589573,,16.17268199523972,16.09520062125658,,165.4147825912493,92.73419590846842,,1.5395943018791884,1.2655571667655918,,1.0580382251365577,1.47894642008833,,4.753159903614677,2.627639346685433,,227.5109705636448,113.19770890425885,175.39608211189886,0.0997443160415216,0.1558218669860551,0.1740783298585788,4,1D
DO-20-1082,24,1079,22.763431232588825,25.05821432439879,22.369498082243155,134.91053837459285,116.39034475442332,76.05991594515731,564.2432185547534,455.95049063642784,479.8566195949344,19871.081072289973,18521.948669915066,19483.713740429943,15.80441423237516,15.183307235536493,6.51941990023196,269.8711267435979,280.7340088279452,216.6669204373364,1.6467078679434255,1.3795663443073898,1.367894133439369,0.0546215512005688,0.035295521956716,-0.8007478253590996,1.751734988804749,0.1917345416733487,-1.0552164910845554,188.1795772468916,129.62541989414797,103.97083469822144,0.1129639832179815,0.1531323347743471,0.1234385826565867,2,20
DO-1D-3160,27,790,29.291940130538176,39.06679399195714,,181.86216365560844,146.59328431580062,,469.9917384908108,446.69024174447577,,19186.63129631815,13414.832466870475,,16.90603399978728,15.557213799085922,,38.29300689225434,97.19307182423664,,1.972301421757124,1.5746904556294692,,0.1674089432444749,0.6182569673541358,,2.046036289850804,2.7368187507232737,,137.87387580938525,162.39085676651789,,0.1444368466211283,0.2108264156510087,,4,1D
DO-40-2188,28,706,24.200650470368725,23.983188786063245,,174.84846540616113,87.28139162541822,,549.8963098340625,584.3320152613795,,20469.43687659281,26575.21691322776,,15.604202327992503,,,225.026571425654,221.3764772117527,,1.4140490142968178,1.6056600868440372,,-0.1071217132164566,0.1663349218201686,,1.374323997392512,0.8440602726072792,,283.57104342006187,139.1528581169447,,0.1252685121933133,0.2126018710328879,,1,40
DO-40-2003,22,1309,22.90676173159004,27.38902764822,25.578129275171264,135.17336763799435,78.01182192821939,75.82688877222122,545.2510242599118,540.2244594735521,515.7403910278366,16653.06148863227,15477.728824783846,15534.91471160498,17.63222775340897,17.47250366995238,16.64593291192294,35.936932187729134,58.68236175341082,177.7257638779504,1.5784049547915724,1.5017466326868214,1.2995766971259777,-0.0138760443322956,0.1475275039383529,0.5849759890930947,0.2016675134956191,0.5109515936242498,0.8862628795447248,303.4507874565657,215.28875303757485,145.6496124155824,,0.1830938608389237,0.3440896792577227,1,40
DO-2D-4117,26,881,32.61957230223171,39.86019275045783,46.831519258083496,212.54944712811465,155.96105952199488,184.192367800232,600.7331340114704,567.3119314247909,,21820.656660312943,26377.190086117585,,16.1108574258653,15.061242244612773,,95.87835563532224,125.8716286645449,,1.3471417109103614,1.4554013773305408,,0.1436305127932432,0.2086759120807164,,0.2609904694758997,0.4060768437315563,,165.42129476815924,190.2050184336997,128.23872227340308,0.1088038484549557,0.2672430932680092,0.2801322809986588,3,2D
DO-2D-4058,23,1173,27.97657300453257,35.69724897216486,40.70946302996185,145.73562363885915,172.5694650174603,166.1289125981371,509.7465134321085,588.6764930265722,584.8850781895177,26015.29160068151,30571.95623886104,33257.50394755454,16.25108711637148,15.7016718429221,15.061703573833082,271.9770672489636,208.2181275715535,213.1674454882929,1.3934684774604595,1.468433184744096,1.4043450011006051,0.9927782356084288,0.151766474027697,0.1611182222186269,1.2051996825458824,1.4821802338713244,1.348101552158145,219.6004516473654,136.54605188904006,193.3205983831007,0.0578684674168019,0.2189101551010229,0.2156028663399247,3,2D
DO-2D-4059,23,1173,26.52813657740403,36.95108278662907,38.56609193424909,162.0768815694136,136.0419472903386,135.36889767003464,596.9562419617649,528.3048739932723,516.7780536603645,26077.97928892103,14896.995056898451,24304.133730249338,16.43126854276062,16.641240395237887,14.357223376216051,196.5611362709605,138.2298582927249,58.33625385921078,1.5483167179050914,1.2824608261280035,1.1992519652009166,-0.1095346259296859,-0.4156638579220982,-0.5013776481691243,0.8821044721374541,0.2114653091876753,0.1197545772766631,132.6259516473654,213.08705188904003,123.9280983831007,0.076842364983979,0.1809623599666687,0.2156028663399247,3,2D
DO-AL-0066,24,1080,21.281179117655867,33.84607498113169,29.58040471623608,146.97816488031245,164.02539136676793,160.21291885379236,498.51797100532144,484.717737825286,527.5154418922251,17373.44545315478,18556.06504181757,16963.898145808518,14.633320464938375,15.64185719069459,12.90862979032426,166.66820243920276,156.33041262993183,233.36114397536696,1.4489216588926317,1.457406486396362,1.214924716763179,0.6238983390687827,-0.3124711026663398,0.0411225593147504,2.89694660382276,-0.3189175487375501,0.4366023550759319,223.728956578251,96.16839098286545,182.512263892625,0.1376204138529609,0.2002363873815944,0.1531940435550632,5,AL
DO-2D-4176,28,714,32.5045665094364,45.27718245839523,,147.41133083395417,116.3090088929193,,490.6720098830142,405.7677138798216,,28691.70567840751,21197.222263675103,,15.803773949501265,,,168.71890536590416,218.4171027114506,,,1.526789686883946,,-0.8017832650704608,1.443726623199178,,-0.3318522208917316,2.1995445225235923,,238.57616855978932,208.0004446355445,,0.1238488596378869,0.1504103041244139,,3,2D
DO-2D-4028,22,1278,24.213663304255977,37.2765239039346,44.15187419284708,147.97781862563338,141.24531314111076,92.66754011927544,545.8899256103142,503.0653679618455,527.8994704637587,25929.88471461649,19186.51314797231,22358.274846412267,16.492506048486337,15.82918282442948,15.66044850484451,46.96103911711334,45.750810421115375,46.89956497533808,1.5222195918929275,1.5340175035047403,1.3137705598752658,-0.2195305605286545,0.5119677577524215,0.672402543099009,-0.2001758657568553,1.6876404168455414,1.7860696912619332,195.57407312273045,141.62580983127532,179.77702065109963,,0.1692677699891347,0.2078405079530771,3,2D
DO-40-2090,24,1058,19.20236249881154,21.74108652979742,18.698551330256564,117.6080299775352,74.5198130549069,71.2536636126413,501.78548608460096,514.5058242222213,482.2769376717293,21371.382830108963,23184.62782669821,20574.26053460617,16.84743825628307,16.80974433750979,,136.83119331284365,203.7320811307835,244.9478945540875,1.751031796776831,1.5084484622403436,1.2614854810892386,0.0621706226740188,0.2042087197273319,,1.2580546908500552,1.0331139962813671,,163.57957724689155,164.47091989414798,104.56633469822144,0.122052355597558,0.1668053994916684,0.2752297631940034,1,40
DO-1D-3159,27,770,26.64676911130264,32.05821485099779,,162.63715432554437,217.7258188370376,,502.8422886369965,464.2478260939196,,11463.079176155474,15510.482147042085,,15.586462444216185,10.804877457320856,,102.85361447190849,94.76490737986914,,1.5707043125391245,1.479895258179014,,0.421709971615228,0.1009075782258063,,3.173744687440342,0.7990049008503229,,119.40937580938528,130.2258567665179,,0.0875151539195971,0.1918525180838316,,4,1D
DO-1D-3056,23,1159,26.121830581440012,30.10788522742336,25.855675495904933,115.93685917725988,95.66942769720409,107.49263414144175,553.2558887373381,526.2867503240566,532.2800262556453,17849.848226660342,20889.36848930652,24005.821405973336,17.60318564937889,17.487538430563944,9.785027764207593,134.85719274350342,69.38425463477508,112.89853725617516,1.624503078199978,1.6277215699916772,1.1468427097885732,1.100358254986586,0.6648401621503203,0.3877334676604755,2.302547516474869,3.135880791761714,1.608063163878933,181.0164516473654,141.6095518890401,86.4020983831007,0.1608330552727728,0.2649530502554625,0.2236979663600102,4,1D
DO-AL-0167,28,703,24.887124928159263,46.149724568275865,,192.59010275960472,185.51904248114988,,537.4984599388832,556.1609607262594,,20200.113596122446,25615.96901834156,,13.37735226755201,,,36.19409939288859,52.336813308274365,,,1.3208078450321672,,-0.0807941472938178,-0.5199826771817907,,0.1723277088967846,1.6984718481387944,,178.41616855978938,150.5204446355445,,0.0479532693691785,0.2056256076293274,,5,AL
DO-20-1120,26,860,19.08171044671516,22.18383170409056,24.942634382043018,166.34907024449376,123.4502047150752,,624.8305166704556,583.8248839052782,,14066.606002775838,16699.17224019571,,15.7001302198064,14.49359654599656,,177.79139868524555,215.6413219533881,,1.677825911632948,1.6174545919247336,,0.1827283640374895,0.19848404217864,,1.9371893629787167,1.8794058181975304,,143.67979476815924,121.70601843369973,109.77372227340312,0.1219384854231479,0.185695222606464,0.3130899762340817,2,20
DO-2D-4064,23,1154,20.99797239173759,29.28782166487782,51.06287179829231,158.23187970340078,152.38320522089305,126.7176434715058,475.5723909209423,480.326039665046,511.1940101591664,19578.45395138193,18251.668534016644,23521.60674814853,14.000934153121118,16.07741039013716,14.533311816655548,274.54806489594097,245.3547602501156,44.05293359822533,1.6018838728476128,1.7742615899366116,1.3216189535711065,0.1926186846427616,0.3666995710657147,-0.1690222977600914,1.6648513107822842,1.9348720025551769,-0.1214041232742196,191.8879516473654,169.9025518890401,143.58409838310072,0.1039113625712416,0.1700835624195771,0.2426718639271873,3,2D
DO-AL-0107,26,881,22.69291750564025,33.33992224598623,25.13047795526496,132.87638331252788,174.58541596757206,133.97640918883184,537.4859395952889,504.4649718767789,,18604.94223733289,22600.09590313713,,14.932267409591148,13.971350562572589,,88.97489281484899,204.84315917708025,,,1.5243812788269888,,0.1881593064282107,-0.0777019480194392,,3.386900742893673,0.3428834807447886,,214.4064705636448,121.83420890425884,102.42908211189884,0.1291468690582074,0.2506913548219405,0.323521050588153,5,AL
DO-20-1022,22,1262,25.66003575653987,33.778953092317245,37.36637454629064,139.11297784364768,127.51045314066724,132.21204289838278,567.0652120598412,564.7250380982108,530.6470713818661,20426.48294715811,24271.857804669467,17738.084978429826,14.7374647194694,16.84635032236341,16.36098460898824,25.763178655953475,109.4544187851104,138.3663077483466,1.5399417866140972,1.5487756209580668,1.2773803337778566,0.0210300804191205,0.399725292519548,-0.086968262658722,1.749276448051109,1.4687442903082228,0.1518122804564627,175.53607312273047,167.53630983127533,108.89502065109964,,0.1484700576277927,0.1509188152515458,2,20
DO-AL-0097,26,877,22.06948722918955,29.98246305565122,27.79940817104876,44.44134039423324,121.71664030989592,100.33264286121974,491.3877155577402,485.7755027702271,,18119.283727700407,22877.0499437588,,15.552326930190848,12.347641393079195,,118.11286614725924,261.69077381580234,,,1.619883662979233,,-0.2161879594967188,0.1933219081340738,,2.1292537329194525,1.2053219315217534,,155.43797056364474,90.86070890425884,117.61858211189886,0.2279021117045952,0.1407337242293803,0.2704851126971242,5,AL
DO-20-1060,23,1148,24.80845377285089,32.513196720136754,32.45118005343407,159.0112516546565,88.70737170282993,106.72223186588248,550.8823838107759,525.3017449529123,456.8569704790752,24669.1024234896,20709.048353472877,30047.278876234475,17.219979133714332,16.829246727608947,14.797483536137523,188.8481433300284,234.85046005516256,259.44540313388575,1.6179934383666732,1.526450090363065,1.243625297483557,0.1863388402271194,0.0003142629728676466,0.1832357116414285,1.9526358284583016,0.2546391947239655,0.4607420496653945,176.11345164736537,177.94355188904007,201.06359838310067,0.1497129332177027,0.1859760805664252,0.2535506614742788,2,20
DO-40-2069,24,1057,19.34880201378343,20.092991883560885,20.936473736322917,149.86191627982203,69.82284564945405,85.23538246654256,520.726024782866,500.7092114655106,500.9016507524551,22144.330338259024,20476.317460407223,28794.783861685897,17.147451262702262,16.795382138606712,,185.23651877848388,143.47458862909284,244.21646737371591,1.3594305356334722,1.2791344591787586,0.9995877403419248,,0.573002206317442,,,2.379254302895846,,191.26595657825092,155.63339098286545,138.732763892625,0.0957868639081044,0.177376735003915,0.2252038790132692,1,40
DO-AL-0122,26,854,24.817533308784057,27.01170256484452,19.816696888456512,119.24779738583683,118.64395238255918,,504.56195954832856,532.4467558285788,,28660.869089411823,15893.44960244198,,16.157228345781135,16.41031015799299,,159.5087487511843,192.50234313059167,,1.4714600513883398,1.329903295743334,,0.1528857504363159,0.366618546793232,,1.1874733572515,0.655731978389425,,204.13779476815927,228.3260184336997,90.71272227340307,0.0987552426463877,0.219433672531235,0.2899067334573214,5,AL
DO-1D-3130,27,776,34.604253519307235,51.18009586185723,,157.5041591987718,201.5939471971923,,527.8684642391231,519.6199379523463,,25850.265902515875,32644.969134734125,,17.455227514240946,16.586438120171522,,100.60825094960656,103.16020173072113,,1.7687536232762686,1.583784313186663,,1.182356957519153,0.2005962940875308,,2.6806006018528428,0.6145777708585309,,196.4564741195097,179.71922655288066,,0.1122496219736556,0.1795769444743352,,4,1D
DO-40-2138,27,776,29.39478921121475,24.38099022147782,,169.0391647968102,91.050143549324,,462.2734056046624,421.71550452781946,,23648.67661444165,23347.50631004275,,17.269392890176427,14.720498710608354,,199.1631607504061,271.7033808103493,,1.6186105361234704,1.6498008656560987,,0.7796879806991377,0.97494832381397,,2.228612517966673,3.1520050973401874,,193.4784741195097,120.57822655288066,,0.0893899695959762,0.213638984798187,,1,40
DO-2D-4012,22,1277,19.844874528511085,27.079636725414943,30.39462700014348,114.47865996488189,94.18008340212153,109.47065509983332,484.7525338849694,488.9665071293604,456.0286749638806,8156.165672649814,15712.43190749627,14625.086086775204,16.725357046012867,16.000383046220353,14.639647460219331,265.79645414170113,256.67669393150976,112.87948989307652,1.4418532731085647,1.462363442351891,1.2952125734015216,0.0879896200787896,-1.087580210409729,0.3658488889079923,1.5002662280744932,3.023578617447674,1.2044466966057157,132.4862874565657,180.44375303757485,187.9411124155824,,0.1521610821724496,0.2112723962874831,3,2D
DO-1D-3101,26,870,26.038715024077447,28.70013701969749,30.516041035022585,94.22969653787509,85.85410352413037,103.21639426072936,540.5692585285885,476.60453444390646,,27774.452328909345,18589.243329585577,,15.552326930190848,14.929243809351496,,247.1153744840859,211.8570868850869,,1.5257233049895458,1.711703584937692,,-0.1438936925863004,0.1795642641431454,,-0.4722395138947059,1.3746516632700156,,207.8544705636448,141.19320890425882,139.35908211189886,0.1187182136086987,0.2317174572547634,0.2689478176944643,4,1D
DO-20-1111,26,870,27.833739203620272,37.59549990815026,33.27330253403006,144.4113889105663,114.9878870443735,,505.3901147139853,524.6550542958001,,20806.286248932265,27905.17523088784,,16.793361996319305,17.043205970014135,,60.40825229287811,114.28690872243264,,,1.5108717724005052,,0.6266792178659585,0.663464015176279,,3.855505283185493,2.399264416400225,,203.6854705636447,156.08420890425884,137.87058211189884,0.1670946641925615,0.1747957645532321,0.323521050588153,2,20
DO-AL-0189,28,667,31.924763381655637,50.90098684238306,,182.19136262728972,154.5689242806424,,463.5660287542846,,,23665.129726950265,,,15.613095715622055,,,90.0884254856458,12.006026266442865,,1.779866800933834,,,0.1513686818531917,,,0.4816578340733103,,,198.39404342006185,184.7198581169447,,0.0884158731804645,0.2697294419445239,,5,AL
DO-40-2068,24,1051,24.357267827270057,24.374774576122693,20.85226559990797,218.11069940154945,58.28784005141563,71.77787593549772,410.645715727213,500.5084671153469,438.8534982298104,18180.666142263846,19221.72633832753,15945.089479249607,17.63158672491629,14.873427771160753,,181.52285551062764,133.47626444640306,52.819975876511066,1.5655509074611946,1.47607903489159,,,0.6589343236676714,,,0.5112230745598796,,188.883456578251,140.13339098286545,115.204763892625,0.0957868639081044,0.1584028374367379,0.2252038790132692,1,40
DO-20-1166,28,686,24.438632750832795,30.592092511380837,,204.12510835764311,153.79777708654422,,461.2725452089966,,,20525.22552381036,,,17.0115646697874,,,121.89402095880124,82.04611945112406,,,,,0.2225155268339548,,,2.0036565979314256,,,190.0306685597894,140.09644463554451,,0.0859010645035327,0.1487039149277962,,2,20
DO-AL-0164,28,686,28.44519394129528,39.86526888381537,,133.9538243029093,115.34775842641608,,499.49209821107024,473.289709365726,,27141.226441860337,17732.27900158465,,14.81076656067258,,,54.191082921730256,22.34184076020495,,,,,0.2535413374002806,,,0.9809116179557436,,,183.7766685597894,193.1089446355445,,0.0289793718020015,0.1487039149277962,,5,AL
DO-1D-3157,27,748,36.081635773489886,46.6711200196471,,114.57463100038424,119.67827125371092,,558.6178961266717,542.5788307187071,,23606.29813974224,33596.151818573264,,15.869105061667426,13.505564928840776,,19.72469055297329,37.77445953853725,,1.5550993371587856,1.726928131920362,,1.1053979523867947,0.1268504972112675,,3.607186278899298,0.5781037721020112,,175.99587580938527,94.48735676651788,,0.1363417466010428,0.2406791107652773,,4,1D
DO-20-1148,27,748,21.700160648269897,23.660298478379826,,126.57490446870972,97.23758222410848,,520.6973787773029,485.7655369527469,,17810.383985145956,25577.6331176563,,15.303881430613496,14.20825541204741,,182.4010589636964,248.8154389463663,,1.6625274788295856,1.474957081435854,,0.6854311355764372,-0.0661114721251075,,1.9724169435814496,-2.8953066911768177,,131.02437580938528,143.33085676651783,,0.1256426372171119,0.1997790706712915,,2,20
DO-20-1192,28,664,20.90731662409971,22.385922908904885,,168.73385609624492,102.66139908946946,,503.9620446332108,,,16933.90099182774,,,17.061235230200616,,,200.06999149523364,,,1.248853280102887,,,1.730608230091169,,,3.0475567732668214,,,145.67954342006186,210.63035811694468,,0.1913804610364354,0.2588506443974323,,2,20
DO-2D-4129,27,769,37.60004663956492,43.966939749938206,,197.87667879190636,169.8726818025866,,445.3443037395981,499.4387125627891,,19437.574238183373,19596.060272054736,,14.949093616555814,14.627269761420916,,212.018148985293,125.44218133785844,,1.220553911647776,1.493708317976819,,0.2993678253377805,0.3423368630838557,,2.1916860199208004,2.0805880241548107,,235.1734741195097,136.66072655288067,,0.1501974171080097,0.1795769444743352,,3,2D
DO-AL-0132,27,769,18.85302760862325,38.93223301588218,,168.95845238049034,150.889018241893,,530.5677421576552,414.55599511420326,,15850.607431956112,15733.228211653866,,16.433555749544386,17.12565103023219,,270.1745164210988,228.12008290885484,,1.6525522565408288,1.5371027265233643,,0.1561743658721416,0.0677143830590094,,0.8129082615849634,1.163537515970734,,211.0494741195097,239.2886764816102,,0.097422721467175,0.193025846586533,,5,AL
DO-2D-4085,24,1025,21.644763968720486,26.02486961548621,32.05986824412459,151.25179630514728,152.38110084166632,137.57994580136227,566.2951334989126,553.2233238630783,,21442.90590411841,13982.650850820415,,15.723480582548934,14.49227038672618,,150.8288471686094,255.72336688077056,,1.441612703299913,1.3702540245755248,,0.1449101237232532,0.2144165713339956,,1.3233985856442532,1.4739881999618527,,217.7295772468916,123.966919894148,137.02933469822142,0.1410262531647351,0.2427009897603767,0.2372819680596492,3,2D
DO-2D-4146,27,744,25.468715803812184,38.606516266889614,,155.90840106002196,165.81829364586466,,514.0987702006303,484.3597304931286,,28034.208674425583,23428.167589104803,,16.057568999816002,10.153518430258288,,121.42193081118958,84.33808358934975,,1.8561270129234488,1.811832741945602,,0.1344055227062192,0.2294048812842069,,1.3516138240652662,1.1727060741284538,,228.41237580938528,203.7883567665179,,0.174289541735397,0.2406791107652773,,3,2D
DO-AL-0098,26,863,22.07587259290494,45.58504266020543,31.176719977424565,171.326401972656,183.2366701661009,,448.5378321399152,520.8644259277639,,16581.07274292655,24111.70551538807,,15.286552473593858,12.88871199590125,,140.68051215961626,198.55849826224667,,,1.63226760378793,,1.5536088703293578,2.16506090067404,,6.605345134849892,2.683863489015442,,138.46197056364474,151.6167089042588,65.49908211189884,0.2279021117045952,0.1217598266622032,0.3084329078314782,5,AL
DO-AL-0182,28,660,29.68090895347065,44.302797869858914,,130.2838374361168,173.79393361070646,,476.689126901609,,,25679.39273530744,,,16.288668486809907,,,99.22975045267644,,,1.602788574401833,,,0.7677060540697769,,,2.0313245651942027,,,253.19304342006183,185.3153581169447,,0.0504680780461103,0.1938338516758155,,5,AL
DO-1D-3149,27,741,29.33440364198643,32.89128571236718,,198.2034215861629,165.81829364586466,,522.7657439261595,545.1493340485447,,24566.0029312525,25496.289058495066,,16.43458597110122,15.183970639282844,,104.56761290322676,146.32769352202652,,1.7285818481362758,1.5870411963299025,,-0.0490348271709564,0.1084122245685256,,1.352529685397956,1.7981912467864605,,165.86987580938526,120.10035676651783,,0.0983939514666887,0.1078618277950377,,4,1D
DO-1D-3156,27,741,33.245689338509926,50.34278246383757,,226.0796851147558,173.5082973778903,,522.411820473007,515.8741635957264,,28157.54921297365,16853.711194313124,,16.246062337638715,14.531036396045018,,126.56392610514432,150.61268960032217,,1.2298247813445349,1.288832881403024,,-0.7775210098894897,0.0065706127191825,,0.4544942753078687,1.3555100054133304,,253.13187580938524,223.4448567665179,,0.1553156441682199,0.2596530083324544,,4,1D
DO-20-1139,27,762,26.216799346621507,31.44873888566837,,112.24467485680135,131.66400891182894,,452.9658640770683,455.576865348728,,26615.38078089908,28250.34223814501,,15.59833405114284,12.777327205045804,,117.34298962855468,30.7245969020362,,1.8072489105473488,1.4627765509354125,,0.2303296395246928,-0.0185178901409425,,1.6544988209075064,1.2434370285773348,,192.5849741195097,175.55467648161022,,,0.2499475392880643,,2,20
DO-AL-0090,24,1028,26.24973348732877,43.69704966409869,36.849690417968816,169.51555516870812,134.65410361798416,73.17616454564771,480.2053992647677,511.7828264383825,,19704.492238929404,27319.105162220527,,16.686219590938293,16.21008029105958,,47.0513306722251,86.19518687332355,,1.7784979075345366,1.535328261331567,,1.5108926557310531,1.508979939467429,,3.184633237395901,3.2771674395992005,,212.57957724689155,144.814419894148,61.97783469822143,0.0789019428941296,0.2898353725550889,0.2980894155716828,5,AL
DO-2D-4002,22,1263,26.706134470126244,36.00316409715933,39.16395012978408,179.84369168709966,139.35885532777203,160.41692982450306,450.1811718473241,493.8132985631279,505.9595264068324,13951.335826641884,14496.789067060909,18761.39408760791,15.930310244860872,14.764988013749711,14.439182217338647,83.54128761152688,115.84315615819337,83.1701837502268,1.7048661443110196,1.7681797924231797,1.592183700624647,1.0700634856865596,-0.2423207342091028,0.0644185074314545,3.1961442324099725,-1.847065200011492,0.3746783148915093,178.53178745656567,120.28375303757484,136.4176124155824,,0.2090827748739809,0.1733246011531289,3,2D
DO-2D-4127,26,835,25.500907254936205,32.26465067090525,34.62497972592543,139.4944116738712,145.38730439045966,,552.6224886980011,574.2794219228867,,18532.327892967147,25671.83586930089,,13.166652972294898,13.674521217898016,,221.00024112155467,197.2882299694721,,1.336402891456107,1.4047872449832255,,0.230037757758023,-0.5074648863535098,,1.608302567495799,-0.4854394492153003,,188.05529476815929,156.25301843369974,,0.1088038484549557,0.1913475029993009,,3,2D
DO-20-1078,24,1044,27.15874072158372,30.523434282711467,30.679779182400807,201.76944147099505,190.9404044288576,120.80164972716103,554.2844570333215,516.2904263255818,,24765.13240625172,22323.85356342724,,14.633320464938375,15.257588125134223,,119.53324557795086,120.62127621151618,54.53397430782932,1.5201249319448071,1.4457275256579831,,0.1857559327498732,-0.1458314583531134,,0.9892866740200942,0.4672245138327646,,164.164456578251,146.08339098286544,128.904763892625,0.1337346590424586,0.1584028374367379,0.1872560838789151,2,20
DO-2D-4086,24,1016,23.5827586139266,30.21179788790038,30.349246659197927,114.7242785780256,186.0248671692784,195.25497379155445,640.3482582147952,508.6135409320992,,16121.761740870244,17058.513143539803,,16.029908338190793,14.49227038672618,,177.9671556644817,264.2933590373618,,1.3676399556878562,1.4869255309437637,,0.1917394708988978,0.2713069268979841,,0.535867254146597,0.6925683184866381,,188.4295772468916,138.26241989414797,136.73133469822142,0.122052355597558,0.2237270921931996,0.2183080704924721,3,2D
DO-40-2095,24,1023,25.82022874484578,26.83516606149068,23.52962900344192,201.23682056331384,72.5973121219005,73.17616454564771,503.9354625440027,471.2528475905427,,26218.720099713813,29587.42144449376,,17.05191595664562,14.21443763629622,,105.6935551438954,156.311457864312,,1.5703392119076556,1.535344690325787,,0.1190937048163273,0.1921283322543427,,0.4096368817972358,0.2546410904321474,,159.82957724689155,157.620919894148,161.4503346982214,0.122052355597558,0.2806487848947309,0.3321514558955347,1,40
DO-AL-0174,28,671,20.87440930693925,37.56811137823717,,151.25633269996698,154.75902755304742,,494.7725351445098,,,17122.19094135645,,,16.43705316690237,,,145.31866618681735,,,,,,0.3206883678062087,,,1.471333873438999,,,131.3601685597894,119.5469446355445,,0.1807705523394182,0.1866517100621503,,5,AL
DO-2D-4116,26,829,21.67989189525689,25.486790978261865,36.160506451391534,123.15315374331676,123.278543660886,,534.2529697411888,416.7942295502112,,21693.878034248017,15105.848735410776,,16.57147443324915,16.264179295244087,,252.99487850616205,185.2902409502444,,1.518624463293213,1.290457918388698,,0.2679420307381271,0.187960886073943,,0.8631080763793456,1.4683513870935112,,178.52529476815926,140.76651843369976,,0.0898299508877786,0.1533997078649467,,3,2D
DO-1D-3083,24,1017,30.695741038164385,40.90421882785036,44.21285912643252,173.36055703472096,,181.7974672605096,500.4065051904962,476.55641578155866,,24023.837951609923,29658.42211138197,,15.008764234730588,14.770154545222404,,88.83923723593261,114.03282989179506,,1.87365220898495,1.7795987983087578,,0.1789618932982014,1.165752928915006,,0.3045004517944441,3.195773744855319,,240.8795772468916,215.100919894148,192.12633469822143,0.0310686225721749,0.1327433591678165,0.2221938253029745,4,1D
DO-1D-3090,24,1017,29.49243146620958,38.26576966823944,34.35921244959687,141.63929164011526,157.1873531741823,142.3861981338783,624.0743006119501,545.1634633960995,,16794.5035799811,18513.965224770272,,16.23423628437841,15.604134878408466,,179.39548769058027,78.61019564455118,,1.3213721039338695,1.4421736662888036,,-0.1127142718830132,0.2321018066533582,,0.2810993222217307,2.1773537840531243,,154.52957724689156,188.594419894148,140.90083469822144,0.1410262531647351,0.2047531946260225,0.2372819680596492,4,1D
DO-2D-4104,26,848,17.34024444150487,28.31004663813591,31.146241730144563,164.40098059260887,129.11037451677447,,582.7852516051662,540.3875861284422,,26537.76024242137,20898.751472355063,,15.995405924849509,15.287890338493348,,100.5685086063754,40.17157734804203,,1.6181318036050825,1.3096877030608467,,0.2358935235326558,-0.5698317423497734,,4.337805575651353,-0.1268406767316922,,153.35297056364473,165.01870890425883,,0.1078394160616071,0.2208386597076718,,3,2D
DO-2D-4154,27,729,31.44294517069235,30.731640714170585,,134.76089079695151,163.89579271285825,,468.9945363203864,463.5343045134133,,19947.361861160964,10230.168990877091,,16.528859443903382,12.480717722575417,,77.4293044073544,184.32132541624784,,1.4299248496745998,1.2966725039576608,,-0.291614339899292,2.036395947075372,,0.7656803388695664,1.6555953511875865,,201.9058758093853,166.8583567665179,,0.0983939514666887,0.1647835204965689,,3,2D
DO-2D-4181,28,644,29.06075429295983,41.910168207303165,,139.28219814554262,129.5764121515591,,555.6594347621103,,,20914.842532726456,,,16.067748880333365,,,14.490430778728657,,,1.519774770269795,,,-0.473647587704849,,,-0.4813893181711455,,,162.3575434200618,142.72685811694467,,0.0384941243775134,0.1827491759186192,,3,2D
DO-2D-4187,28,644,21.74347671360581,36.926942319442496,,150.81720374358105,131.49891308456552,,523.334946071065,,,19912.14051059422,,,16.71701668418638,,,265.0198681564132,,,1.5729583787992103,,,0.0233110826766995,,,0.5639801144547268,,,215.6675434200618,153.15035811694472,,0.1252685121933133,0.2315757686000649,,3,2D
DO-40-2105,26,847,27.4029291952658,19.427094986550745,15.77455541762374,203.8122497192402,107.00161378720084,,505.0877365752816,503.8774521755082,,16747.725512138044,14449.383004045125,,16.793361996319305,14.83959649932541,,299.67799304451233,284.13068740567326,,1.478323246507,1.5286916611979078,,0.1572386513081625,-0.3455608921440852,,1.1526199460872053,-0.3900338580109704,,136.37747056364475,114.98470890425884,,0.1605517635535552,0.3114988023339741,,1,40
DO-1D-3129,27,748,27.548763639215395,38.55622119060701,,162.3104115312878,139.11266687448412,,484.9402771770132,470.24234606453024,,22738.618246635106,22230.69625013949,,15.783889861563594,8.577652309017363,,108.3212438905387,111.4445274820927,,1.576352407106154,1.3052905235551946,,1.2360830052309018,0.8558564350500649,,2.2253578323269902,0.9275245556593738,,245.00147411950977,191.1622265528807,,0.1122496219736556,0.1606030469071581,,4,1D
DO-20-1062,23,1119,23.80318115030389,23.88691356966919,24.11769224985225,143.63124419060523,74.2886147052819,109.6059832653921,454.6600172042331,518.8278862262694,511.80852191862687,18013.683149999717,19559.370436156285,23730.88484549862,17.59519641027541,13.074311006840931,12.157703962304367,248.55242202094752,208.28348436972968,177.17347843060958,1.5024815934822016,1.487608267520355,1.3738309283621255,0.3678228699047937,0.3938042921821179,0.3057185074374576,1.5665281113148717,1.832248119487322,2.5857500188972797,239.63895164736533,172.2850518890401,206.42459838310063,0.1497129332177027,0.2618716708351336,0.2156028663399247,2,20
DO-AL-0068,24,1028,18.443271933032698,42.35865229503168,42.973206285226105,183.50568260743412,204.39791095990248,239.035457107055,552.5029543394576,505.9171926299202,,18097.205930158696,16418.734017364186,,15.889744738996264,15.545779407161053,,55.5439708087361,35.77918962721477,,1.651710056152897,1.4384527912490028,,0.0680481084868086,0.0555736126875855,,1.2513161824921772,0.1318300032337212,,140.93395657825096,144.28339098286543,108.35476389262496,0.1147607614752815,0.2532723252726233,0.2252038790132692,5,AL
DO-AL-0165,28,664,31.422664143789483,45.95970513014995,,174.32634389604385,171.10028548360182,,541.4018153356886,,,25569.446943469586,,,16.054208557210448,,,40.76476187640396,,,,,,0.2062749245650328,,,0.8048784223751206,,,165.3116685597894,240.1649446355445,,0.0289793718020015,0.2245995051965045,,5,AL
DO-AL-0144,27,746,27.789522537345626,52.59158697070209,,118.9734281223238,117.24525191428091,,450.2891885702621,445.4319295879107,,23649.819344335567,18932.644347391328,,15.59833405114284,14.455790661078655,,162.76394805848835,143.84849336904088,,1.5605906912164869,1.592864116975945,,0.587936645052078,0.0835151045846747,,2.8627822765595696,0.6803896352595632,,193.1804741195097,175.85267648161022,,0.116396619034352,0.2309736417208872,,5,AL
DO-40-2045,23,1137,26.03410088612602,22.66119106038669,20.769219224898016,159.609132684907,78.3198087172836,76.8814712834307,483.5990793035826,551.382053549872,475.2242346804099,18931.158879785315,18992.167817084737,17685.792176562052,18.002395217998657,16.763254854121335,16.82759873410705,262.5975015813189,199.19304964237497,234.95445389937785,1.235158005204212,,1.2335139240982769,0.272367549407162,0.1751503509455083,0.5030653525185771,1.5883805655861152,0.0208659236279499,1.2939114315314315,145.27124363864428,124.10844932129608,185.31416984627964,0.1483417858452656,0.1776599815765206,0.186839000670818,1,40
DO-20-1106,26,842,21.28968429514608,37.7684561623116,29.1450348441236,130.95388237952147,92.87912631479983,,488.0850511319527,460.9433427464747,,15050.133933915744,16883.871456795798,,17.059475790379242,17.586140793702878,,69.83524366512849,87.7199330369997,,,1.552951413425221,,0.6581248402497246,0.6392891843559417,,4.560420661164529,0.5290142201244924,,138.16447056364478,129.27970890425885,,0.0950848287343556,0.1786815193637345,,2,20
DO-40-2096,24,1009,24.852676815444035,30.818824493641905,28.001544816106268,86.84801504943272,54.333553258339634,54.91240568208684,596.2255009375375,522.8638884646389,,17479.096284768213,15113.074577478264,,16.642999989289898,16.716960119327936,,41.70428037468068,36.33156767203426,,1.4364210526169054,1.512412244549036,,1.38953641253486,0.6514424601696567,,1.676716644854527,0.9587865353186444,,161.52957724689156,271.388919894148,128.68983469822143,0.0732257629161123,0.193874397078931,0.2264031705125576,1,40
DO-AL-0071,24,1023,22.72603783870442,43.51107687315919,38.917204219253854,154.66816861233806,161.14163996725833,140.02665905722512,517.1221082603873,544.5264343894853,,17522.903644009653,16437.114100803545,,15.986442691169543,15.737942150382048,,106.96392374828366,57.77550282913233,,1.757163652600153,1.7926955748398483,,0.0848978892635591,0.4896038115078433,,1.0211385904398516,0.8450604702364373,,165.355456578251,112.13339098286544,111.33276389262498,0.1147607614752815,0.3671157106756857,0.2252038790132692,5,AL
DO-20-1001,22,1240,19.97126768853225,19.958246096497877,20.21250795731958,141.9021209035168,82.8180742607354,102.7419018343109,503.5584310602626,384.0617306395119,476.0116517139135,15850.134112815203,12789.115767337908,15808.311554391958,16.08034428191588,15.837151892365164,10.134729963536069,176.48480355582586,173.8059230569534,246.85703394111988,1.4197131839298285,1.3867290830469423,1.2433622007279967,1.2233510727907455,1.4231152471961843,2.2102617618632325,5.1882465689585056,5.540778435769734,6.325315676059504,135.04428745656566,124.45325303757484,122.7176124155824,,0.1490318205150719,0.2910537413666939,2,20
DO-1D-3040,23,1126,32.56931930909393,43.84698050670392,43.8157852154937,153.84162988588778,150.4135937050238,142.2465030056485,561.7474361417418,472.15493157609865,514.0811219547488,16019.18445729916,13097.565128039752,27878.49274075041,16.419277387401863,15.921652225728618,16.27275640108236,60.63135309098486,49.21818690202791,60.98361312057524,1.6653214584917566,,1.2198147894063758,0.0623223550133055,0.0238694072654758,-0.1668305269719172,0.8367384215569389,0.7217490707958159,0.9264864806890224,208.30074363864424,168.1859493212961,143.02316984627964,0.1374629882981741,0.2047289791637832,0.308777486093966,4,1D
DO-1D-3045,23,1126,18.721195624952824,27.523240094107585,26.724112707423146,129.8103682233077,169.63860303508784,152.8202581371837,461.1031775698327,431.73565330964334,395.9509854595352,15877.90366867618,20678.98567024304,23605.860257225988,16.884642393231616,12.746950946595582,12.303010486467151,220.03320720358235,,96.40624736781916,1.357553609869237,,1.231482607615753,-0.5191104564270285,0.5804484368998497,0.0657383760563921,1.5135488358650353,1.2124283967195937,0.9297185891665192,153.35274363864428,153.29494932129612,112.34766984627964,0.1103939907109115,0.2156077767108749,0.2247867958051721,4,1D
DO-1D-3107,26,832,24.39721367076663,30.46225514765328,29.448243208757766,100.9584498033975,141.60663058131613,,538.5097997243148,544.469701452178,,16368.592589836171,22425.80277755718,,16.17268199523972,15.377566648665546,,107.13883592642868,110.15984662687065,,1.4889512091337256,1.3420814884138197,,0.8219463926029917,0.149981375802489,,3.174482026023441,1.6622432581544238,,176.28547056364476,156.9777089042588,,0.1187182136086987,0.1368479694188779,,4,1D
DO-1D-3121,26,811,31.69244884268539,39.62887330459449,23.53369592308296,176.02192940099292,111.74353806284756,,539.7929836792181,435.9171517563876,,26634.50037763974,19477.85906561693,,15.098106603008029,11.7350322453478,,84.45169942653388,87.02099755466453,,1.542980829268112,1.5089443402844829,,0.0524691685407194,0.5546910558369395,,1.2761753675552936,1.6290630451402,,186.5662947681592,180.3770184336997,,0.112689603265458,0.2331810529441574,,4,1D
DO-AL-0123,26,811,26.766784757377582,46.52884822958059,32.06151157454166,149.04656184743612,200.3502420353314,,540.2410729467085,519.2284309979055,,23561.279954665344,21511.07371297086,,16.065795061429235,13.485826694176955,,48.95584993115698,136.51172770752882,,1.3725104492769789,1.4525541404938114,,-0.1826272108565325,0.1739949346797153,,2.1087041542009617,1.4007522402202486,,180.3122947681593,145.23401843369973,,0.0569216927015312,0.1965740201535556,,5,AL
DO-20-1133,27,732,25.153062239622397,36.47672749384241,,148.77219258392307,101.86524445022968,,529.8566356620433,625.9273323452055,,20292.145526529497,31482.90564839183,,15.969473009343702,11.199018302115071,,77.06402649257576,63.29056709708297,,1.865827459096299,2.0111041552458984,,0.1932767746073828,0.364178051099698,,1.68073927703618,1.205972710345856,,153.5699741195097,133.85967648161022,,0.1353705166015291,0.1550780514521788,,2,20
DO-2D-4121,26,807,21.69419983749824,29.518438604281823,28.327875952131997,149.10691633890323,133.8522987924212,,519.0607677920303,491.6648917311786,,19187.823962835773,8329.433102239815,,15.92666092785457,14.044191707002462,,276.9908565446176,207.57222055738163,,1.5590738433388558,1.5228094238891,,0.8854046777955066,0.0965379373086906,,2.449952479869633,1.891585403157584,,163.33579476815925,149.40351843369973,,0.1846994387236641,0.229295298133655,,3,2D
DO-1D-3066,24,1009,37.46090155485513,48.12532386685713,42.357761882325285,103.4785247552729,166.90914276627754,110.22789459562584,610.154697244197,487.5487565932143,,33668.21213169233,37439.853791952,,,14.437721613917248,,34.433013285202165,57.48983642391264,,1.4396000137335268,1.5213578492464634,,0.41464753009173,0.0548015313507192,,1.3540871945861768,0.5918706591418841,,163.866456578251,137.73339098286544,195.61726389262492,0.1832955246232781,0.2375048726650023,0.3390472644163317,4,1D
DO-20-1079,24,1016,31.008421997622445,39.597577881998895,36.39127437227104,214.26569753553665,160.18038950075513,125.60790205967707,495.2440666417029,505.9171926299202,,20580.14153043491,20024.990694794666,,18.21289123817355,16.122355857831508,,165.525536818324,131.4765996098651,,1.9625058517550824,1.9237337573321849,,0.0523942492787516,-0.2672460617552545,,0.5224994768482057,-0.4868359366815121,,179.353456578251,177.33339098286544,163.451763892625,0.1337346590424586,0.177376735003915,0.2821255717148005,2,20
DO-1D-3048,23,1119,23.66249003534217,30.7527891187496,34.870538325098345,170.18288781644222,163.87110023606866,123.98274414208764,517.4512062088695,515.1698878559811,630.8296200145267,33149.476139670835,21067.73282387641,19543.595146209424,16.977739548232773,15.734710116938889,11.842023494144982,174.04091596320924,,93.83524972084176,1.635138372276313,,1.3722300468090352,-0.0039427235657931,0.0203508051956796,0.0199834797568336,1.814905495087327,0.7445229756699501,1.6068849257460924,194.49524363864427,199.75494932129607,155.23416984627963,0.118489090730997,0.147807286462252,0.2518557933924348,4,1D
DO-1D-3095,24,993,23.55677797991293,30.816781345332327,32.24264438900696,172.39930656821775,146.6135980426471,139.5024467343687,490.0301301519756,462.9110206115161,,20038.616679443738,23566.734870305016,,16.54079520467712,15.604134878408466,,148.54351592685177,103.46317289866585,,1.2892106721928231,1.2474283258603562,,1.182969889582023,1.0162953893190063,,1.3397269400363754,1.8225965588364987,,155.67957724689157,150.472919894148,152.21833469822144,0.1030784580303809,0.1668053994916684,0.180360275358118,4,1D
DO-2D-4032,22,1210,37.758074856529625,43.76111725994693,42.1229591545848,195.0790914842903,114.3303000790211,117.6600522483587,553.8966133347781,509.858967813513,452.8573054948925,20404.46250198715,21840.128230976992,20514.56139256546,16.397658621545613,13.0008832025416,15.060295243875704,78.0986772860616,165.15936780295368,86.8928617060973,1.6127541572425903,1.5944677449910147,1.441563432862134,0.2613514428777483,0.1348010606886326,0.2278768830993894,1.156747179298843,1.0303965897420777,1.8967453048774936,275.9405731227304,179.15130983127534,174.11802065109964,,0.2153106651435744,0.1969617104059855,3,2D
DO-2D-4100,26,825,29.668536011152536,42.09081302004928,24.333708738408905,158.63347779358966,188.70790343997305,,490.2792956578741,463.162641754909,,28590.12439566803,20842.96652597807,,15.906777592154857,15.108555476473535,,93.7125148811024,63.31055617083842,,1.9171918114739872,2.182304593065308,,0.1727548038082165,-0.0511151871671991,,2.138913303794185,1.2454528852346602,,193.8569705636448,188.2487089042588,,0.1187182136086987,0.2886391499562947,,3,2D
DO-40-2075,24,1007,31.92691700997452,43.71688494930928,37.03840948100498,220.75108166866363,65.97784378344124,72.73912640200089,,467.8209850851458,,,19332.359995981635,,16.10833877961605,15.97037210828438,,130.9882582494637,116.33711589917264,,1.551882346129144,1.8415320366969896,,,-0.0245082220748382,,,0.7452483724840798,,203.476956578251,218.18339098286543,113.715763892625,0.1302595867322492,0.2413906274755046,0.2860113265253028,1,40
DO-40-2131,27,727,21.790474162876208,21.12147617287277,,89.17466366072452,73.9889809216368,,525.826070248388,459.8425073582512,,27943.318399754186,16316.660780770952,,15.59833405114284,12.678645004165976,,36.78506335659684,187.55545336765627,,1.3875687249924993,1.5757128640291684,,0.1678640340667359,0.0863518085116511,,1.2394477678570135,1.5515426180684868,,171.1414741195097,169.0026764816102,,,0.2158854989642125,,1,40
DO-40-2072,24,1002,19.60833117771024,19.788175279583825,19.881177016856697,161.39692187786048,46.7528344533772,60.24287033745928,420.1749942198886,490.6720098830142,,2658.569184428133,22860.507224343222,,18.309814749107733,16.891562214519723,,250.93979197901683,274.3098022197195,,1.5683026256958277,1.4981248296293674,,,0.1637577152732372,,,2.582857901811107,,186.798956578251,173.78339098286546,126.521763892625,0.0957868639081044,0.177376735003915,0.1872560838789151,1,40
DO-2D-4179,28,615,20.58429384341666,25.9991753305942,,153.70095514309065,101.70014862296624,,539.4608355457809,,,22913.306325332407,,,16.71701668418638,,,204.74425665505464,,,1.5053823354082876,,,0.1833687980263259,,,1.989091159683291,,,219.53904342006183,198.1213581169447,,0.068346819491782,0.2315757686000649,,3,2D
DO-1D-3026,22,1199,29.64662161364784,37.15344834270555,38.83987419342908,114.33405229802128,146.0515654736268,158.03257184149322,524.684750495981,457.8990547093633,525.0616772773661,21344.77644586244,20387.74102369235,24822.279848054983,15.923536988412671,14.856345488911323,13.96067087332753,160.08493558411797,147.73371708455142,132.8851529464704,1.4733626447143229,1.5302750412433714,1.2634823503189874,-0.2239484136562212,0.4004343602593742,0.5981710756274035,0.3143217682066236,1.9341621428870928,1.6464951474194895,120.11157312273048,149.36930983127533,146.12302065109964,,0.1313199748547805,0.1698927128187229,4,1D
DO-1D-3097,26,814,24.820210184401,35.5230197878384,67.59098320385691,203.8122497192402,121.42037078474888,,499.885462398908,468.6426994418463,,21824.33296967372,22676.129642231077,,12.719844169488375,15.6466320096441,,253.97136820935893,138.72648714884153,,1.7541546482517392,1.344544125455101,,0.1378351793213036,0.4298279859392383,,2.7214092365254188,0.8893588270826933,,153.94847056364478,209.9897089042588,,0.0846561732848468,0.1217598266622032,,4,1D
DO-2D-4071,24,996,33.0282240566678,56.89359331183308,43.67178064137538,170.7660574104971,142.8778811036975,119.84039926065785,384.02717899631375,459.3755415443917,,18675.218370169023,20633.73987971468,,16.204672490407347,12.006615119003287,,68.14164910112781,64.34583014918564,,1.9920940933662097,1.775152925353725,,0.6303247096229003,0.4128282949155608,,2.4301870783648867,0.9057511510675964,,187.692456578251,180.63339098286545,171.49326389262498,0.0694521392202156,0.180583179963471,0.168282186311738,3,2D
DO-AL-0109,26,813,33.57840199444693,54.44469459351472,38.64773144233411,268.4126990894795,213.99668509420337,,499.5463692267464,466.9095112965504,,17446.5247402638,14495.235635820323,,13.69294067126362,15.958174828017928,,117.82719974203955,46.29830428014194,,,1.7151427754490576,,-0.003340583114227,0.1754765207467842,,2.0278583734694817,2.065761071304852,,182.8374705636448,159.36020890425883,,0.2050424593269157,0.2506913548219405,,5,AL
DO-AL-0138,27,715,29.17989806414875,46.12220279693168,,180.4934579785288,192.22278830153076,,484.0628903978582,479.6725488330348,,18239.97877000572,17445.21394350427,,13.65148235375128,17.620762655092783,,183.9032620447468,29.010598470717948,,1.488865752201229,1.3066587936783618,,-0.058859135720614,0.1847086677658762,,0.2716067133006485,1.5180323085841798,,247.68197411950973,234.5236764816102,,0.1202823738448544,0.2728071916657437,,5,AL
DO-AL-0030,22,1197,23.09398168245558,29.53313135138577,,137.19047691064128,125.58795220766083,,497.3610764655312,594.7197512483255,503.1845343917146,13564.370460659551,26248.15682589193,28586.59236675552,11.890406228838453,14.13126869728547,11.164842944050552,39.76083251171922,81.17344466835928,234.06455349694892,1.3503277636103983,1.5827710984993182,1.3286436464914222,0.4756627879603332,-0.7327048431265203,-0.3382823612628995,0.861726961492773,-2.4911643093554856,-2.062554987189191,103.27057312273048,167.53630983127533,133.61452065109964,,0.205391750329324,0.2268144055202541,5,AL
DO-AL-0170,28,630,34.03348864277953,40.25879435838418,,155.1013345659798,131.6890163569705,,459.859606815532,,,22149.431496620185,,,17.873946061673454,,,78.47272736540552,,,,,,0.1277929428454699,,,0.8312614240368978,,,121.5316685597894,128.7794446355445,,0.1656824095827434,0.2095113624398298,,5,AL
DO-1D-3091,24,979,26.02054120182405,38.97038405160515,39.95355556141816,120.49178137704482,97.58982425098375,137.57994580136227,408.7456501006994,481.28681926797833,,16570.305469535662,14967.56938330199,,17.767921158330914,16.253155588003192,,135.97419409718452,130.88714779975786,,1.6790143567340428,1.6290479109884823,,0.0715506300186556,0.2345652968724437,,1.3795128292247816,1.7290115138979243,,218.82957724689155,226.417919894148,194.21083469822145,0.122052355597558,0.1857792970588455,0.2562558656268263,4,1D
DO-20-1063,23,1084,31.4390663609558,35.02402326760117,30.029154392274517,173.43000865220452,74.2886147052819,90.38097393532804,430.7038051091222,486.99251935277226,467.7088200088112,18990.40211347048,18031.38617911452,16895.26713901677,16.84490407033609,15.889526882971571,14.709421009874497,106.29055222153254,66.02161457031475,69.47724366277941,1.5510474467717048,1.6091939403563833,1.4184077562462336,0.9920214342907482,0.0588246516513087,0.2420853791516454,1.1046433626395404,1.4284058743731562,0.4289118949541786,143.07195164736538,213.38455188904007,133.75609838310072,0.1497129332177027,0.1859760805664252,0.2345767639071018,2,20
DO-20-1141,27,709,25.355964011941065,34.65107077823307,,182.4159589115352,189.33903690202112,,479.2657399092257,425.3598285350214,,25077.511575267006,15083.440328687517,,16.062275078442397,14.357009271828442,,86.20535145960645,178.41412840062551,,1.4030086980692371,1.6825256730004334,,0.2740120738666741,0.0732419416256549,,1.3238459328678736,0.2212913018437999,,180.07647411950973,138.3266764816102,,,0.1550780514521788,,2,20
DO-20-1094,24,974,26.305560409266956,37.99090728268481,34.132475818527645,163.7480523696889,125.04159895295214,120.27743740430464,449.026236559899,505.3761024687566,,18318.414313560585,14594.343557859722,,18.746785493246936,18.172927713048928,,100.18528204309092,34.489567528556265,,1.7814931021479214,1.735404993704578,,0.932225476505099,,,2.981293434732778,,,155.37957724689156,161.790419894148,133.4553346982214,0.1319378807851585,0.1910801299087012,0.2372819680596492,2,20
DO-1D-3039,23,1099,25.181710068038623,39.76409746786046,43.82645367762098,176.91164108196463,173.48360490110068,193.19277773031823,535.2254168053894,535.4480064356248,498.1396848498582,18633.73270119564,15867.07477956064,20993.69798182818,14.559589258054928,13.68001716060525,11.38114280458085,128.3342911280559,107.7797999720682,130.97188239940394,1.666072283339056,,1.4393666813176142,0.3459323628540721,-0.1280197547011856,0.219800248417454,1.7066800650519829,0.6724469919317387,1.0478725756282268,201.82074363864427,161.0384493212961,131.40816984627963,0.0914200931437344,0.2156077767108749,0.2437606933723493,4,1D
DO-1D-3043,23,1098,33.72457281294222,42.73586386134161,42.19915757126089,135.57787102232692,147.5298423055142,128.78899647460364,505.9502463525709,533.9944644936046,498.1396848498582,24455.319306853657,29256.91219788926,35856.572106386426,14.838379370233936,14.707001579313673,7.789482283767167,248.59984772555327,148.3444295132668,156.96752527439736,1.8973999037743607,,1.333182310221844,0.1097053775413275,-0.0254104836847079,-0.1437194111127212,1.3289160059384209,1.02172094721186,0.4929695572271569,184.2632436386443,178.31194932129608,173.10366984627964,0.1483417858452656,0.2156077767108749,0.186839000670818,4,1D
DO-1D-3059,23,1077,27.55734347155601,35.90845779337143,34.87527214018179,131.3168666413111,125.46819215880336,136.33014813653784,443.7959421424527,450.3377843832671,521.8445519673636,21097.71943787752,22848.38047081087,43260.87983938079,15.7107059177279,14.85665609706946,6.098768011434623,139.7135216322384,107.09222012377664,221.1661048344448,1.8058816818167929,1.717334292853125,1.6136869539043377,0.3732004383945912,0.1345445481321526,1.3323046257580295,1.656052463286902,2.1232622314591927,3.308596473793981,217.6819516473654,176.4545518890401,162.0490983831007,0.1527379552526872,0.2568579502353771,0.2535506614742788,4,1D
DO-40-2055,23,1077,28.127935662430296,22.375490934673223,22.219419216498977,118.63873206152196,66.59861097325629,74.03971600477358,496.1506377846793,454.8907605107648,420.2679894175975,20015.17822647038,20318.42322977821,12752.952523448885,16.938660047992038,17.205360266530093,13.565070488295902,150.2831786253677,212.85414685324503,247.7330805198777,1.2921929504146337,1.233555671564789,1.3479242030559662,0.0639264242157448,0.2595349861974819,0.1948359382058206,1.2556515848901344,0.8777916278296639,1.848731018316406,150.74545164736537,127.01605188904009,130.1825983831007,0.1767819308049653,0.1940711805865106,0.2806196590615414,1,40
DO-AL-0134,27,706,34.599991266901675,58.00683179693463,,163.1909495814711,128.78025751231934,,528.5820163238998,484.5310147948095,,20201.245079362703,23652.116495372687,,15.2273015100115,,,62.78070623159034,137.84949885942692,,1.7667782212499166,1.5930473553171405,,0.0979667033799984,0.3131758282836704,,0.8642005242232571,1.2250202658827989,,235.7689741195097,135.05117648161018,,0.1353705166015291,0.3068692319895957,,5,AL
DO-1D-3132,27,703,23.74544209240318,34.12626874347656,,127.70539473717253,112.19765381239444,,485.8989889392145,543.2252134767604,,13690.070600126832,36151.68982383045,,16.5263945676103,,,66.04261591802184,134.5835063048891,,1.8557796452619053,1.433960548163934,,0.262927174242088,-0.545886210175258,,1.0529048424027911,0.0682003241864203,,211.34747411950968,131.30022655288067,,0.0893899695959762,0.1377433945294787,,4,1D
DO-AL-0127,26,779,26.446494328759847,41.32471454787293,,123.09279925184964,123.4502047150752,,431.6336836676876,459.0790808836294,,16540.95315781904,17053.87397927968,,15.24319596335063,14.49359654599656,,43.81385463720223,128.2274019561572,,1.886587128017908,1.8481896659676509,,0.302488927735338,0.3069138497892216,,0.713670401783508,0.3986949529581776,,184.1837947681593,174.12301843369974,,0.0569216927015312,0.1965740201535556,,5,AL
DO-40-2139,27,701,22.42290328747749,18.59453140360863,,158.465409665275,129.5001622094521,,603.7702228796735,561.8100705444342,,21637.152749790937,22689.9059503957,,16.24790071936086,,,168.3111889866776,258.56272617024274,,1.6378286792385308,1.460640502108077,,0.1403596042310285,-0.3639268320271694,,0.22213332397621,-0.3785513598544112,,148.2094741195097,155.7212265528807,,0.1083638671631532,0.3274823702012496,,1,40
DO-1D-3028,22,1183,26.323972245832955,43.74554427668998,43.63011508918987,139.32656442710456,136.43906080859475,136.88506157842278,574.133515299235,509.8678762205366,478.1178527137181,18870.77360422791,19788.89291558889,19681.421026996424,16.777096755186463,16.271625747773577,9.967818209241257,148.9439457805493,136.59272728098276,149.4538044492135,1.380491081123162,1.3150583916466472,1.2065629531997248,0.378680911056125,-0.0198735289047505,0.2187049945736571,1.9822520270170272,0.5814954967200064,0.6823827197997844,227.97657312273049,185.40580983127532,197.64602065109963,,0.1692677699891347,0.2078405079530771,4,1D
DO-40-2019,22,1181,30.145141636096263,25.67204132941764,27.08906784006052,113.15921524806122,93.86668681305515,61.07950837714576,434.70816567476766,419.3534371142157,461.66513608479966,22074.473479039047,15053.92812446658,23285.18020992076,17.49809348125698,17.596450780178852,16.861626181166333,188.021696820748,292.5665845309437,106.9430031741786,1.596168539577605,1.6402002649888696,1.335021038519269,0.0871850292546353,0.1362168258167785,0.0193764510276245,2.322381706755152,1.3512637981692397,1.0709828808562185,154.00557312273045,128.52180983127533,179.18102065109963,,0.2623134430308552,0.2268144055202541,1,40
DO-20-1042,23,1088,18.184773424257173,26.66640503315089,26.15342121697789,120.39053573456478,128.90369912189868,84.95784913880972,523.5636508703608,555.4270784774437,444.5642097976134,15595.946852202373,26033.124367431818,15880.899244891974,17.873205655735187,16.802134953038095,16.64262046917148,153.05154326162622,247.6658025055957,65.55427560409058,1.3912601945981231,,1.2143732028988818,1.681671660181966,0.4158886200375607,0.400709578530929,4.823429250857419,2.3645189643659936,1.173478629290953,159.16574363864427,145.2539493212961,137.36466984627964,0.1056088183440215,0.1984208878776828,0.1696565137875947,2,20
DO-20-1184,28,591,27.539198402504866,38.04316211460245,,140.857592567652,86.32014115891502,,479.40373386063953,,,16301.521789009988,,,16.771458282107808,,,53.80879202274277,,,1.187950994948727,,,0.060864795769287,,,1.14349479212716,,,219.24154342006184,150.46985811694466,,0.1154848707677271,0.201928951695901,,2,20
DO-1D-3076,24,974,24.287759187145625,31.682092609783297,35.082811303372424,143.8510443484074,154.4128867017359,158.29041792078596,612.5449167573964,530.2746813875879,,15255.631201479426,13739.501749860678,,17.361328454895965,16.601999108886723,,150.98490661484334,231.4606772027153,,1.5386659130932032,1.47198586353518,,0.2833023672711623,-0.3270791925580203,,0.5747493825510869,0.0515407486563555,,209.730956578251,232.33339098286544,162.85626389262498,0.1073999343545698,0.180583179963471,0.1872560838789151,4,1D
DO-20-1088,24,960,27.573096452590864,39.87676289121016,26.681947706415816,132.02678697508324,88.51408122583044,77.02116641166053,487.203214272223,492.462743701829,,18444.544200075205,12324.145815754511,,16.490204751232195,16.303465589999387,,87.33029380820402,44.773558116465786,,1.4244955790046765,1.5640519702348374,,0.0883382824839477,1.0140681306417123,,0.7288139238941451,2.3399161094852925,,182.4795772468916,194.550919894148,257.05133469822147,0.1210590832380669,0.1991752299287867,0.1505075802438493,2,20
DO-1D-3044,23,1085,19.136255053507668,24.715643250680937,27.418172077510476,141.34537382134616,198.47611703018396,162.43276280221573,464.1285754146655,543.1206228978207,557.7312764008483,13200.880672800742,21772.822213228985,25953.42863244719,15.675082754407049,15.267473695610573,13.59438279901702,253.45617661428827,234.0443510791794,192.1044931164215,1.510134656520625,,1.293791968717161,1.313535744354152,0.3152986530714122,0.2398636096154114,3.0228675743345104,1.440288600829958,0.9076068347538142,125.68974363864426,169.9729493212961,140.0451698462796,0.1103939907109115,0.2156077767108749,0.2437606933723493,4,1D
DO-1D-3060,23,1064,22.12115304178975,27.98676714727026,27.29391179265445,111.13060684474388,116.81693796027454,121.9113911389898,428.69775353794057,446.5167777566589,407.565662998232,18448.91888052967,20114.11773100847,16919.19056234377,16.70159444477449,12.6055867637516,,241.98209470089412,260.49507972676025,210.88211424653528,1.8781263675942903,1.6945102397658407,1.511816341634456,-0.026904813954975,0.0353945598529345,0.0763042576608335,2.1148110375839404,1.2236288015134844,0.4932559971882703,151.8119516473654,205.34355188904007,164.4320983831007,0.076842364983979,0.1809623599666687,0.2156028663399247,4,1D
DO-1D-3186,28,588,25.12351324768628,33.919887683978324,,172.92596447315472,155.53017474714562,,512.7561684228001,,,30628.35439924788,,,16.34596155005422,,,185.03327469489471,,,1.6596184302117805,,,0.7136720376633432,,,2.6125250013633936,,,204.64804342006187,162.97885811694468,,0.0912064718694615,0.1405920355746818,,4,1D
DO-20-1051,23,1064,40.19905697496189,50.09175249803259,43.425299323230895,177.45688903346488,91.59112310233957,155.74600565754582,531.3928994823864,,405.3150948877978,8823.583303887133,,10639.938804554751,17.501378184284384,14.85665609706946,,80.86624215697846,59.165620845041744,62.62124993750641,1.4192127539642754,1.2851200135898213,1.2315289277700308,0.0521304297079739,-0.167548577296145,-0.3269524375064585,1.2765333867695838,0.5940014186481694,0.3506395300634541,231.32495164736545,131.18555188904006,148.64709838310068,0.2105203807297364,0.30370522077999,0.3333320065534895,2,20
DO-20-1058,23,1064,24.4908978199821,29.48263257686715,28.85930755309497,123.44498439403796,99.28112683436515,84.61347113630882,465.23363294055287,519.4681577934573,429.83373575554026,20539.060872899787,22623.00851601765,17443.89690228666,17.59519641027541,15.04439228190487,,189.1338097352481,157.14919783540188,38.33960549383117,1.7036541045668538,1.4486846511483051,1.3864332717765044,-0.0800636281561656,-0.0339426292761471,-0.216959605625306,0.3559556548971416,0.5921804530186697,0.3448110594863075,218.53495164736532,194.9195518890401,239.7805983831007,0.134624790461028,0.1708879378097504,0.219488621150427,2,20
DO-2D-4156,27,672,36.42013364241756,38.97065910811036,,167.4434066580604,162.93454224635505,,463.6677614336958,,,23250.866042732097,,,16.43458597110122,,,66.85964741422521,134.04403809757912,,1.4339265754389627,,,-0.0824534415143688,,,0.3643852329803747,,,155.74337580938527,140.05435676651788,,0.0983939514666887,0.1647835204965689,,3,2D
DO-AL-0012,22,1197,21.38407099060413,31.145058743413,31.64196659527013,164.01088163309046,212.58688723866777,219.05320828119844,483.5090302372441,577.8243368103506,462.18614890520666,14923.737557895563,18476.03559214721,15640.049704691222,15.80670575918709,15.111052335387065,16.24441678728748,196.7671183264251,211.22822214073528,126.59147734362251,1.5580600539447895,1.4794131267655692,1.427402506487771,0.0040716236853362,0.2504299436248635,0.551446762741661,0.6548616484474095,1.7865928630357475,2.138102291440322,154.44328745656568,152.15025303757488,135.82161241558242,,0.1830938608389237,0.1543507035859518,5,AL
DO-AL-0159,27,672,23.18313594438006,35.19017770917207,,173.67617732736667,201.05263260645435,,563.3752263151789,,,22466.35836661817,,,16.340320309283292,,,51.85151177828954,50.84862012910813,,1.7055881970743716,,,1.0252832548594708,,,4.80933371223692,,,156.9348758093853,201.10785676651787,,0.0876948420827577,0.2377268658056457,,5,AL
DO-AL-0169,28,609,31.31062454299992,48.27001127712174,,181.05509716156627,115.34775842641608,,489.5936352900835,,,20607.823947001267,,,16.53278415185767,,,121.0370217431421,,,,,,0.5032965907846583,,,1.6525746566320387,,,159.9511685597894,180.8984446355445,,0.1277346144483892,0.266433055141361,,5,AL
DO-2D-4089,24,958,28.834366723679373,39.68523796023457,34.21255974443042,157.9805495706697,120.65983544706064,112.58743367227902,604.6445913799,495.7104782843152,,33435.97377493823,26871.37380300634,,16.642999989289898,15.696831437148337,,216.24645396392276,71.46853551405846,,1.4954001945719209,1.2137429782346254,,-0.1099146996426009,,,0.7670412101612946,,,198.32957724689155,202.889919894148,155.79183469822144,0.0879903152737061,0.1706911543021707,0.2980894155716828,3,2D
DO-AL-0092,24,958,30.470314916905657,51.96392488630683,44.0252749575924,185.85681309926252,193.2903820746795,144.3086990668847,464.0830861065467,514.5008305467087,,18357.151009396464,29659.568116724968,,15.118998626111892,14.34379767443928,,81.04563289337042,108.47716648046082,,1.7621838910183978,1.7612065919051831,,0.621756836631546,0.4099459906009093,,1.251362744015708,1.3862817621057857,,265.2795772468916,162.981419894148,164.7268346982214,0.1319378807851585,0.1910801299087012,0.2372819680596492,5,AL
DO-AL-0114,26,765,31.96008932958729,38.14160793173503,,160.58156744547455,120.5664533155656,,482.19202008922673,480.10099507217,,12895.419681937572,17552.64294254835,,16.340116100051464,17.117234283237504,,244.63733750665756,197.3586720193268,,1.284273471482055,1.277173499229564,,1.4225001799615236,-0.3184685956637951,,2.820565571230922,1.5919946007048758,,213.66829476815923,199.1395184336997,,0.1177291402135648,0.3332770579342975,,5,AL
DO-40-2048,23,1079,19.43792085539024,22.59109752123334,22.50845107539853,101.93410469471485,140.80108903999178,74.95897035042428,503.7736540794666,573.0531592306186,533.0402797252987,17391.86117571442,26189.84978716505,16639.914378225425,17.3502133245722,16.0151338521849,12.026405272187096,212.0345478574305,281.46497434565106,200.9601516782325,1.3244442520360389,,1.2582815702956027,2.000431054445074,0.5780016951236592,-0.3338708629005625,4.888866391233438,2.756021527549165,0.0661675467080473,197.2852436386443,171.4619493212961,150.76666984627963,0.1673156834124427,0.234581674278052,0.2247867958051721,1,40
DO-2D-4003,22,1190,26.08947057478481,35.00856269090628,37.78515430169863,173.11493842157725,190.3051300524418,166.1844326235223,525.4415795210623,488.9665071293604,524.6175880569307,20566.827943671487,16977.426117390773,19944.665464914488,15.57712469482749,15.144989004690498,14.840139964504893,60.116642383510765,265.8180188985404,88.59784544940126,1.5976524280633329,1.734176426034363,1.1711625489716346,0.0542433364543475,-0.1294341617534033,0.1994955343719936,1.8076493690970952,0.9600091272579144,1.9631109296747689,262.5212874565657,150.95875303757484,132.8436124155824,,0.1521610821724496,0.3251157816905455,3,2D
DO-40-2010,22,1190,18.541363547160348,19.349758877961342,20.84322881685433,176.95994028759003,19.2025470148717,78.71064017173083,514.934129065224,520.0667480153851,520.8815021998689,15411.69301962526,23607.638749214144,26101.23214114904,16.63699106610083,15.525094734133528,14.439182217338647,181.23919819666727,193.5444183779541,270.28167916913594,1.6317430479356698,1.7082008868693284,1.542521476895936,1.382223036229944,1.1055631817559224,0.2723642486422252,3.19254045027498,3.692816534571381,1.5534972756654213,170.00478745656568,133.98325303757483,98.2961124155824,,0.2660044675755121,0.1922984987203059,1,40
DO-1D-3087,24,951,22.109438094657843,28.61123776390057,32.167464597083175,148.36804490563767,162.95485597320155,140.4636972008719,351.64715007404567,504.1740421427072,,21522.51825391974,28182.327659949,,15.519236659315853,15.41876159914012,,250.52642259028767,267.15002308955894,,1.4489394342148976,1.3281233037524374,,-0.0387595980375704,0.4227385389426986,,0.0264098009204404,2.10001980194613,,181.7795772468916,210.930919894148,174.55483469822144,0.0271828677616725,0.1478315019244913,0.199334172925295,4,1D
DO-1D-3133,27,685,45.21101868701516,49.99214445690174,,154.62040779926218,140.07391734098732,,592.2520727950076,607.6396103778002,,28923.338735752157,30528.940380395103,,16.062275078442397,,,44.33196912132396,51.16891598073417,,1.5903524350769271,,,0.052734233311248,,,0.8136689180116625,,,196.1589741195097,212.90322655288068,,0.0893899695959762,0.213638984798187,,4,1D
DO-20-1075,24,972,26.18562043545733,28.773171604485547,25.64338788323868,133.52065834926762,140.9553801706911,60.24287033745928,511.1523733292751,521.4109386096344,,28084.667749303724,26919.399777654216,,16.470049644638276,16.699210707015766,,280.93476452708626,288.5931224807049,,1.5162311275592035,1.4284124569586345,,0.3744124204114135,,,2.688176043236811,,,187.69195657825105,189.13339098286545,164.643263892625,0.1906563517439898,0.1394289398695608,0.2631516741476234,2,20
DO-1D-3062,23,1053,29.32699990475737,45.75685853275285,46.37319101298399,154.38687783738797,137.96444822334502,107.49263414144175,553.2558887373381,558.2403863673361,583.6838041945387,27437.753283018093,24232.712896255467,20723.9547143788,12.83217434050272,16.829246727608947,,183.7061480360736,195.64880574188632,193.17079712291329,1.48590352231436,1.41077654486772,,0.0164744741860608,0.0477030974857788,,1.6971183959690972,0.268681160656453,,178.03195164736542,162.45705188904006,117.67359838310068,0.0388945698496248,0.1999362575338458,0.2345767639071018,4,1D
DO-40-2051,23,1052,28.111062022623724,20.649540131017915,22.53672324348366,135.9412404585796,72.3661137722755,83.65222066980562,567.587654954703,539.884835024873,519.299006188491,25013.160019867017,21786.20264974804,15590.347913485974,16.095143605088868,15.23215367385122,,132.0005286913063,180.573843063418,117.46919973969048,1.6904539424998857,1.548235174974793,,0.0785509766354441,0.4329269159164811,,0.6599679503338224,2.049469663588176,,138.38195164736538,104.67905188904008,106.05859838310069,0.1686868307848799,0.2049499781336022,0.1966289687727476,1,40
DO-1D-3158,27,658,25.638749699766382,38.6323889565749,,168.4046571245636,126.40702451923336,,526.6726310255476,,,21320.45793745785,,,16.057568999816002,,,276.8244552507111,,,1.7541687022696375,,,0.212901371024088,,,1.7802159547037506,,,223.64687580938528,189.49335676651788,,0.1173678490338658,0.2027313156309231,,4,1D
DO-1D-3167,28,595,27.16134237507389,37.90321854635412,,163.7525887645086,153.79777708654422,,547.4218655358105,,,21768.413719089,,,15.526274272223,,,142.1519296804712,,,,,,0.3471256069401137,,,1.12338476709999,,,193.6046685597894,118.95144463554452,,0.142822757205064,0.0934886114228826,,4,1D
DO-40-2173,28,595,35.21225122549833,29.376853262013245,,137.79882616892212,112.46400702690649,,516.091112194147,,,23367.12992019604,,,14.509262326446692,,,100.44463451839376,,,,,,0.2024939808882053,,,0.953922067809504,,,209.09166855978933,126.99244463554452,,0.142822757205064,0.1693842016915909,,1,40
DO-1D-3172,28,594,30.34630171706391,48.06753587944071,,195.47385415911427,134.57276775648015,,461.1395607545953,,,21893.89117029913,,,14.601688038638924,,,125.58327817772812,,,,,,0.3583676792254891,,,1.1760108262379627,,,195.3916685597894,182.0894446355445,,0.0479532693691785,0.2832275870946535,,4,1D
DO-2D-4042,23,1070,17.358347827145558,24.68394929662887,25.94492950459556,119.2366130917725,65.82355265274197,132.63399834061647,556.863585621371,538.299502685116,486.4109995341199,16010.370082187002,20034.239922556622,19319.356456561905,13.723524979915185,14.146744454000288,5.12187749007033,262.5975015813189,111.77912964514412,278.0900810875539,1.49876544893144,,1.0576429981323183,-0.1072022300509535,0.0794744100804923,0.150056224576089,-0.085243780718376,0.6729762885881702,0.9370249640732836,210.71524363864427,156.8689493212961,130.51466984627962,0.1103939907109115,0.253555571845229,0.2437606933723493,3,2D
DO-2D-4125,26,755,33.36798056555163,41.56667853494861,,181.78943220001213,199.21733051463903,,487.97485206647,463.9243259909026,,20770.609128757245,31609.95302891065,,14.178069157762176,9.151904986008711,,116.73200321636098,213.28554866177572,,1.730771163279347,1.8543796443765244,,-0.0922602564930155,-0.0700807254074145,,1.1246820490426086,0.8373832240908896,,205.32879476815924,184.54651843369973,,0.1467516435893099,0.1913475029993009,,3,2D
DO-2D-4050,23,1044,26.92242144519173,29.348774268682416,30.58902663808309,197.6431488300321,158.15070801991226,145.94265280156986,464.633230772419,466.32811933647326,,21202.31539702492,21306.48299038032,,15.7107059177279,15.98346502668636,,121.43087169817709,109.663217770754,86.90289438118165,1.5506681804371274,1.4764104991863651,,0.909436990498274,0.4117955664101517,,2.9523030910836643,2.636547417680942,,228.3404516473653,197.00405188904008,132.5645983831007,0.1717118528198644,0.1809623599666687,0.2345767639071018,3,2D
DO-1D-3176,28,587,41.546223486864335,40.17147039842245,,196.43510462561756,176.86778828262106,,516.091112194147,,,20474.070552874266,,,15.618767505897864,,,132.43927190300116,,,,,,0.5800132557290371,,,1.5915797056233274,,,212.6656685597894,215.7434446355445,,0.1129700620907953,0.1774793017116765,,4,1D
DO-40-2023,22,1154,25.704397730791463,19.95493464005525,21.03742551144047,143.9192301761637,103.4791914780872,54.35075511162336,445.14043392206383,515.0765223098671,499.9081426552459,16231.106266145183,21632.10613688804,22031.68586531142,17.405961256097605,17.033822747832808,15.66044850484451,212.8746740748627,102.5984250598374,271.7725189859505,1.5648938862045805,1.6739419104089035,1.5301780371766274,-0.0083038641098739,0.5305514503877894,-0.0028179715616724,-0.2963535638509534,1.823084255166832,-0.1611673051642917,133.96757312273047,196.7233098312753,109.78852065109965,,0.2704085430509407,0.2538834031075168,1,40
DO-1D-3071,24,948,32.33436538937857,34.51430676800707,32.15135414416732,118.85853221932416,137.11037830467825,184.2441805163724,532.5391344508697,464.6882480724109,,31659.63055802412,16914.206132986335,,16.78284426835714,15.339071168537236,,174.4095518428594,96.62613393901272,,1.4576521531165612,1.330984886982459,,0.0513719006485784,1.652977963914532,,-0.3127186346389822,2.3470268623421937,,146.294956578251,161.28339098286546,153.921763892625,0.145347729488924,0.1616092823962939,0.3010994692819776,4,1D
DO-20-1039,23,1060,26.61428481722553,34.407460632449684,34.204292174401694,91.5530217394687,139.47745425343393,158.97413505955635,488.1664998681691,535.52943756032,535.0137238640173,14786.117418712354,21061.006133998584,18056.471733380364,17.229117943064487,16.442343422610488,,85.91993803499466,44.55698839438279,127.25821913154766,1.8106136320954,,1.2385868801623805,-0.0933617315200594,0.0664435740158265,,1.61145997096535,1.305506110334924,,150.81374363864427,145.5514493212961,154.04266984627964,0.1017230635335192,0.1945351330671804,0.3365358370816861,2,20
DO-2D-4134,27,668,30.160863166285896,34.43286323314555,,161.34916106478462,159.29892667105136,,524.4470475190708,,,26924.994802944217,,,16.15508427996265,,,84.03959944686348,98.87520565242548,,1.4670258146677408,,,-0.0824533831084691,,,0.4273463212673103,,,170.5459741195097,233.75122655288064,,0.1083638671631532,0.2515867799325412,,3,2D
DO-1D-3024,22,1150,31.48469454539424,49.29551840680544,54.64926030832192,192.1953400847807,202.76534299731577,224.35885403021425,615.467501716505,539.8838203095547,519.4776337761681,21514.37114292318,24291.12459570699,29446.19339891812,15.35483055399473,15.12159551660068,14.960295374510732,46.38970630667392,47.46480885243363,64.03954928852063,1.6612419591190473,1.6281713203812758,0.9020136902176696,0.390736063864853,0.0574636309130103,0.101694319280857,3.0309272187159317,1.2674828195506398,1.6568745027865797,102.84457312273048,155.32580983127534,142.54902065109962,,0.2342845627107515,0.2159356079731625,4,1D
DO-AL-0108,26,764,23.143090891158025,37.527253395603374,,185.745158970204,177.46916736708167,,471.3759222623629,455.9499184844632,,19359.393123003905,20665.608734402493,,15.109398623235084,14.78380648811122,,108.9715411802286,89.71959787353768,,,1.4670609366667575,,0.1806262579401072,-0.0286186910447259,,2.345608677179718,1.3929982859543306,,243.2954705636448,151.91470890425882,,0.0911990739238532,0.1747957645532321,,5,AL
DO-20-1053,23,1036,21.43101684601985,24.102415502232148,23.88639872411877,161.1156311029104,85.82362030332033,99.99347860036006,488.0215969456459,539.884835024873,,12119.60789077706,23032.49504015531,,17.689024204447005,16.171363080071377,,145.99818254707205,127.43989169255212,41.48193595124795,1.479818824403781,1.535579901871441,,0.0343910969946291,0.0643294419487257,,1.4649116018439292,1.314641303349439,,181.65545164736537,193.13305188904008,148.9450983831007,0.0548434453818174,0.2239238757007793,0.291498456608633,2,20
DO-20-1093,24,931,27.188546643607783,32.28955507553255,28.421453538414607,131.06553650858004,132.73160268497776,89.51742247620216,449.026236559899,549.1933253927313,,20248.480337580346,20476.744726564597,,16.19624605285073,15.090004052767842,,83.61663054034781,94.76517902991482,,1.4835935371415645,1.3476987075072728,,0.5383608668994214,,,3.3209615051233983,,,247.6795772468916,249.64791989414795,124.52033469822145,0.0750161880836273,0.0962106420728158,0.2372819680596492,2,20
DO-1D-3010,22,1166,17.514276142746528,23.45297968085397,27.19672236199088,145.23867489298436,139.35885532777203,130.61816536290377,511.1379217280101,454.74880495584046,525.6950079408151,14683.608621886207,23609.310043331323,18479.959548421488,17.520989686083542,17.046691427564127,15.54208919052072,220.0898293065477,140.69613341230803,101.45283368428814,1.2335759305230447,1.3629703215541755,1.0928658958479316,2.3187801245091544,1.054980895204554,0.3199701659394867,3.017958080071489,3.508356135795016,2.421420526825011,167.4467874565657,143.81125303757486,142.96961241558242,,0.1901088773068037,0.1733246011531289,4,1D
DO-2D-4115,26,738,24.90979814912219,30.073150170493538,,166.4094247359609,190.56607631611016,,547.7416988966701,565.0325666761282,,24005.79559796889,27518.848662329587,,15.190142708847208,12.104303794363023,,44.74406910099438,194.14589951205525,,1.2568693540317206,1.157052816655736,,0.9149289019798196,0.7249634252377197,,2.579580520905147,1.867130114654019,,161.54929476815923,74.94801843369972,,0.1846994387236641,0.2103214005664779,,3,2D
DO-2D-4170,28,577,29.12157273957437,32.19064398111142,,272.37389147937057,158.60402941906025,,535.670249321022,,,16452.79871521283,,,14.786556830808909,,,90.44631033570396,,,,,,0.4331814844859545,,,2.109972095930649,,,145.0596685597894,168.09194463554448,,0.1238488596378869,0.1504103041244139,,3,2D
DO-40-2142,27,661,35.703467815297294,22.952818954950786,,184.41917226086147,114.12015474540084,,480.5826259079923,,,14817.599922204738,,,16.619241078430186,,,188.87917016249665,,,1.7685985690770465,,,0.1271687547032304,,,0.3855415545267834,,,173.82197411950972,148.5737265528807,,0.0893899695959762,0.1377433945294787,,1,40
DO-40-2027,22,1141,23.1724322094304,17.9836954739642,19.582947512829133,159.5128242236718,102.79529448098266,83.0550354542434,439.8136800591262,416.4693170835012,483.5163927525392,27421.910103510043,17531.131715542393,14260.610603182096,17.061762958313714,17.068454422868648,15.460367384858872,259.78251100579627,251.14495577408596,300.0,1.380390358578608,1.3214565880352946,1.2475534359484015,0.0835440323952012,0.3224786148008476,-0.0270303548063248,1.984611737835097,2.373063356026253,2.489216641538596,156.99057312273047,163.6648098312753,181.2660206510996,,0.226189462690666,0.2078405079530771,1,40
DO-AL-0026,22,1140,19.90024511854,34.29984800065963,42.35609944147298,158.33798717371172,169.80547366680818,237.94959421373505,558.0650696794851,536.112895036547,545.5774081635001,13027.152189321769,17276.82589423713,22211.44055767095,15.564998610071296,14.786133486593922,12.36254321149497,164.0257187822925,96.59943055022352,113.7989968994516,1.4541300146304867,1.4620647932713595,1.2527092479382356,0.3696310753236443,0.5752367329446575,0.100302490104855,1.690052330790462,1.6526098711015396,0.870147169050061,200.69057312273048,166.94030983127533,136.29452065109962,,0.152355812438295,0.2496740578979336,5,AL
DO-AL-0078,24,937,26.596160945849032,48.72874280661761,35.34983762542018,157.55192001184767,164.98664183327116,153.48416558826997,547.6776367114053,538.4998785992624,,18343.002350998704,28498.224849192287,,15.59969568952096,14.681386608622262,,91.8236042716391,132.0479324203045,,1.5811330699721706,1.5175560219542967,,0.083982549377931,0.2047141375696531,,0.4497655415955986,0.2642220831282168,,181.139956578251,158.28339098286543,138.13676389262497,0.0957868639081044,0.2153245301382692,0.2821255717148005,5,AL
DO-2D-4053,23,1025,25.08687641286507,28.9683397998222,30.654513909117423,167.84438436843283,134.11944635733218,135.36889767003464,492.6065335885145,490.6238094664784,,17300.1406128859,16992.311617228457,,16.07093338585399,16.735239475420627,,30.588954838309743,245.069093844896,,1.838275505005559,1.595476064157399,,0.288945761489501,-0.1011974501278682,,2.5052948982735894,1.1855433985506243,,156.28845164736538,164.83955188904005,153.41209838310067,0.1337640576855102,0.1240406672651375,0.1776550712055704,3,2D
DO-AL-0050,23,1025,20.702506915072963,46.1277441739948,42.62136342725307,148.43749652312124,182.90991742014376,179.7772673201259,635.4528229583306,490.1561123948556,,30530.127733200887,19485.062720431768,,15.814107179713716,16.641240395237887,,44.87227509929516,51.166961498889904,,1.2272073915076134,1.085237253568904,,0.6126305162097958,0.1084354163013791,,2.100817619433286,1.628399855872693,,133.0524516473654,180.6240518890401,198.6815983831007,0.0927912405161715,0.148028285432071,0.2345767639071018,5,AL
DO-AL-0103,26,752,33.99003585013232,59.666961762577145,,,199.57792809665528,,501.43868092003777,524.1101517478389,,18377.23371055673,26884.385459977893,,16.34998455113795,13.159307653905891,,43.839600790135,28.872653561739703,,,1.2667112618158465,,0.0702377782982516,-0.4158106928034379,,1.8350386116297503,-0.1857798934262937,,192.06997056364472,100.98720890425884,,0.1481207666253845,0.3076130475234718,,5,AL
DO-1D-3098,26,751,22.320882926691787,35.08990365007166,,157.67222732708646,119.49786985174246,,580.2370402634996,453.49369394306433,,23589.26124386923,14210.798538392448,,15.7295398943262,16.633705383511742,,66.00287357479064,31.601585191450752,,1.6370688826670308,1.458820016470388,,0.1229653228410413,-0.0560745392437077,,1.7923145930028923,0.4931004003395305,,108.38197056364476,189.1427089042588,,0.0997443160415216,0.2127435596875863,,4,1D
DO-40-2043,23,1044,32.59920199038617,30.565225600851303,29.472074826364217,224.9741644071248,108.11857317888288,64.38521521888906,422.8465376111934,375.4372491286458,441.8502199591696,22483.31181658868,18204.023531525712,23174.33567057295,16.977739548232773,15.921652225728618,,248.59984772555327,182.62439813963184,187.2481642276865,1.699099585261361,,,0.0900600912522151,-0.030239848727285,,0.9629149837634589,0.0026817709431625,,184.84374363864427,170.27094932129611,124.26066984627964,0.152227540655768,0.1815457363870229,0.2476464481828516,1,40
DO-1D-3052,23,1022,33.11468875795631,40.93560870897757,43.66301896505587,187.06939369849684,186.02697154850512,135.36889767003464,605.069958303126,460.9499721469844,,39516.74901251733,28371.71316875877,,16.791717860225106,16.359290882502215,,107.43321784241137,89.9522358105941,,1.8003789645222557,1.6691870005228109,,-0.1008479371536994,0.0550615092236515,,-0.6352598615041978,0.8839963311286532,,228.76695164736543,231.5515518890401,176.34459838310073,0.1717118528198644,0.2189101551010229,0.2725245590414559,4,1D
DO-20-1008,22,1155,23.928336230800987,21.97059940325892,21.970100638974607,180.3521395636449,101.08183312429624,96.01314856878848,512.4829264009246,490.5714924541358,499.54715777454726,17509.946412271936,22243.35546706221,20544.13009055001,16.99293824716224,17.10887490984848,16.24441678728748,178.1988019871441,108.67398266685984,92.02584231203778,1.7940165500460377,1.5290964729571312,1.1539137094724026,0.6023756310658506,0.2043810067041294,-0.1682871182165509,3.304740829304154,0.8470364450013783,0.5870291842273558,246.3202874565657,182.52825303757484,120.63311241558242,,0.2020677584061009,0.3061418841233684,2,20
DO-2D-4035,23,1039,24.88130169501292,28.75534356429456,29.038166756925,149.03537755337177,135.99483670747577,119.1764918095716,458.1203909061748,455.556250097167,,7303.359978897865,15408.815572454783,,17.3502133245722,16.763254854121335,,192.6092323024903,126.91944912178866,64.98294279365118,1.6197559188015205,,,0.028247656876124,0.0703444346604332,,1.8440511705374545,1.6133122383266512,,214.95974363864423,171.7599493212961,140.34316984627964,0.1103939907109115,0.2156077767108749,0.2247867958051721,3,2D
DO-1D-3122,26,723,31.135186589365965,28.548824565635037,,170.25442660197368,88.6735268667707,,,429.5568282874117,,,20957.74486957093,,16.1108574258653,12.565991905845902,,61.02705419851777,258.9921734969292,,1.488790376592982,1.2134082049627617,,0.2959169256485182,0.0819792756086483,,1.548441298023589,0.718943291625241,,213.96629476815923,188.8075184336997,,0.1657255411564869,0.1913475029993009,,4,1D
DO-2D-4105,26,744,22.71023464170621,26.83521000123105,,132.67971519800318,194.47540623899224,,442.823848266951,503.8774521755082,,15342.683446212128,23211.40098019335,,14.4010043555447,10.631577035823792,,83.7141906984126,86.44953499363478,,1.1035227860975203,1.425263829606394,,0.3692015909199514,-0.1840914006784723,,1.6267415537048353,0.0516235016667217,,181.9439705636447,208.79870890425883,,0.1605517635535552,0.1597076217965574,,3,2D
DO-2D-4106,26,744,20.462849964938783,28.959197520273623,,82.69469093983665,136.80037824880011,,557.9189658083098,544.469701452178,,24169.22657076266,22702.21052656644,,16.52731436458348,13.764247316924784,,80.57186024099579,125.01449969829548,,1.491256486942469,1.5435184897447214,,0.4279000469824343,0.5498316996816242,,1.0561944773005951,0.2836132796150773,,254.6129705636448,202.84220890425885,,0.0997443160415216,0.1178740718517009,,3,2D
DO-40-2127,26,723,31.312524373806664,29.36184600978015,,183.71193313301853,91.5572782662803,,388.8114808460748,447.57063043608616,,19875.19305576096,22354.691863670887,,16.57147443324915,15.061242244612773,,134.4433203399829,198.71656199557063,,1.7977023588379368,1.409479057889614,,0.0114152659095119,0.2126864678554166,,0.2001153823391015,0.3687379491246895,,190.43829476815924,186.0355184336997,,0.0708560533206015,0.1723736054321237,,1,40
DO-20-1140,27,644,33.86909617644476,50.79609550479541,,142.04343931840066,157.61777150741543,,545.1036409053926,,,21668.769676615517,,,15.969473009343702,,,129.6266450530022,,,1.464826194384473,,,-0.7296317751135984,,,-0.1267945066239833,,,293.84447411950964,183.2981764816102,,,0.174051949019356,,2,20
DO-40-2025,22,1127,29.00063061066507,23.8735997545412,25.63978973825485,117.21780369753088,98.95029261496984,113.8150503823459,490.7459957859754,457.38694020358594,489.0397543882778,25833.362770176307,21843.100504422822,14744.319060447358,17.34650865659529,17.157027863632518,13.860744005404657,230.3588712681664,292.5665845309437,172.87844967722958,1.5878223527867954,1.5901577004956402,1.5047802014399168,2.3132104426114783,0.1370352637419001,0.1161186959799456,2.3480505718726827,0.2568738839784915,0.5800864988447058,156.56407312273043,145.19980983127533,145.82502065109963,,0.1921274223668141,0.1737784676292252,1,40
DO-2D-4102,26,741,34.76208296917422,37.89538698019463,,149.02097312855764,131.0328754497809,,478.3184804333455,575.7920868377533,,18124.98845694484,19041.51053393249,,16.34998455113795,11.884039604789043,,54.57621736600229,63.88188898127783,,1.8843248516515336,1.6956124762375544,,0.0644577113138669,0.3113533778478684,,2.833493466515245,0.8369526867107749,,271.5884705636448,192.41870890425884,,0.0807704184743445,0.2127435596875863,,3,2D
DO-AL-0135,27,640,22.19519907102401,39.88045300425776,,139.15968791889105,117.24525191428091,,539.8913900986163,,,23164.54467717399,,,15.691108586571048,,,204.7569096257855,,,1.8263143207848345,,,0.7507942101890664,,,2.323975529467413,,,147.6139741195097,147.2616764816102,,0.1624395141887917,0.1821470490394414,,5,AL
DO-1D-3061,23,1007,26.789318470595138,29.713631438404665,32.073107485755074,182.26314136598083,164.87946128543467,132.48514627052504,567.5016387215051,535.1429353925199,,22038.333367790383,17510.17712575221,,15.170554154221168,14.76279726055268,,241.98209470089412,197.07713776798485,,1.7009920402918484,1.5004304773996455,,0.0734408262055072,-0.5483257922246189,,2.646486897611638,-1.276690639397279,,176.3264516473654,152.62905188904008,151.32759838310068,0.1337640576855102,0.2758318478025542,0.2156028663399247,4,1D
DO-1D-3166,28,551,29.37427494270442,41.117761007940096,,193.5513532261079,174.94528734961466,,530.9210763030212,,,34921.53450709048,,,16.081334963676586,,,74.16332523818055,,,,,,0.3507251979439276,,,1.935273411440662,,,198.0721685597894,191.91794463554453,,0.0479532693691785,0.1504103041244139,,4,1D
DO-1D-3094,24,897,26.94920359462529,38.87206984511735,39.42005640059189,157.01929910416652,159.10985410718874,99.1299271412342,517.7467585809675,489.254116917025,,19140.59707865021,22571.36353311658,,16.23423628437841,16.99533710821166,,266.5237412825914,180.8787687132069,,1.7230739111481213,1.4943584235888645,,0.4202598754126747,,,2.595817651672227,,,272.1295772468916,170.72491989414797,148.94233469822143,0.1410262531647351,0.1668053994916684,0.2372819680596492,4,1D
DO-1D-3126,26,706,38.74641370932613,49.17389019460974,,157.75817053743208,122.3172931943828,,525.2642062681724,515.5754752653322,,17430.21433771889,24822.18559432144,,16.295082241261145,,,82.73770099521562,130.4422911480603,,1.6884351792997574,1.894367742025732,,0.3673505437365754,0.6068303086847201,,1.3510209447561512,0.7470129809866948,,220.51829476815925,186.0355184336997,,0.1277777460221327,0.1723736054321237,,4,1D
DO-1D-3165,28,544,34.70674091310511,38.76978595164263,,232.96262235273923,138.41776962249295,,455.3244344588932,,,16745.35732196942,,,13.308224100210037,,,88.16097909394628,,,,,,0.1562504252307535,,,0.9013297934614958,,,176.92666855978942,132.9489446355445,,0.1617966547722411,0.2832275870946535,,4,1D
DO-AL-0061,23,999,21.39631633599155,30.371343610202995,31.938644605751268,137.86374139158602,154.07240342504772,169.20351218859065,,502.19766988534366,,,18123.3203729792,,16.188836885135938,15.04439228190487,,171.13682620640645,105.44357849063458,,1.6311495518597776,1.3157692156580878,,0.3369490703573747,0.582381436845006,,2.391982198471502,2.054540994212559,,145.41645164736536,134.46205188904008,124.82159838310072,0.0548434453818174,0.148028285432071,0.2156028663399247,5,AL
DO-AL-0152,27,607,27.4378833260065,44.60449884988353,,157.3349193968122,199.13013167344795,,498.5930161674495,,,15874.325043200712,,,16.528859443903382,,,87.84547883597284,,,1.598746182379178,,,1.4071831687973833,,,3.491929965661816,,,215.6058758093853,189.7908567665179,,0.1147638396700203,0.1889002731241999,,5,AL
DO-40-2011,22,1129,21.554301940969196,26.77398595676062,29.9236294313346,135.62617022795234,95.14133386862471,81.59439157124044,384.3992626001558,507.4361071196871,466.6681563785904,11578.157711407832,17562.58387852582,16643.638746302076,14.782801330970583,16.09546252871008,17.34894633399173,268.93878459911787,203.8284089658636,208.8634020468986,1.438832600964007,1.4911547239053946,1.360984604304075,0.3498013093829993,0.1397885681821448,0.2227355805129514,0.5239668687725343,1.457670353331127,1.430921285880727,156.3617874565657,168.82875303757484,149.8196124155824,,0.1711349797396267,0.1543507035859518,1,40
DO-20-1110,26,720,37.87027293691572,50.06306186067167,,97.3101160519094,103.45288144633506,,500.89529303021993,484.14510899831714,,19670.049900565587,28925.070472662195,,15.995405924849509,9.914619457678342,,134.96718405522208,217.4124810067474,,,1.6799552341281228,,0.0059895376692789,-0.0910405363266088,,1.7986565393044376,0.1699992843014968,,237.6364705636448,175.44220890425885,,0.1291468690582074,0.1937696621204092,,2,20
DO-2D-4109,26,720,31.621738499399413,38.51859315048979,,116.33845726744876,114.69161751922644,,566.1282432725637,425.605267105505,,10909.49316581016,17124.493629138688,,16.17268199523972,8.307394868549757,,85.99952194017025,53.59789839336831,,1.7680633193273283,1.8350126775623208,,0.2186007078502057,0.0851018086212851,,1.5158402656959575,0.5254825066190317,,165.86147056364476,185.8667089042588,,0.1187182136086987,0.1937696621204092,,3,2D
DO-40-2129,27,622,47.48342422414468,37.07370436646287,,106.47717205778214,81.67898465366241,,438.4065336587854,,,14700.585640633426,,,13.929451033482591,,,27.92940479478584,,,1.5053416941282936,,,-0.019395951492709,,,0.5144956498222789,,,195.2654741195097,156.4941764816102,,,0.2348593965313895,,1,40
DO-AL-0077,24,902,21.178363077839,36.31642194386783,32.331092444387984,119.10190135171958,132.30412597216224,115.03414692814184,450.42128257067554,472.8280965115513,,17902.978185052765,19001.14014343722,,17.05065288625279,15.161538071188648,,62.39996453400912,32.92168980906559,,1.3832893236119326,1.264249666093218,,-0.1720539961063553,-0.0682629670736465,,0.3496873121154221,0.3087708897020252,,147.78395657825098,200.58339098286544,143.497763892625,0.1337346590424586,0.1963506325710921,0.2631516741476234,5,AL
DO-AL-0171,28,538,21.364233098119385,38.99660723559781,,70.51129351369795,98.04525002935844,,563.5208335641266,,,23000.9353329218,,,14.81076656067258,,,160.45898566346187,,,,,,0.6107234805737477,,,2.183719317374724,,,216.23916855978936,146.94644463554454,,0.0897868193140351,0.1525896697382985,,5,AL
DO-20-1077,24,904,30.26538533870708,35.95242951901077,30.73140412347036,175.81567887540854,146.7228829697103,112.15039552863222,559.7108521037982,539.9486050099925,,23639.304913865737,16347.87999593147,,16.373312221116045,15.930134013498485,,46.68831224692515,92.340302094765,,1.4351746171917483,1.4180081227220862,,0.0532728517093024,0.2968830522626102,,1.2727132070908234,1.4236504391582594,,168.035456578251,155.58339098286544,122.35226389262502,0.1147607614752815,0.1204550423023837,0.2441777765804463,2,20
DO-1D-3022,22,1098,27.222483088320043,27.715723781091715,28.882035970516867,177.77658308723264,172.00532806921325,161.87757370750603,464.973034432025,498.47385042233566,467.3598931045112,18350.55071529981,17802.041886051607,15662.22029098963,15.923536988412671,13.707475180435608,13.96067087332753,168.94059414592897,206.86666296503108,134.59915137778867,1.5153400602775338,1.5439192544241978,1.1452419116511718,-0.2122173164692514,0.0779749905610971,-0.0928228828724375,0.0382313311948443,1.5932023506688244,1.9577027164425305,185.34207312273043,127.92630983127536,170.84202065109963,,0.245163360257843,0.2268144055202541,4,1D
DO-20-1027,22,1097,33.93596057643138,42.26235391692456,43.53046605403125,,192.87548486288503,142.785798029918,569.5140212006382,526.7580466731351,476.4880062929909,23620.44308821792,25753.798204662915,24976.262741769027,14.55363402063238,15.534915462688849,10.865526213539647,32.0478395707871,55.463468198585474,44.096394025842685,1.4917426613579194,1.3076838231460086,1.359794117807689,-0.060338495666487,0.1656532281686005,0.0384204208113642,0.8631546801964057,0.9978090062392296,0.4279125809511799,263.7895731227304,172.59880983127533,114.55352065109965,,0.1864178527621468,0.3027099957889626,2,20
DO-AL-0079,24,891,23.02525604672044,47.2362092845399,34.14060523558359,176.7769293419117,169.79289416578715,132.3366553251995,605.6936646592821,512.8443523069458,,33561.19463625008,21313.88820952546,,16.470049644638276,15.065494718834357,,77.8259504158734,68.34432405630947,,1.870443618935888,1.550082674107363,,0.0977940376030214,0.051851086457951,,1.541216541125214,0.4428982369647013,,169.52545657825098,196.38339098286545,179.53426389262498,0.0957868639081044,0.1584028374367379,0.3010994692819776,5,AL
DO-1D-3127,26,686,22.500126898433283,26.992591212864312,,150.06816680540643,153.07730812248528,,477.6618214701349,472.37703417713806,,21250.01372776793,20123.07652124814,,15.46628841547951,,,83.88036661609448,225.854870491443,,1.5503108109328096,,,0.2916662983212633,,,1.756217587496848,,,191.92729476815924,222.66751843369968,,0.1277777460221327,0.1344258102977696,,4,1D
DO-20-1003,22,1109,23.043545305375783,33.62267225107217,36.39139294608618,218.802158223773,117.4230910548507,98.89689996829809,501.5439493978658,416.1352642546384,457.246856072231,20817.65424952756,18801.50517600952,19672.389186562326,16.35404501743724,16.74537695302945,15.64239763090072,113.06686159705046,63.82435704736557,53.74654401259679,1.6411779214642328,1.655209530730675,1.3439830067859138,0.305872399985966,0.1853284316009567,-0.1577975370186236,2.6953606594958286,2.853701883888172,1.7096355153536311,156.57478745656573,187.29325303757489,163.5191124155824,,0.1641199632717466,0.2492201914218373,2,20
DO-20-1004,22,1109,28.60190088777325,39.35429661721555,36.99729835164002,165.93338256609687,134.72559945190835,98.89689996829809,552.9789416941909,581.9498785116494,498.4135669776229,25238.719341643344,18501.71933293904,18450.80389526868,15.441946756332744,12.844295378120894,13.03663521515815,31.93760251465322,87.53466868060138,81.74185172412825,1.7444291844476043,1.7090156968795729,1.233036666877697,1.9003941407741496,1.8443298819141567,1.8105247528083463,3.393739787308985,5.041642206614027,5.302844278529101,119.69578745656568,222.13825303757483,133.1416124155824,,0.2210416559732779,0.2681940889890143,2,20
DO-2D-4075,24,885,21.52941848098947,28.77207409913712,28.37678122649637,128.47103688435618,98.66035964455016,80.42913013402654,571.4145124496345,543.5147079604512,,21236.43223326234,23796.54028810079,,16.204672490407347,14.61794651383478,,191.5495361560419,159.18707668212892,,1.597100576189031,1.4286819714792367,,3.2285681994642337,1.0654313551521395,,5.185193002353837,3.9770638556242894,,196.924456578251,123.48339098286544,109.843763892625,0.1263738319217469,0.1616092823962939,0.3580211619835088,3,2D
DO-20-1114,26,680,21.3950541331231,28.987859773013746,,153.85281417995213,146.52021591115206,,553.3981328816129,,,17960.06838032646,,,17.25500801933267,,,162.3654128033813,41.95614757980519,,1.4123764342426304,,,0.2592070843905915,,,1.273761753869377,,,210.98779476815923,163.6990184336997,,0.2087128732389478,0.1965740201535556,,2,20
DO-1D-3037,23,994,28.2570679678734,36.2069224093119,33.50433520763806,118.27536262526928,116.7698273774117,136.47900020662925,508.2576492783538,537.0434980569188,,18341.71132800544,16897.578781618893,,15.861088905760797,13.866691876652418,,251.4565117777503,192.6227223223217,,1.6867097079608249,,,0.3599843867818363,-0.1194356194070341,,1.0184992522186598,0.2292749671701233,,230.75474363864424,161.33594932129608,105.49766984627963,0.0914200931437344,0.234581674278052,0.2437606933723493,4,1D
DO-2D-4049,23,973,24.735683179645388,38.47384018363501,42.95450204910336,120.7431115097759,124.50694169230016,105.57013320843537,541.9785912981631,601.9922890678907,,13943.608639486149,23926.4962104588,,16.611478496457053,16.265323206431813,,195.132804244862,169.65316286689287,,1.4297832605909102,1.467081532022953,,-0.4276104636728663,0.0394089888717702,,-0.8561832657984748,0.5219051191029264,,169.71845164736538,220.2345518890401,182.30109838310068,0.1527379552526872,0.1999362575338458,0.2345767639071018,3,2D
DO-40-2053,23,973,32.01898503695649,28.617540875367556,29.426428397900267,157.08875072165006,47.37360164319222,105.76098139937928,517.778358350981,472.0196680166015,,19691.49324563349,18784.344825311677,,15.814107179713716,14.85665609706946,,157.1391723506407,211.1401484219268,,1.403085032107061,1.4685710143441706,,-0.497370207264364,-0.1399260618266117,,-0.7807545655293395,0.0675224906531704,,220.87995164736537,229.46705188904005,204.6380983831007,0.1767819308049653,0.1750972830193336,0.2426718639271873,1,40
DO-AL-0045,23,994,20.856304467447256,41.197416235916,37.03684961223135,128.0805394665904,155.81871218398837,161.85788645906595,466.9702981794294,521.1155968678871,,22490.717383252257,20469.619433820244,,17.32110351336436,16.352413610339024,,30.50065542237117,65.12496957020181,,1.5913364304335595,,,0.4410426516269405,0.5844896725665102,,2.4934858835660827,2.7432214209185566,,191.6552436386443,208.0944493212961,143.32166984627963,0.1017230635335192,0.1755612355000033,0.2226924516786236,5,AL
DO-20-1159,27,578,26.308228782677247,32.255845536181035,,196.74618852344355,121.26884388668854,,506.556241681542,,,17777.017986407776,,,17.47205336729347,,,38.13952432774353,,,1.2184562610887386,,,-0.1722626242100249,,,-0.236484657960598,,,268.9163758093853,189.19535676651788,,0.144616534784289,0.1618312755369373,,2,20
DO-40-2100,26,695,21.26931429437932,25.04932468742141,,127.10888051350868,90.95662538179342,,467.325733697439,482.52565717255607,,22689.66869154163,17418.051584180168,,17.680684309837545,,,134.68151765000238,68.58028388727924,,,1.5995161926637005,,0.1800469852058817,,,1.488192790307086,,,195.0484705636448,142.38420890425883,,0.1291468690582074,0.1747957645532321,,1,40
DO-20-1059,23,965,34.87954091387052,39.64418790546078,37.68185092751352,165.7400049201789,144.45989876001568,146.13350099251377,508.167478600303,456.3783982880883,,31004.862367530062,22406.24233491256,,16.188836885135938,12.793061933996364,,146.85518176273118,30.884646728290576,,1.6234205612331194,1.4194378551571516,,0.5551429496715758,1.5511215919175914,,2.666342268910407,2.9561368788474587,,169.9314516473654,143.69405188904008,159.0705983831007,0.1535986880282051,0.2278096305112817,0.2574364162847812,2,20
DO-20-1090,24,860,27.35439004112749,38.05694471209637,38.96901147164543,119.5305309105416,137.53785501749377,,470.3771118541053,476.55641578155866,,18230.94427820904,22498.97585653384,,16.392210181802614,15.836611927659272,,31.054011979921405,60.485210403549765,,1.4917681124703162,1.4089256043856075,,0.0784243358554331,0.657049743506775,,0.5216429809113695,1.5314456525104132,,168.42957724689157,137.070919894148,167.10933469822143,0.1129639832179815,0.2100540274758783,0.2183080704924721,2,20
DO-2D-4027,22,1077,22.088358539369924,27.154868590347284,27.33110340658152,140.28781489360776,101.83404401447946,132.07880924590674,436.00681246145,453.9541571707528,527.8994704637587,16668.986502956275,12497.381139603967,23787.01744811523,15.449597663143225,14.856345488911323,2.2,205.220227608832,87.45810558319285,149.1681380439938,1.474755398692325,1.2529748382302333,1.236900619134791,-0.0246235053248246,0.1782564215692598,0.176545640937643,0.4228680845926596,1.0072862235234796,1.5021525624370249,214.1205731227305,136.26530983127537,130.04052065109963,,0.1882416675563119,0.2457883030874312,3,2D
DO-2D-4161,28,510,26.152141385164512,33.95160438859959,,129.14757197039333,56.71147996972072,,458.24412960827016,,,11052.917694759784,,,16.45151640064429,,,293.55512444691686,,,,,,0.4594295482556552,,,1.6868058892908262,,,218.3241685597894,172.26144463554448,,0.0289793718020015,0.0934886114228826,,3,2D
DO-AL-0130,27,594,28.99956849249245,37.29664047457272,,182.4159589115352,172.99777897146666,,483.3629492420448,,,17611.496051051898,,,11.614382143507846,,,215.61223302413447,,,1.488808381861458,,,0.3511326275954119,,,0.7888564072388198,,,199.1364741195097,129.3921764816102,,0.1353705166015291,0.2119997441537101,,5,AL
DO-AL-0183,28,489,24.970731245176168,43.69594102989365,,163.92760376372888,,,525.5044223991129,,,27338.738840967697,,,16.288668486809907,,,69.52044430982674,,,1.753321959471259,,,0.7812688337415702,,,2.594022142398038,,,190.6505434200618,137.96185811694468,,0.0314941804789332,0.2128077492429926,,5,AL
DO-AL-0051,23,963,28.735123581002004,47.72004005071688,45.39700052431411,159.0112516546565,150.22740155903492,138.44349726048816,557.001445976986,535.3179037187483,,26879.29069453226,29638.31903134695,,15.626784714596774,15.419940931302063,,35.730950132264475,24.88565221867669,,1.523772888892617,1.5910251925321544,,-0.7079047062685933,0.6015814337963574,,-4.299746175460547,1.6549528477299038,,258.8244516473654,226.19055188904005,147.1580983831007,0.0927912405161715,0.2049499781336022,0.2535506614742788,5,AL
DO-1D-3179,28,485,20.118922191741625,22.67241735350765,,152.73970467658745,,,484.7967358895747,,,16593.05957261648,,,15.696897980052182,,,181.03394502181885,,,1.2711674335425374,,,0.4938751595752623,,,0.3532973599780618,,,208.22254342006187,,,0.1252685121933133,,,4,1D
DO-1D-3093,24,855,23.29579871539769,40.55368642347226,29.56396425318613,130.10428604207684,134.11734197810546,,503.3506023747742,536.7423561698635,,16512.46724417821,19907.543024296578,,15.92775733293866,15.23341418889338,,113.97788089526696,110.60483302915856,,1.540677197113968,1.6485774904965247,,-0.2037869889849493,0.1376128675112529,,0.5384697349968967,1.1864057338009073,,176.77957724689156,217.780919894148,112.01183469822143,0.1030784580303809,0.1857792970588455,0.408047046164243,4,1D
DO-1D-3057,23,958,23.81037670493314,28.830415107718085,33.269896992012704,147.65812457186556,129.31319402481617,116.14388833997056,513.2511591619389,503.0336698134336,,31914.103025278146,24245.648936751702,,16.971987573058435,15.98346502668636,,274.54806489594097,73.09791790263128,,1.5490132009688415,1.3360380463492283,,0.022332199751979,-0.0833291873875441,,1.04728882913901,1.1112824640516588,,234.9489516473654,171.98705188904006,101.8890983831007,0.076842364983979,0.2378840526682001,0.3294462517429872,4,1D
DO-20-1154,27,566,20.278046019118097,22.23050859959404,,111.1948970046585,152.02885881479105,,511.14901433744126,,,18036.376191999658,,,14.644751911069918,,,269.81497896092725,,,1.153356431216376,,,0.7087152247520299,,,3.2048082808403486,,,135.49137580938526,120.10035676651783,,0.1485022895947913,0.1467431327802626,,2,20
DO-AL-0053,23,958,19.43606791093281,26.962216741092742,25.54519705470319,112.87122926250277,147.3436501595253,168.24226172208745,603.8604174552805,529.263360514551,,23766.824808233898,18633.35809850423,,16.188836885135938,15.889526882971571,,74.86724764736458,134.2958854178252,,1.291702733100481,1.3346796303431234,,0.7695798502171414,,,3.001052735530797,,,247.73945164736537,252.69705188904004,150.13659838310073,0.1117651380833486,0.148028285432071,0.1586811736383934,5,AL
DO-AL-0091,24,853,24.50082130505061,34.208951386047346,35.37559760392416,147.4067944391345,138.49910548399697,,421.4719537041966,526.0778296128804,,15055.355845784514,17123.761011787745,,16.686219590938293,16.11670238305157,,68.19064465848355,84.48118844200529,,1.402629788958803,1.5251817486965544,,0.1673341440942563,-0.3874620184666224,,0.1221530421691716,-1.077863035113215,,144.97957724689158,167.448919894148,143.58083469822145,0.0939900856508044,0.1721062323415241,0.408047046164243,5,AL
DO-2D-4140,27,584,28.42797633350544,38.05716265304389,,114.24788820612768,155.45392480503858,,569.747383410095,,,17756.783470913622,,,15.41280483518581,,,218.0171434949069,,,1.5061973254834975,,,0.1723684307553076,,,0.9277411733737038,,,190.7979741195097,171.01872655288065,,0.1083638671631532,0.19466508723101,,3,2D
DO-AL-0190,28,477,30.666644150165208,25.210498529604404,,157.19885049820644,,,468.7272918995489,,,14412.114840752438,,,10.796295393957724,,,253.4896092713192,,,1.405247916895716,,,2.1278489946600527,,,2.992886442733561,,,290.4215434200618,,,0.0504680780461103,,,5,AL
DO-1D-3151,27,559,22.015842907033104,32.82288122984072,,116.49713193339063,229.260824435076,,474.71235944031497,,,16035.173909708778,,,16.43458597110122,,,141.7042455817889,,,1.6329638201253138,,,-0.5576765160565582,,,0.5077398978897402,,,138.17187580938528,205.27735676651787,,0.0983939514666887,0.2217052131981003,,4,1D
DO-40-2001,22,1084,18.669489015717136,20.464169457816247,20.81752230446897,148.63087416903923,81.8568237942322,76.78813923872443,523.0875833027691,469.6738822775043,476.785846411321,19105.50003639991,12298.792301059935,23833.589898550137,15.98912465993138,15.47405208762451,11.73526861182338,192.48212224812949,170.66359259953663,256.56969171859004,1.656854334627586,1.6651321843466986,1.3910947474252455,0.8280272982960558,-0.0274890020519256,-0.306059506230055,2.852921597112591,0.520467682191505,-0.9073997760928528,129.9282874565657,208.14075303757485,126.5896124155824,,0.1830938608389237,0.1922984987203059,1,40
DO-1D-3073,24,855,22.486203724827245,35.854670943323995,45.50351634749007,134.2385396833754,128.45912410614943,,508.03422949296623,489.7398302976411,,17782.655567139293,22247.211004981644,,16.30101406072418,15.699776459476606,,104.13561615881112,183.1830547205845,,1.7544350175017351,1.7351544616681478,,0.5861583006073277,-0.1592629352626006,,1.8640841231204144,1.011381968322311,,151.059956578251,142.18339098286546,124.43726389262498,0.0733378940307179,0.2793384226098588,0.3049852240924799,4,1D
DO-1D-3050,23,945,22.65729916645412,31.12156285885566,33.95159788934416,148.61937503836876,161.9957098859251,166.1289125981371,364.2388313865506,502.5846246910071,,11293.900776321612,21794.502853240887,,16.16100683921078,14.76279726055268,,274.54806489594097,225.6437782899557,,1.6249735712250994,1.587258227441386,,0.0627428300077312,1.288077388006312,,0.6791535432933322,2.042743782575516,,151.3854516473654,180.6240518890401,156.39059838310072,0.1566237100631896,0.2038220123443481,0.2384625187176041,4,1D
DO-2D-4098,26,672,23.949475081538232,24.947412081951807,,152.86597499457045,147.37413338033534,,398.921249695836,,,18882.380074630284,,,15.906777592154857,,,93.7125148811024,183.00477995789635,,1.6091109109766562,,,1.8555883915461056,,,6.625425077498639,,,192.6659705636448,239.4747089042588,,0.122603968419201,0.1407337242293803,,3,2D
DO-1D-3152,27,552,33.00940256782876,41.465658048868406,,128.99338799793227,112.94951798818852,,480.3338213515552,,,21446.67657784449,,,17.00034848107733,,,89.42729342658218,,,1.591506087234405,,,0.0485048088478182,,,1.313035741355182,,,231.3903758093853,217.7858567665179,,0.1173678490338658,0.2406791107652773,,4,1D
DO-20-1145,27,552,29.435899078748392,34.335725425083915,,160.21867079632185,117.42384202067576,,517.7214292125353,,,16872.10096833647,,,15.586462444216185,,,139.83676458595983,,,1.5715026791294215,,,0.4312991390987413,,,1.8376850324062584,,,265.0443758093853,179.66485676651786,,0.144616534784289,0.1997790706712915,,2,20
DO-2D-4152,27,552,22.753773867197253,28.285240632858205,,164.55965525855078,186.96580390893516,,476.795735829013,,,20017.419230953263,,,15.7748838516437,,,276.8244552507111,,,1.663359231837577,,,1.4364705247044416,,,4.1022660620687565,,,160.50887580938524,165.36935676651785,,0.1254629490539512,0.2108264156510087,,3,2D
DO-AL-0137,27,573,28.353651457878588,45.582698092247206,,143.00468978490386,159.54027244042183,,473.76512059642585,,,14855.912679260278,,,15.505566163718512,,,131.34064348432042,,,1.7359675538223296,,,0.8058820911943424,,,1.0668807765905275,,,173.22597411950971,261.03017648161017,,0.1392562714120314,0.2158854989642125,,5,AL
DO-1D-3106,26,667,26.42878458727991,34.96935463324541,,142.29221986303523,185.82415204046345,,548.0927766662597,,,23396.554597671395,,,15.286552473593858,,,42.57822834677455,,,1.412096003279658,,,0.6060481365777868,,,3.679338102224223,,,163.77697056364477,144.7667089042588,,0.1376921111758757,0.1937696621204092,,4,1D
DO-2D-4087,24,827,22.396266373905817,28.30273982990582,28.53257660758961,153.1742972381537,161.99360550669832,,585.195406021196,526.069542256148,,29972.675649459397,22987.831276488312,,16.642999989289898,14.770154545222404,,229.1014421988096,192.87675773243467,,1.3072793419619575,1.401389303021717,,0.8030655611225122,0.5813418155134534,,2.3162940434629045,2.5971671391386155,,210.6295772468916,130.816419894148,,0.1600001507319121,0.2427009897603767,,3,2D
DO-1D-3054,23,937,20.47955034466787,27.94897133553808,37.1872341117037,144.77437317235595,169.68571361795068,166.1289125981371,499.51964780005153,505.5760600010849,,18633.59997220405,16477.825248146968,,16.07093338585399,15.889526882971571,,82.58024058829672,151.9418457432709,,1.935884256035092,1.7816084251154043,,-0.1924138809789687,0.1501179110480829,,1.7921423214190229,2.221646130954627,,173.1289516473654,,120.35409838310068,0.1527379552526872,0.1999362575338458,0.2156028663399247,4,1D
DO-2D-4110,26,664,26.20592302853533,36.36807907078341,,124.02846099947436,181.97915017445064,,525.0625908400677,,,21021.90883612766,,,14.932267409591148,,,62.00354390171473,,,1.6797029061788442,,,0.137213171487889,,,2.467123943992265,,,227.5109705636448,177.22920890425883,,0.1187182136086987,0.2886391499562947,,3,2D
DO-2D-4141,27,566,33.01761368463041,32.64123652369922,,197.87667879190636,114.12015474540084,,553.0351527385162,,,25183.935649749223,,,15.691108586571048,,,178.59517957458712,,,1.3623420241826842,,,0.082015480387718,,,0.9264943158011182,,,228.32347411950977,128.91772655288065,,0.1083638671631532,0.1567172920966557,,3,2D
DO-AL-0154,27,545,29.60973078074901,41.37853665321203,,165.98617359534103,137.610101817243,,565.7012081334018,,,20110.906575089357,,,15.680669678578798,,,172.40273478100664,,,1.8233591721850304,,,-1.840103803422109,,,0.5231828342443413,,,140.85237580938528,141.2453567665179,,0.0915805968932601,0.2226387230489709,,5,AL
DO-20-1041,23,955,26.299142261066343,33.314057891320985,30.551967099492543,175.1818123252473,152.9349607844788,95.53160427034496,499.18759073745946,484.5467090536496,,15116.954820656025,17064.307201456555,,16.677379207000623,16.08266584440816,,125.05623555009474,227.38348773499632,,1.188398627207932,,,0.5455807434654867,-0.0451989794227924,,2.481887102698855,0.5012388235673497,,172.4797436386443,166.9949493212961,103.71066984627964,0.1435566134783757,0.2173947854448598,0.2265782064891259,2,20
DO-AL-0060,23,934,26.60520957599758,46.31002219353075,30.42286078905437,169.5850067861917,180.02616602063418,95.18722626784404,574.2492666477976,561.9332406460537,,32014.42743609049,30121.95766250762,,14.877759899213745,12.886806735039777,,94.29256320230478,70.02094424339069,,1.8949812900657024,1.5959656948505754,,0.4808715987425434,0.0957309475570915,,2.0138792208164755,0.7334513197346302,,182.2949516473654,218.44755188904008,76.27609838310069,0.0738173429489944,0.1670021829992481,0.2345767639071018,5,AL
DO-40-2002,22,1066,22.663549833242765,21.323696002076627,22.733148623168272,131.32836577198157,92.43057892576743,85.43939343725323,391.9314983709581,615.9324368390608,536.1579450905728,17115.091849404278,22354.47423883244,20678.81922130901,14.803857330651322,15.111052335387065,,161.34448407918123,96.67599364763208,158.87178113344962,1.490990350045354,1.3707152325654572,1.4364951604074023,-0.0688654765363935,0.013024664036879,-0.7174844354946363,0.1907945236217078,1.4439559138953322,-1.1265659033511133,181.94228745656568,129.51575303757488,194.1951124155824,,0.1490318205150719,0.2151581510979854,1,40
DO-20-1086,24,827,38.896346674124096,41.08193092057719,29.745716922445567,171.43805610171455,113.5065933549137,,503.39635495742425,508.2034832382776,,23215.30076200914,24516.09916120318,,17.764966801604988,17.424710491473128,,30.48267916948197,48.487221384321984,,1.5460285831540976,1.482876768351965,,0.9129900006538356,0.7450939079440396,,1.810028661408652,1.5923246289309825,,199.7295772468916,148.090419894148,,0.1129639832179815,0.1531323347743471,,2,20
DO-20-1013,22,1064,22.48719164626276,31.257682239314143,28.62670326170038,176.5071376976321,94.35307985877384,114.27690743234932,577.5677700751437,543.1697829361575,473.7042487881305,21005.3522834562,21792.57279542093,18266.291065227277,17.084239962477206,15.837151892365164,,32.223268919872915,82.10700698142692,76.31419002495379,1.6169056404951945,1.046463572905472,1.079752171789626,0.6422074639961957,1.3545584284747003,-0.2532242242265579,0.584318092358954,3.782266308744336,-0.9274103845934903,156.5747874565657,147.08725303757484,141.1826124155824,,0.1451460657045696,0.3440896792577227,2,20
DO-1D-3035,23,951,24.764282530221724,28.75784527988418,29.719174393323133,126.92661682379811,69.66855451875477,131.67274787411327,527.0667631363832,543.3639644941784,,25505.0517364691,32216.11426942152,,16.140150489973944,15.1740460619772,,188.03856981897496,281.46497434565106,,1.3549586956130324,,,0.0403228313885225,0.156361975527408,,-0.192361647161645,1.394230422746248,,188.08074363864424,138.4039493212961,136.7686698462796,0.1293678882780886,0.1586860840093435,0.2437606933723493,4,1D
DO-2D-4074,24,839,32.06555035401858,36.24784900913469,33.65391073574616,178.45606114252269,139.03287923768468,,490.80552761608095,497.080787244637,,17283.080156903772,23508.19913906728,,15.145409263662817,14.34761724777502,,80.13963812035558,151.75975014641654,,1.7075037398730035,1.493749764173327,,0.0052572611603163,0.5875827213879725,,0.5034119666136313,2.0241024119279483,,171.311956578251,107.93339098286545,,0.1112856891650721,0.1465211396396192,,3,2D
DO-40-2052,23,930,29.58498237151681,19.75883018961271,18.709931471561948,173.43000865220452,72.3661137722755,65.38846180624476,454.6600172042331,449.7246131546616,,15899.79679251546,19427.04853136137,,14.596978926898796,14.76279726055268,,144.56985052097355,216.85347652632092,,1.1267669797959654,1.2206563223805915,,-0.213644555745239,0.1567608172415631,,0.725077198525356,1.2998394462121112,,163.7494516473654,158.5855518890401,66.74609838310069,0.1307390356505257,0.2049499781336022,0.3104723541758102,1,40
DO-AL-0076,24,839,22.379464894778927,37.541967513308656,36.65402636325915,116.21814995220996,147.6841334362135,,591.4893274479244,496.52704397357775,,22984.0093589664,17313.80222807683,,15.986442691169543,15.449708699581317,,80.96828087329018,46.34801085439189,,1.5107326226529407,1.7018055191511643,,0.376596888541055,-0.2931974306591696,,0.9310547166652436,-0.142355970649617,,213.900456578251,156.53339098286546,,0.1147607614752815,0.1584028374367379,,5,AL
DO-AL-0110,26,654,21.99447721407516,37.97309648257545,,239.5751850943834,189.0041729651201,,483.492243911963,,,30357.42774651259,,,16.438646000656355,,,98.9732169975388,,,,,,0.0374786862774183,,,7.320940233014494,,,173.00947056364473,190.9292089042588,,0.0722251763566761,0.1937696621204092,,5,AL
DO-20-1113,26,632,25.350560917345145,27.122984432106676,,,110.95394865053356,,496.033733510436,,,19120.79044343885,,,16.888956738757603,,,45.24218666330077,,,1.7804009577906634,,,-0.1416455674162914,,,0.1325036534802105,,,199.67029476815924,180.9725184336997,,0.155676935347919,0.1435380822625267,,2,20
DO-AL-0116,26,632,34.23221065563011,33.7174490296868,,145.20155998142332,111.91519911703676,,529.8027957365354,,,20251.2495884261,,,12.86942116216526,,,64.95316862346068,,,1.7685362135862792,,,0.153381431078812,,,0.0795810320981531,,,147.25379476815925,193.0400184336997,,0.0,0.2534957128550869,,5,AL
DO-20-1046,23,946,35.26135810735781,43.19410969633441,54.52511363524256,147.30554879665445,145.24495705245317,133.9816229304731,568.653046981911,575.0769130856879,,28130.46252602569,29218.709641583264,,16.49352959314215,15.902867740278053,,110.20158247866988,24.27467362378349,,1.7639297430774128,,,1.038104316786704,0.0671759459654599,,3.3290474196141124,0.4718929185435725,,220.75374363864427,163.7184493212961,181.44216984627965,0.1206969611006962,0.2514568257687117,0.298588041947332,2,20
DO-2D-4077,24,834,21.569678590283218,32.34296952541956,22.516478607679435,151.54104808043303,137.11037830467825,,508.041430892074,517.053636249553,,19054.931638106053,14313.586077130443,,16.10833877961605,12.906632311780324,,88.13829746650741,128.0494385131807,,1.5425698763215774,1.2674519471489396,,0.3471584199490066,0.3806823484907262,,2.426739181671765,1.929390834597758,,163.270456578251,115.68339098286546,,0.0884260367873927,0.1426353848291169,,3,2D
DO-20-1162,28,468,37.101220354422544,28.08184479853428,,134.9150747694125,,,490.4490788895451,,,20320.808005217947,,,15.00199083723378,,,48.47775481733609,,,,,,0.5703850028626919,,,1.3157458100532022,,,270.1451685597894,,,0.142822757205064,,,2,20
DO-2D-4034,23,944,32.98670362824226,43.09552282589747,39.3700876280081,172.10538874944862,137.91733764048217,144.16900393865487,531.1123767727554,534.5391550307843,,17294.64719821604,22131.037025618407,,15.024269377811468,14.80039824395963,,18.638391523687726,30.64987056274685,,1.7449379633166897,,,1.0534555276891449,0.6552395916411133,,3.529209613868339,2.0284387277924374,,179.6887436386443,143.7644493212961,140.34266984627962,0.1103939907109115,0.1586860840093435,0.2817084885067035,3,2D
DO-2D-4182,28,447,32.990376302077195,42.43233085949005,,151.77845421008425,,,484.0940903520923,,,16165.887530953005,,,15.418830861890507,,,113.33100698474787,,,1.6962592611411325,,,0.6326294555099762,,,0.8224387746607591,,,173.9725434200618,,,0.0764419195118675,,,3,2D
DO-1D-3109,26,646,31.457611657658955,31.41916886100163,,209.57975251825937,188.70790343997305,,462.6997307066053,,,22597.140270573625,,,15.7295398943262,,,44.00656037287307,,,1.596636476848675,,,1.9086175087782395,,,5.194405420719244,,,175.39197056364478,283.8502089042588,,0.1376921111758757,0.1937696621204092,,4,1D
DO-1D-3115,26,625,30.276232877865016,41.05300212473043,,188.51818546553457,109.82103712984114,,451.4344612883702,,,13548.933822844345,,,16.202966241934597,,,91.30769315180687,,,1.727042771355623,,,-0.0518281743497642,,,0.6942873105145723,,,202.94679476815924,180.07951843369972,,0.0898299508877786,0.1913475029993009,,4,1D
DO-AL-0099,26,646,26.520269341086912,38.94855993974305,,157.86889544161116,151.51540477149518,,493.40219722013694,,,12791.056506144285,,,15.375138062090317,,,65.26458118161314,,,,,,-0.0268065148039426,,,2.2729375336653663,,,216.49147056364475,170.08170890425882,,0.1101729714910303,0.1368479694188779,,5,AL
DO-40-2190,28,440,30.324619001383176,22.241221558165662,,207.53098126727,,,443.846921968033,,,27315.28571990649,,,15.32615487212463,,,186.46160672099336,,,1.2777684435945602,,,0.3710465231573054,,,0.6348026112990485,,,171.29204342006184,,,0.1821902048948445,,,1,40
DO-AL-0088,24,811,26.021530906202777,33.60539118317078,26.84820751034341,143.56179257312166,175.02662321111868,,423.78165789255553,511.7828264383825,,17690.757303872688,9989.234638243212,,16.09827623002673,15.183307235536493,,269.8711267435979,280.7340088279452,,1.604401062094459,1.693604349410318,,-0.0514615179180401,0.6292342910521577,,1.2248374955244914,2.9292782544698026,,105.02957724689156,148.09041989414797,,0.0831112881037128,0.3889142056005576,,5,AL
DO-2D-4052,23,913,30.553020714681864,34.84862598002198,37.032862372162896,167.84438436843283,119.70068935978416,135.36889767003464,488.10532868809696,553.761845718153,,15447.662694407474,22353.521901278644,,12.83217434050272,15.419940931302063,,222.27111274073425,177.08048940260522,,1.719789419406343,1.473826075110373,,1.080802115473423,2.025674697184052,,2.2504513151758903,3.125225964529883,,196.15145164736532,169.90255188904007,229.6550983831007,0.1717118528198644,0.1430145648323146,0.2345767639071018,3,2D
DO-2D-4054,23,913,25.07470096239095,32.46214424809896,27.45619502114697,172.65063670094884,156.22820708690583,144.98140233506666,545.1525858082048,532.386989317008,,18340.405168871468,16986.404390089276,,16.70159444477449,15.419940931302063,,216.84345104155972,200.21946822540164,,1.492438008654639,1.4814196072708143,,0.387370650391808,0.4311953332398457,,2.0382262649476632,2.0237305614521226,,171.4234516473654,151.73505188904008,73.89409838310071,0.1337640576855102,0.1999362575338458,0.2156028663399247,3,2D
DO-1D-3027,22,1024,29.217335256419044,32.79043392706037,37.19299976900024,143.17156629311737,154.7028196721556,10.0,350.70417964456607,506.6227635396252,,13851.297832821005,16977.801538423144,,16.1131630094647,15.298457005551771,,83.24067258001634,86.0297735570943,,1.601668663957278,1.3027706726208963,,1.3390458478282463,0.3933697672000141,,2.0401113508671336,3.104769254534777,,256.9680731227304,158.89930983127533,135.10352065109964,,0.1692677699891347,0.2647622006546083,4,1D
DO-40-2012,22,1044,39.1326726727198,26.708893030954822,26.18937598159565,270.2012355384007,147.04885905979765,112.35440649934291,497.18295299229067,537.3109197118873,552.3673021122306,20697.227136491805,26915.351853309825,22822.634969671984,13.019141130519472,12.58178055542679,,30.69300264588077,166.12044347686205,221.43272387656583,1.5091441254274818,1.42516740882792,,1.2133990107834467,0.9783597012016846,,3.083787759315908,3.12994702280736,,234.3827874565657,218.8627530375749,134.9286124155824,,0.1521610821724496,0.3251157816905455,1,40
DO-AL-0028,22,1023,29.71684629258454,38.5369832566871,38.04963911083109,148.7254825086797,125.58795220766083,213.918332551155,514.8769285329586,521.3010523751026,,13436.300229924072,20988.8747232674,,16.8533490522253,13.383185299316686,,244.01231224381092,265.7139424402912,,1.488631855864634,1.5232544847731655,,0.8939143362316666,0.1401233486390239,,2.015567482457935,1.1581425116242918,,256.5415731227304,205.35980983127536,191.39152065109965,,0.1864178527621468,0.3027099957889626,5,AL
DO-1D-3011,22,1042,26.689041295684085,35.17013016033922,35.803265065995674,156.7736804910228,136.47510392826246,182.5256905540767,544.49145103183,559.4370895716442,,19330.51567142638,21113.03952383935,,16.106940657830894,15.525094734133528,,79.82762434367068,92.41851093017723,61.45953695352893,1.4601115107510727,1.5086034614689046,,1.096332818894211,0.5785978539084631,,3.010363856969544,2.4042934971307286,,137.81528745656567,161.08525303757486,165.60411241558242,,0.1711349797396267,0.2681940889890143,4,1D
DO-20-1070,24,825,28.672127497424587,32.14570084788203,25.996909013412864,127.7531555502484,118.84661944111744,,530.0703154074614,521.4109386096344,,18903.775036211544,24247.3311030644,,16.857083469639417,13.433706116011663,,65.82796139664562,171.46989634062436,,1.4378508290660743,1.378087491559612,,0.6931780948893786,1.227091845054265,,1.815310574188252,1.9520932747589017,,153.44245657825098,161.83339098286544,,0.1337346590424586,0.1584028374367379,,2,20
DO-20-1105,26,636,27.6172256189072,32.41980162588142,,136.7213851785407,89.99537491529023,,453.7393949768583,,,23041.26051043223,,,16.52731436458348,,,294.3690381678196,,,,,,0.005122029236781,,,2.1873084128055527,,,177.47697056364476,145.06470890425882,,0.0950848287343556,0.1786815193637345,,2,20
DO-40-2086,24,804,22.9332223037988,26.072551969108467,16.6738774438265,131.06553650858004,70.2503223622696,,548.0134895862345,513.3324202136979,,16648.801072630966,15466.945160574312,,17.078356246332437,15.090004052767842,,204.45351994828457,182.17909902714567,,1.586544853817804,1.5020229817465505,,0.1513318727279837,0.1760970677026785,,0.523712691880374,0.653152387929746,,166.37957724689156,171.320919894148,,0.0641373905365357,0.1422535372272554,,1,40
DO-2D-4023,22,1020,19.118256173048053,26.323498915554342,27.54428263833465,186.42783728576148,174.88907946872283,140.73006344443556,489.7343181563636,489.03826775581086,,20453.38538525955,14468.114446217414,,13.460789763932166,14.060883285970752,,203.5062291775137,137.7353929018616,,1.709474047176169,1.3324892420354315,,0.1775539086741188,1.457371123410396,,0.5770580478844167,3.311170369134941,,146.97107312273047,197.31830983127537,,,0.1963367675763973,0.1779878128388084,3,2D
DO-20-1143,27,535,20.063110579483656,24.43249014532769,,125.7021813878462,142.2377640433642,,533.299669864111,,,19209.143587528262,,,17.08359346399781,,,175.904602698595,,,1.2312673412337922,,,0.2079580262399332,,,1.2275272268536386,,,164.5894741195097,129.6901764816102,,,0.174051949019356,,2,20
DO-2D-4185,28,430,24.802165180981284,28.855601060528745,,133.5146953465234,,,484.19051942207193,,,27192.111230168688,,,15.975025718014235,,,208.74358632813065,,,1.259464989755166,,,0.7521798112793711,,,1.5713831206667737,,,134.66004342006187,,,0.1860759597053469,,,3,2D
DO-40-2093,24,799,21.039659773231584,22.6351562404458,,159.90305050367613,75.4810635214101,,462.12417117622806,529.315268076223,,30060.45229550181,25331.366024834817,,17.460995762444657,16.80974433750979,,105.6935551438954,276.862680867029,,1.8246508233327217,1.5299447411104306,,0.2226628640702024,-0.3261361444729593,,1.2845052900849787,0.0930063065917768,,136.92957724689157,150.17541989414798,,0.1789740482990892,0.2427009897603767,,1,40
DO-1D-3063,23,903,22.236882898285344,32.61573540856535,37.75465661467083,127.47186477529831,110.08818469475212,112.29888647395778,498.852728567776,477.1907608270168,,21826.95504055509,18228.87507822074,,16.88184886197829,15.32604402689563,,138.57085601135967,193.64914090534836,,1.611428349603311,1.4945726368473922,,0.960285824551474,-0.0736167007047222,,2.0112622464054977,0.1081251380157088,,168.65245164736538,157.39355188904008,164.1335983831007,0.0388945698496248,0.1999362575338458,0.2535506614742788,4,1D
DO-40-2063,23,903,23.96374797825383,19.1283982076071,15.633528862415542,155.16624978864365,137.0031977568418,102.68638180892574,477.1007662739114,449.3979463440815,,16989.02658319029,19403.14685692756,,15.7107059177279,11.949570484735208,,274.54806489594097,258.781081295442,,1.5726957033979536,1.5027306524375716,,1.3684248705435869,0.3409879793664049,,3.2755288987654807,2.11642136474025,,211.4999516473654,88.29905188904007,84.0195983831007,0.0659635674368874,0.132135767285223,0.2806196590615414,1,40
DO-2D-4001,22,1035,18.673551889651016,26.416842422059585,33.58478658616124,155.8124300245196,86.4900796700959,120.04441023136854,516.4093130280871,470.4952737601901,,17048.180953370844,15985.175081992036,,15.135777295867314,15.240005402672187,,201.5215129672665,158.69311694114967,90.88317669115894,1.3309595748506693,1.339797369512965,,0.1202274170157124,0.0139651116070043,,0.9175689786151368,0.6626264324557826,,186.41878745656567,130.40925303757484,157.5626124155824,,0.2090827748739809,0.2871679865561915,3,2D
DO-2D-4011,22,1035,24.41564507765749,30.7067617596854,45.20823570300635,187.53369541912528,193.1888814519514,130.61816536290377,465.2451689852503,463.9235008895778,,33560.14043721847,26782.42276412421,,14.6945709437125,12.676644771728816,,144.6738983285446,120.69948504692836,46.89055028732379,1.873176351232077,2.022993728083706,,-0.0316800560466026,0.1025166551867016,,1.8256197653298056,1.4786134134753448,,209.4412874565657,172.99775303757485,138.80011241558242,,0.2129685296844832,0.2531059462323397,3,2D
DO-40-2029,22,1014,29.915069994535543,23.67616037175479,25.246667122730337,152.7840709581494,60.50027395484175,79.21003358823059,560.2696315714417,524.4703985736257,,27066.84646503716,22104.115251439267,,16.30281905314382,15.740713353120036,,192.3652393739451,277.99759786473857,,1.6093653395295369,1.8405011447650288,,0.4651888293208517,0.1318112071360083,,1.3361833100974492,-0.3053628970918745,,146.75757312273046,149.96480983127535,60.64802065109964,,0.2072155651234889,0.2268144055202541,1,40
DO-AL-0003,22,1035,22.302616589038298,28.26412604746187,29.365540634698867,121.71586110694952,136.64810038491476,135.42441769541978,492.09984847652913,512.8780347171954,,16908.745773600112,20409.19903196228,,16.810358890847656,16.654521898754876,,264.47005636349604,294.9284788701099,47.74754950298291,1.5419761600757438,1.3518073017029189,,3.1604570626719566,1.168007278037339,,4.757874855171143,5.850257593198218,,154.2297874565657,155.12875303757488,180.1976124155824,,0.1451460657045696,0.2112723962874831,5,AL
DO-AL-0025,22,1014,20.592713616130347,29.483291959672066,27.75044129194413,127.57797224560926,163.07672040128577,175.46831389102692,574.4750386689874,542.8625947212976,,17302.406198413624,15233.856569722708,,15.840957361928172,12.82233909119449,,101.75044244439604,86.88677277275343,,1.5841230025814417,1.6546603777160276,,-0.3778749247176999,0.2543699017204877,,1.0576567287328136,1.562081542195006,,195.57407312273045,136.86080983127533,137.78352065109962,,0.1903036075726492,0.2117262627635794,5,AL
DO-AL-0052,23,902,26.69893546562101,42.07395976405695,40.93644947555989,160.9337525876629,165.60740902308615,124.98599072944332,496.9792565457231,540.1226095191962,,13565.91670247176,21690.344574543324,,17.126197431022682,16.453266225061782,,65.44025627511418,24.314319408237303,,1.693644460766799,1.6427006735017375,,0.3282741100524315,0.2675459302552076,,2.266254206429991,1.780201094109522,,167.79945164736537,166.6265518890401,127.50159838310071,0.0927912405161715,0.1100804902977168,0.3104723541758102,5,AL
DO-AL-0156,27,510,16.766706709103616,30.434932036627178,,101.58239233962644,,,493.7426175643161,,,20892.62264215165,,,15.869105061667426,,,72.13382654888885,,,1.4966910929653223,,,1.9679250516658613,,,4.9514474514682725,,,189.9933758093853,179.9628567665179,,0.0876948420827577,0.1808051731041144,,5,AL
DO-20-1018,22,1008,24.187549442354364,27.73060635327473,26.540406778991787,153.5317348411957,119.82044940864164,98.56827657077068,551.066200590253,440.7263694926273,,24288.1098041303,15477.39734675332,,13.542957044618213,14.13126869728547,,155.741393030921,199.43933642931867,,1.1343543223888903,1.30825527338824,,0.3554827691411127,0.641812095810428,,0.894910450888005,3.5118419904567206,,196.64057312273047,166.94080983127537,163.09852065109965,,0.1674439551949698,0.2268144055202541,2,20
DO-20-1009,22,1028,22.17966537199895,31.08810028628693,26.894711876147863,110.18085550891112,112.61683872233468,83.51689250424683,526.8639094035249,450.635679322609,,15102.800763104357,13056.167728356786,,17.358194922144282,13.569312418999576,,244.75907440333617,231.22487050611485,,1.596524645832899,1.5409860306276522,,0.9136750365678108,0.0082517403244024,,3.330642942906216,2.3662056967460905,,103.70828745656569,167.63675303757486,159.64761241558242,,0.2059535132166032,0.2720798437995166,2,20
DO-20-1028,22,1007,26.932217999035178,32.13426366347349,32.24359738975402,,136.16170733919608,98.56827657077068,428.4673724913536,483.54128606170974,,19189.73306145308,10973.03652217471,,15.840957361928172,15.909464772683576,,116.89076192104058,119.45274296780023,,1.496494652437486,1.2204738820284031,,0.378833807781859,1.6163739486070818,,1.6426159973826178,2.642153019502788,,184.0630731227305,195.82980983127533,144.93152065109962,,0.1674439551949698,0.3027099957889626,2,20
DO-20-1057,23,895,23.110956499556064,25.611270641795365,26.302774128324497,166.7012553866821,100.24237730086836,89.41972346882483,384.91573094825,451.3299487675463,,12461.79400615314,11567.236574948443,,16.46996167600918,16.265323206431813,,98.86322568582013,277.9860872433386,,1.7564422249513674,1.7811610836756089,,0.3213034959386291,0.0740158405428268,,2.4029525223347963,1.0226324166683245,,186.98545164736532,229.76505188904008,143.2865983831007,0.134624790461028,0.1708879378097504,0.1815408260160728,2,20
DO-40-2022,22,1007,24.735800930358025,24.256292297107727,23.319568822522285,138.15172737714448,101.55669054508078,64.92451024315858,453.043667352256,458.7747269517084,,16058.42025309756,15965.187969711304,,16.66921051088187,16.565203483361426,,204.5903483234912,67.46145721781326,,1.6494255664926984,1.5391704047801371,,-0.1180828839454184,-0.079496591864238,,1.211120677353838,0.4651597615221585,,278.28557312273045,180.64030983127537,183.6485206510997,,0.1674439551949698,0.1888666103859,1,40
DO-AL-0005,22,1028,24.7107644655054,40.72868734483947,41.52893401230116,,147.22185551645,146.95942329345823,501.5439493978658,549.8313946292521,,18925.828524644843,28646.63665734564,,16.26280435848775,15.201793173917205,,206.4797761038953,180.6619167822264,,1.575791767826288,1.85550243877838,,0.6981133373750156,0.5173464911176985,,2.624018368362328,2.6389149861291648,,284.4777874565657,218.5647530375749,148.03261241558243,,0.1641199632717466,0.0784551133172434,5,AL
DO-2D-4094,24,781,23.690837476802617,30.65717457681613,,157.01929910416652,127.38858871258306,,490.4085723844471,472.1146276249344,,13092.991740979083,13911.058330775351,,16.23423628437841,14.862794341194718,,201.96313370293723,199.1614186472683,,1.5759007945820218,1.6004448628477803,,0.0307637469892527,0.2450516189278712,,1.086029612072146,1.368298154433362,,147.07957724689155,190.083419894148,,0.1030784580303809,0.2237270921931996,,3,2D
DO-AL-0155,27,500,23.506513314379053,43.91738847541597,,127.53615493521292,,,463.9661600586984,,,19764.784930244507,,,16.340320309283292,,,253.81766026862363,,,1.831045515017626,,,0.323492248160376,,,1.1641549980070012,,,195.3538758093853,160.90185676651788,,0.0915805968932601,0.2795604157505022,,5,AL
DO-2D-4057,23,891,28.63291376893017,35.78040475589525,34.29827048949702,184.1856422989873,156.22820708690583,27.70884542167595,554.9061060150711,605.9440744957926,,23275.02670210334,23631.72292308066,,12.742302166665665,14.387421883271916,,157.71050516108008,187.93581280095412,,1.5378098925611692,1.5367005202240391,,1.46720415242507,0.4021436374611694,,2.90941424495465,1.20015011213625,,192.5279516473654,170.20005188904008,92.95459838310067,0.076842364983979,0.1809623599666687,0.2535506614742788,3,2D
DO-2D-4101,26,617,22.61992581225661,23.822078726327632,,189.39349272169216,127.18787358376808,,501.65918043643137,,,17952.623125331418,,,15.818155610356992,,,81.71452586187462,,,1.1810276279091587,,,0.6363405500173801,,,2.855145093833078,,,185.8154705636448,223.69020890425884,,0.1376921111758757,0.2317174572547634,,3,2D
DO-1D-3187,28,413,35.29547960112004,,,160.42970840861307,,,554.4968950375218,,,29420.737257216097,,,15.418830861890507,,,45.62806894767692,,,1.4853097301556824,,,-0.3163717530174478,,,-0.4178308639330574,,,232.94154342006183,,,0.1062946146261362,,,4,1D
DO-2D-4169,28,434,35.18653798858557,35.52786347854454,,157.98508596548942,,,470.3334711439498,,,32263.97257349293,,,15.803773949501265,,,122.72661412553104,,,,,,0.1082611840768522,,,1.158767300105987,,,206.1131685597894,,,0.1467085120155663,,,3,2D
DO-1D-3019,22,1000,24.883806156733904,34.81151573870079,35.688674052916774,151.82282049164618,166.23782527019404,172.45132883904125,523.2346395453534,499.0294590171253,,21061.98015024402,24294.752244326053,,17.061762958313714,16.360134074675013,,172.08292460334573,103.45542427549653,,1.377010365935033,1.4008410561769846,,0.1436033742006369,0.1041715240468404,,0.9639990538285326,1.5415493606500286,,237.78257312273047,195.82980983127533,140.46402065109964,,0.1882416675563119,0.2837360982217854,4,1D
DO-1D-3058,23,888,26.98317772591207,41.07089673020376,46.558299528422936,121.7043619762791,127.39069309180977,140.17515000255065,505.9473906977987,539.530691631224,,20602.032536997416,18710.49940094299,,15.980866659678718,15.795595855303628,,67.72558751687187,110.23455058119345,,1.7438395221014569,1.2468557550606465,,-0.1563639076051488,0.6525218474665875,,0.3969512563187778,1.2597724792358422,,202.9729516473654,129.39855188904008,128.69309838310068,0.1717118528198644,0.2568579502353771,0.2535506614742788,4,1D
DO-2D-4091,24,783,20.546658758829032,25.06492085370294,,144.52304303962487,160.0711045736919,,543.2287167221305,546.607465689373,,23932.5746231716,18751.80161452818,,16.029908338190793,12.918516248851605,,192.53614233068683,191.44842570633617,,1.559592288377268,1.4153825658089565,,-0.194124393402246,0.1520213372739117,,0.929724212241787,1.2619399625122707,,178.7795772468916,160.599419894148,,0.122052355597558,0.1668053994916684,,3,2D
DO-2D-4107,26,615,29.60348517031029,42.14867623411056,,154.78847592757683,240.615428631146,,549.2038783945679,,,25339.91291936557,,,15.020830220893076,,,91.42718363934472,,,1.5147152138426525,,,0.2867907599836967,,,2.6675968784209867,,,153.94897056364474,205.22470890425885,,0.1566660087430529,0.2317174572547634,,3,2D
DO-AL-0007,22,1021,31.93512607782316,43.927965166808505,49.23516745547381,185.15839189616088,211.62563677216457,177.71943822156072,520.2914945284309,507.31648725210414,,17314.779783483275,27888.030492715847,,13.43744531903554,15.927943110049853,,113.06686159705046,116.67264201301168,,1.5842923751052105,1.4195384989060336,,-0.0096376624856648,0.489225170783871,,0.6101833882194748,2.8149066089027284,,150.8192874565657,182.82625303757487,129.90761241558243,,0.2589894511076321,0.1922984987203059,5,AL
DO-AL-0148,27,496,31.94685627797843,44.83074158861598,,151.567416597793,,,540.3743542935731,,,21146.491286318127,,,15.7748838516437,,,95.84413818212468,,,1.6257317707229555,,,0.777340172194839,,,5.1267829719931015,,,279.9353758093853,139.16085676651787,,0.144616534784289,0.1997790706712915,,5,AL
DO-1D-3038,23,904,22.25690394590408,31.730548613438923,28.86200981984389,127.88786729030132,131.18858437495973,105.71898527852676,487.3317281971172,521.9344441486527,,16301.78982394486,15583.71181696243,,17.443353822584932,17.137506630343914,,196.0372291651269,59.50217748993743,,1.2223077025914109,,,0.4942264288137888,-0.0689011915110299,,1.9679919760098672,0.3760294688744445,,170.8062436386443,157.7619493212961,180.2511698462796,0.1103939907109115,0.1586860840093435,0.2437606933723493,4,1D
DO-1D-3080,24,792,28.023137979902412,33.17416241416698,,132.316038750369,171.71539509879358,,461.1924069994991,500.9995109347696,,21288.186128041663,29808.08910197893,,14.18315332728735,13.086688489456872,,264.96580229750714,120.33644557224854,,1.607115782261415,1.3085969691510029,,0.7678877241009843,1.9682848384513976,,1.1131478450709582,3.221687384494192,,195.732956578251,142.83339098286544,,0.145347729488924,0.180583179963471,,4,1D
DO-40-2032,22,993,24.46085120813361,21.044104929540897,23.054228421031848,144.13281675962057,131.63280847607874,129.19505784639713,455.5366286062657,472.2095446517827,,16238.256773593228,20066.492578872207,,15.733940114970617,15.298457005551771,,231.2158704838255,292.5665845309437,,1.3502542113587883,1.520933325493588,,0.3048294073382703,0.0327196927268453,,2.2939724662324488,0.9332721995874188,,179.79957312273046,158.60180983127532,166.97052065109966,,0.1773628700092203,0.2349095055403396,1,40
DO-AL-0094,24,776,28.362735740407818,48.06861378696829,,175.28305796772736,194.25163254118272,,576.1527052721382,511.7828264383825,,16722.76618665782,16654.980826032275,,15.706475662940552,18.45368129210011,,49.62232831920248,42.4882268747081,,1.532844513862156,1.460863034973215,,0.3377199394446464,,,2.0128037131060004,,,184.57957724689155,153.451419894148,,0.1509117783523356,0.2290279250430554,,5,AL
DO-AL-0100,26,608,25.388962963557265,49.29779374113083,,,94.80162724780624,,541.519203852431,,,22131.72763536467,,,15.995405924849509,,,73.83457333820441,,,,,,0.1149979256189119,,,1.6581285580841314,,,254.31497056364475,163.52970890425885,,0.1860685617597387,0.1747957645532321,,5,AL
DO-1D-3089,24,773,22.76312323371095,29.338563074486725,,160.8643009701793,156.22610270767913,,563.5866668897222,479.8860621730518,,23169.191347934044,16039.80520388794,,15.621354579577217,13.011049474246118,,131.1178652084495,148.59846492337985,,1.5494019169538005,1.6511694204019247,,0.0952823868755967,0.2865556062765291,,1.5964253688778058,1.1822878422221317,,183.2795772468916,88.22841989414799,,0.122052355597558,0.1478315019244913,,4,1D
DO-20-1108,26,602,25.695534674340976,36.49733759457197,,148.25639077657914,127.48414310891512,,544.4140306519677,,,19913.993964916936,,,16.97076364540187,,,44.69660000579413,,,,,,0.230804759204073,,,2.252425781782888,,,248.35847056364472,170.97520890425884,,0.0722251763566761,0.1747957645532321,,2,20
DO-2D-4096,24,769,23.24747072549949,35.915625248295605,,123.3755327765544,132.19484104509905,,563.9363114886094,494.2746813863389,,20083.943441076244,27532.694482942046,,17.358709750817713,15.604134878408466,,188.53681265761097,144.31346884508423,,1.8254384058720667,1.8677621468288672,,0.5162157910403062,0.0253040565480999,,2.287720353632196,0.8342101349741076,,246.9295772468916,277.34541989414794,,0.0921996604832893,0.193874397078931,,3,2D
DO-40-2064,23,874,21.58392643147429,21.80422002688804,24.10036278896145,99.41372273145792,147.57695288837704,59.43011081628164,477.1007662739114,466.3889343662199,,16671.65961809603,16655.741369739782,,14.6306147112842,15.23215367385122,,104.00522097977488,167.08216521991548,,1.3585238169118334,1.4866465168282537,,0.0308952572819463,,,0.767860183434248,,,112.3749516473654,112.72055188904008,154.0080983831007,0.0659635674368874,0.132135767285223,0.2806196590615414,1,40
DO-40-2071,24,783,29.38036500362613,28.54823796872881,,163.31942281086688,71.74534658246048,,533.5478785017261,500.5084671153469,,11326.365946490658,18237.11874997676,,17.147451262702262,16.21847830630579,,207.51849838562111,197.7512056208375,,1.7566519489540535,1.3783571367931793,,,0.8432713060543799,,,1.452877857298763,,177.268456578251,216.08339098286544,,0.1337346590424586,0.1584028374367379,,1,40
DO-AL-0024,22,986,35.48731583412674,53.70046397650675,57.06464265615212,208.32301143187823,148.6579634037377,180.27456622354293,594.8706779833951,551.6279028111937,,24601.414823842024,19184.49492491441,,16.393060522572274,15.909464772683576,,71.75546989632662,50.03580649941101,,1.6115530623033627,1.77954864503323,,0.6462651100123987,0.2508693995364915,,2.923381900370422,0.9861945443377342,,278.4980731227305,186.89480983127527,140.76202065109965,,0.2514346454837636,0.2159356079731625,5,AL
DO-40-2166,28,415,29.8028250760308,,,155.1013345659798,,,466.5993200956872,,,18077.063092268225,,,17.682236811526224,,,256.72856422250373,,,,,,0.577937986883356,,,1.4705134838257556,,,185.26566855978945,,,0.0669271669363556,,,1,40
DO-AL-0111,26,597,29.339759048017623,48.93232806258281,,101.15511791792218,97.68537864731586,,539.8986312560559,,,18202.5069702092,,,16.882059087741016,,,160.96282693021558,,,,,,0.2455882346164641,,,4.971884273470623,,,211.13097056364475,164.42320890425884,,0.1101729714910303,0.2696652523891177,,5,AL
DO-1D-3031,22,979,26.6166779769656,43.48879581527922,46.289101467433625,153.7453214246526,173.92782900221968,128.23380737989393,562.1481536056817,502.3144157901279,,20783.039775726636,21144.56162585916,,16.1131630094647,15.740713353120036,,57.53069611024256,87.74377198841256,,1.599214791255286,1.7546710499874574,,0.5983866780098498,0.1688104613854388,,2.2008374622412505,1.0039546863435689,,188.1135731227305,161.28180983127532,174.71402065109964,,0.1963367675763973,0.2538834031075168,4,1D
DO-1D-3049,23,867,28.62881438427768,41.61869625253089,38.27002754674521,169.7668853014392,182.1819696824923,,445.6609999989831,438.4983378664366,,16086.840711252178,18233.04358168297,,16.25108711637148,15.607754747873043,,170.565493395967,119.66154195344376,,1.780796277499458,1.4737809089549572,,0.5528603649383171,0.9509848717492602,,2.5923489828203445,2.7646281026477566,,180.3769516473654,155.3090518890401,141.2015983831007,0.0997020173616584,0.184848114777171,0.2574364162847812,4,1D
DO-20-1084,24,762,19.714936348595792,19.19703005515743,,160.8643009701793,84.66907935981763,,567.9358461828665,477.4949875147972,,22900.338381214733,12999.378852780366,,15.021110575503414,13.8776057542986,,215.88017615707287,275.02068072355104,,1.5314495582478522,1.3273972319241794,,0.0738019562255117,0.377396230379723,,2.0362579658274864,2.033935337361412,,198.8795772468916,139.15591989414798,,0.1129639832179815,0.2480018226102325,,2,20
DO-2D-4081,24,755,32.74860594532428,35.852946287836794,,143.56179257312166,124.50483731307344,,588.9306547840418,507.9116379300324,,31394.57654673059,27341.410083254457,,16.94967208635018,14.029243497372882,,107.12188716999395,51.18622074345914,,1.8212250376831032,1.4113754991145986,,-0.1199590301981555,0.1960148807982869,,0.7052713535116734,1.2383572731536996,,218.4295772468916,136.475419894148,,0.1259381104080603,0.2276128470037019,,3,2D
DO-AL-0072,24,774,24.35737059371792,41.41861277370543,,129.67565648325478,141.9166306371943,,485.390263365355,485.2673633364494,,17190.679052884167,18413.209437746744,,16.083148297058614,15.737942150382048,,99.53659721257124,66.63116139094332,,1.221744467099725,1.2074798140754956,,0.5599691016840486,0.0314964027158764,,2.3063743929221507,1.295210022330166,,200.200456578251,179.43339098286546,,0.0957868639081044,0.2912201204069776,,5,AL
DO-20-1033,23,885,20.46805934570011,23.65371030482349,23.96579297137846,154.03430206217686,69.30617019870013,79.19034633979051,450.7939428810061,444.3580785386881,,19044.598395142777,23789.75416435126,,16.03403484955499,15.453485243000513,,217.0408180308409,29.416668917738217,,1.4605204552739215,,,0.0158697791033683,0.2688898937128378,,1.5004579947476946,1.4172917830548828,,213.33974363864428,204.8184493212961,104.00866984627964,0.1245827159111986,0.046629707340266,0.1696565137875947,2,20
DO-2D-4040,23,885,19.980852447120636,28.54956246676716,21.81062911784792,144.22912522085576,108.11857317888288,102.83523387901715,494.0164192048088,485.09658830800606,,14433.579308107715,18231.32552075423,,16.326227649692186,15.547795545690512,,174.32658236842897,138.9174381410164,,1.5124357082451505,,,0.0301589372355421,0.1926175238281583,,0.9534917129947472,0.5050049324873332,,158.29774363864428,166.98494932129609,,0.0615673980294657,0.2047289791637832,0.3656991787954973,3,2D
DO-40-2035,23,884,28.843577335623756,25.858341327811985,22.35551252036723,168.4530590597249,125.05869725588587,114.756613600409,496.94250244008174,453.15198113705657,,23453.7571097574,14613.264613492043,,16.309709978448108,15.363627396645722,,282.17275842093454,280.51743910586225,,1.5719424765388426,,,0.3123438284327279,0.1833310706336997,,1.7780362392159603,0.5975208561007039,,228.58374363864425,151.2099493212961,159.10566984627962,0.1586447562350504,0.2894046209030658,0.2416663492458007,1,40
DO-40-2074,24,772,24.08009489133021,16.76688072741178,,152.50229854693623,52.52033725239643,,509.9931085904768,517.053636249553,,14670.116094028315,13598.632533571868,,16.879235733243384,15.699776459476606,,205.26152360658796,286.87995981533874,,1.5979931501108222,1.42092780176281,,,0.6314934109855006,,,2.727975321788916,,152.25145657825098,127.63339098286544,,0.1302595867322492,0.2224167299083276,,1,40
DO-AL-0121,26,569,19.85337648428816,26.89620420958777,,137.5115562493977,159.97772244219692,,440.36431829061735,,,18479.76185614561,,,17.25500801933267,,,271.4899795973101,,,1.7907515553875388,,,1.9009039582897609,,,2.747236059519955,,,123.42779476815925,129.44951843369972,,0.0987552426463877,0.2573814676655892,,5,AL
DO-20-1072,24,778,26.231229725346985,29.559934021900336,,101.79939295466193,142.8778811036975,,530.0703154074614,501.7657587385744,,18017.72584485521,28978.26326362154,,16.470049644638276,16.026241132189558,,205.8044999543029,228.3175109793463,,1.5655003523713678,1.351494365435295,,0.0672727268338838,0.4758451433393712,,1.2752233365046133,1.634313945696789,,195.43545657825092,188.63339098286545,,0.1418297590625441,0.1854718350240005,,2,20
DO-20-1044,23,882,20.49663821057346,23.811070689099708,25.65535458538475,147.30554879665445,95.2599327942866,,433.2288406093149,412.23711965998393,,14938.290713441056,35935.691231591394,,14.014180859068038,15.902867740278053,,282.17275842093454,81.97928747816461,,1.5369060375129284,,,-0.1068293423962402,0.4402646728455137,,-0.5431390480156022,1.6541698160563736,,170.4067436386443,143.16894932129608,118.60216984627962,0.1206969611006962,0.1945351330671804,0.2796141443801548,2,20
DO-20-1155,27,468,27.65233904078968,29.02931682285486,,123.69115306920013,,,468.6754669792455,,,20744.582275319524,,,16.43458597110122,,,112.12712327964807,,,1.4618208210772583,,,-0.0255090659819141,,,1.245840055399749,,,120.00487580938528,,,0.1256426372171119,,,2,20
DO-2D-4046,23,881,30.447862279849243,39.14746989808155,42.878811044675615,185.56289528049345,147.5298423055142,72.07521895091469,541.525137042013,519.2874656431087,,22674.17457472469,20285.66043967079,,15.489103627317746,14.240106355787953,,29.49371492203665,65.78683840477102,,1.1835002667946335,,,0.2868907381210134,-0.0265263148655059,,1.6582377778726851,0.812256978078611,,226.14024363864428,143.46694932129608,159.10566984627962,0.1564368858653511,0.166781184029429,0.2708296909596119,3,2D
DO-2D-4069,24,769,19.411487815392626,26.293760745649436,,141.928543415401,133.26537643866544,,482.8107015465128,523.7150996346355,,13347.091552186252,14502.73520126773,,16.879235733243384,15.068606039007534,,156.98390112445725,29.78019511760089,,1.341090059052394,1.2757215743652492,,0.6166023973214296,-0.2099923243644419,,2.3162703354519536,-0.3442240924108827,,166.248956578251,137.18339098286546,,0.1073999343545698,0.180583179963471,,3,2D
DO-20-1167,28,402,31.599706454661987,,,188.74510089359185,,,503.65743722273874,,,18684.351285381268,,,14.332815428402297,,,142.1763357294006,,,,,,0.3848250281916296,,,1.019858106476042,,,165.3121685597894,,,0.1048749620707098,,,2,20
DO-2D-4041,23,875,25.84902736625329,39.30250644903459,32.22493625504917,150.95787848637818,123.49858064293412,,519.1712914906059,485.09658830800606,,19606.36481799324,18139.03359078916,,17.443353822584932,17.231090968887035,,45.77670001956004,57.50251265339946,,1.5947647552472417,,,0.2196917605142053,-0.0617511147571808,,1.1768946818375738,0.3126408292779118,,144.61274363864428,203.9249493212961,166.8491698462796,0.1712014382229451,0.1625718388198458,0.1907247554813203,3,2D
DO-40-2084,24,748,33.833086905810546,29.341570367352908,,136.83303930759925,66.40532049625678,,512.7105221345291,540.3371403242679,,16076.141456799274,15348.545986666042,,15.902360439709902,15.276616761748272,,116.1826007353946,90.48018295161918,,1.5409998674502785,1.4538861231700064,,0.091878582291143,-0.3284665259644823,,1.0431765502512849,-0.4282385249538141,,264.3795772468916,287.471419894148,,0.1319378807851585,0.1531323347743471,,1,40
DO-40-2091,24,748,24.553554251708977,28.678451919717705,,192.585566364785,101.43482611699658,,503.9354625440027,457.480629163098,,24595.67952554304,15025.8147648079,,17.05191595664562,12.82598778724742,,175.68182442272408,111.17616583959796,,1.7258253224156486,1.669090091090879,,0.3811137898998238,,,1.3850017228357154,,,164.22957724689158,126.64691989414798,,0.1030784580303809,0.2047531946260225,,1,40
DO-AL-0040,23,874,21.90700652726961,41.19226044661499,39.72519407029076,128.0805394665904,148.12870845196275,185.889148121646,512.0480157815492,527.046291933125,,23595.990141449205,16359.913281669187,,17.229117943064487,13.657396027893205,,84.2059396036764,131.39957558117425,,1.7729645838370425,,,0.4421619534266196,0.1929741298859509,,2.422592710453769,1.4756716460000632,,172.79124363864426,215.5399493212961,223.13766984627964,0.1017230635335192,0.2135090306343575,0.2037185541114465,5,AL
DO-AL-0075,24,762,21.95766516016401,38.30096524622443,,139.28816114828683,142.8778811036975,,538.8462539184038,500.7092114655106,,17736.49775696657,22546.617901170062,,15.696371346464698,14.10541158296445,,101.8219284543289,56.06066863186201,,1.3737619835030888,1.379518516048921,,0.1732116802712802,0.1555824820853242,,0.0023030610346351,1.3304674892131232,,216.878956578251,234.83339098286544,,0.0768129663409273,0.1584028374367379,,5,AL
DO-20-1121,26,555,30.652124774379885,43.241407700757605,,121.17029831884324,121.5277037820688,,475.4999975390001,,,24965.16270182167,,,13.599440007840386,,,114.65912313169,,,1.5349154995234535,,,0.6521937283830855,,,1.5651410272632025,,,211.88129476815925,134.51251843369974,,0.174650832915096,0.219433672531235,,2,20
DO-20-1104,26,575,23.737268252054683,34.63503783712794,,,114.02663657787028,,543.7042026271372,,,11033.668762327998,,,15.906777592154857,,,240.0924211760748,,,,,,-0.2920758904334355,,,3.2451197335936395,,,144.41797056364473,133.44970890425884,,0.0803202763767616,0.2208386597076718,,2,20
DO-40-2040,23,868,26.71231884928513,20.23264105113063,19.155897051830323,146.34429833015125,46.23615900262327,,478.1148391316349,471.4224811049766,,18518.90684352304,17205.703967199588,,17.04517232643031,16.802134953038095,,69.63695293747125,270.8047813283921,,1.2105387951988154,,,0.2025970361077189,0.4539170556510394,,2.168657190877452,2.243006850735574,,207.80874363864427,133.3409493212961,87.62816984627963,0.1017230635335192,0.1945351330671804,0.317561939514509,1,40
DO-40-2058,23,846,19.78227638514545,17.809551809119352,16.999782979181166,139.78624232459242,115.85568749377134,,431.85732093815966,442.7493842921037,,18370.68456263104,8389.200290061768,,15.7107059177279,14.105951354158112,,69.72525235340981,175.93782378172645,,1.4021885001981884,1.5846569605065222,,0.2271210470904894,0.0925121004658809,,1.1207686771290433,0.4552075339379597,,151.59895164736537,131.18555188904006,,0.0958162625511561,0.1430145648323146,,1,40
DO-40-2083,24,741,27.603502667841624,23.98444975216037,,132.02678697508324,59.67656723073435,,499.6526058561707,471.9187645240052,,22781.83731800698,15823.860254925648,,14.72748704827525,16.770507014442146,,239.5904877903088,280.7340088279452,,1.658387166707854,1.485215472826627,,0.3633146197224177,0.1391515902815438,,1.1910041461230885,0.7756235001291143,,186.1295772468916,140.644919894148,,0.1319378807851585,0.1531323347743471,,1,40
DO-AL-0074,24,755,24.212819645833207,40.23428716085452,,151.78441721282846,120.76912037412382,,,511.7932366904026,,,11082.686621530142,,14.343535060708344,14.777404007510384,,86.39594257246466,46.633677259611616,,1.5532732796341953,1.4633901959577087,,0.0686461021966516,0.3866911381593467,,1.0338761344749627,0.8709943589408435,,221.34645657825092,166.33339098286544,,0.1337346590424586,0.2153245301382692,,5,AL
DO-AL-0129,27,475,39.61424822799137,62.37075312601976,,202.6022187081024,,,477.83302423025714,,,33750.895623170014,,,15.87667797023138,,,15.360082965118696,,,1.637820457276221,,,0.8171089605196397,,,1.8184775985527224,,,221.4734741195097,,,0.1392562714120314,,,5,AL
DO-2D-4033,23,864,21.56167964652504,29.339699189616898,26.58930123332119,119.2366130917725,135.99483670747577,,608.7951917750825,435.0417678187524,,21694.96753502163,15789.40603621299,,14.74544341909316,14.333473883656566,,225.7465353079765,185.48106219182893,,1.770087804717166,,,1.201086699391618,0.6482264911581053,,3.3177231901300672,1.687791428642109,,132.88824363864427,136.3189493212961,101.62616984627962,0.0914200931437344,0.2725294694124062,0.3006823860738805,3,2D
DO-20-1068,24,757,27.692856661658485,31.31073665819813,,144.09441348080284,136.14912783817505,,529.2076644367577,456.7764137998653,,21649.52105103426,19151.86943484191,,17.244258972700845,15.64185719069459,,33.54765760681856,66.63032562499122,,1.7101315145914535,1.6122817906346665,,0.5409518368255548,-0.1765764885767738,,1.9600312926558048,0.3823848945198904,,171.311956578251,169.88339098286545,,0.1337346590424586,0.1963506325710921,,2,20
DO-20-1010,22,973,23.69338589725799,29.35007546510325,30.465580886429024,130.36711530547836,100.12058265779304,159.45567935799988,597.5281134299713,589.2163659248461,,33526.85862522387,22356.3824570207,,14.074956545046902,15.47405208762451,,251.0437353181698,70.96601717785828,,1.5460934482404758,1.6661184521872303,,0.1226020384913022,0.0526505498087436,,2.260527528674399,1.7380934136850923,,231.3982874565657,146.49175303757485,117.35661241558242,,0.168005718082249,0.2910537413666939,2,20
DO-2D-4118,26,545,17.375043412692982,22.06581709784871,,160.64192193694166,180.95357165107816,,506.9790566538021,,,12373.11034810848,,,15.46628841547951,,,276.9908565446176,,,1.4544380914259276,,,-0.0596214707869332,,,1.3101200272196971,,,190.73629476815924,149.70101843369972,,0.1657255411564869,0.3051908884023634,,3,2D
DO-AL-0085,24,734,24.13813245702861,35.76690840513363,,148.36804490563767,151.9566120150418,,421.8350953275342,507.19005378248335,,21097.97109347264,17250.16095230118,,16.490204751232195,15.64991999087644,,137.3219147216531,161.8967842565464,,1.2686123517895127,1.3019349043011863,,1.41607369386798,1.1796221891534049,,3.012632425613957,3.018328194693052,,167.32957724689155,172.511919894148,,0.1888595734866898,0.3238974128789407,,5,AL
DO-2D-4024,22,948,26.749562315813662,35.48887834278978,37.27783692652924,178.73783355373587,142.20656360761396,139.76881297793236,459.92758093239706,484.7691579267312,,16952.68399030405,21267.870338358207,,12.51459472925078,13.442468965054982,,210.36222290278675,149.44771551586967,,1.2507194588479702,1.3588358035742918,,-0.5381779665906432,0.1259447396813997,,-0.1474564594091194,0.690156662850218,,220.51557312273047,149.36880983127534,,,0.1773628700092203,0.2349095055403396,3,2D
DO-20-1182,28,359,38.59389234456289,,,153.35384863219366,,,451.14847262977867,,,31577.108903618177,,,16.288668486809907,,,138.08038156255682,,,1.7919009885599009,,,0.1663614863956368,,,0.2075998851367958,,,202.2660434200618,,,0.1073897707476416,,,2,20
DO-AL-0069,24,743,18.303040640237377,37.06786413945389,,128.71440601675158,153.4516362352327,,577.9162936481279,501.1782390373037,,21559.646714501712,16037.637625298226,,15.0197899395883,14.39337182016667,,41.83198335819008,104.05346047472516,,1.663332689762095,1.314450035119886,,0.0340861162876828,-0.355879237051594,,1.3028676943855313,-0.6379077867891964,,205.85945657825096,165.18339098286546,,0.0957868639081044,0.2532723252726233,,5,AL
DO-2D-4138,27,461,24.036347236476672,33.43686906493198,,131.55039660318533,,,485.30384217162657,,,21109.660850404096,,,16.062275078442397,,,175.45284911717025,,,1.517881894042135,,,-0.0067663036052506,,,-0.024795342627378,,,151.18747411950972,,,0.1122496219736556,,,3,2D
DO-40-2076,24,741,22.90896428215687,23.21958802650193,,163.07605367847145,63.09409238393165,,433.8677596323723,509.4347291855396,,19628.362522654126,22886.827028342497,,16.30101406072418,15.880167035923652,,144.70024570000973,277.4529684430884,,1.6496987347615064,1.6738031532287896,,,0.024153466720472,,,1.4657602737215405,,173.694456578251,261.6833909828654,,0.1263738319217469,0.180583179963471,,1,40
DO-AL-0004,22,963,39.5339501114013,52.82877766684185,38.29606870226066,150.5533751020456,126.07434525337952,88.32314483676286,621.4262116775492,580.0673501703731,,31522.107528538498,23517.73858228606,,13.528503308680628,15.020317437194397,,9.369956502296253,50.39803600203925,,1.4316680683768928,1.388472290633159,,-0.0297381221662276,0.5643829549714459,,0.5746890271609523,2.99784861589402,,297.4812874565657,148.57675303757486,131.65261241558244,,0.3050323462620718,0.1624458036060373,5,AL
DO-AL-0047,23,850,22.564583451668355,61.846998355581626,48.017590204305016,173.25931139224093,168.31496824853002,,493.6068192639159,476.8352388783692,,30200.21640217972,17981.468619923322,,16.49352959314215,14.555169477233289,,27.358324964954363,23.70334081334408,,1.825379217374516,,,0.3137059937464708,0.2072175816848392,,1.2333545886114137,0.7846552588725832,,164.3997436386443,185.4599493212961,,0.1206969611006962,0.2514568257687117,0.4883270176191029,5,AL
DO-1D-3047,23,849,30.54776513538297,49.1540155470748,27.88670451826203,142.30662428784936,126.38233204244372,,441.0701394005712,427.3414401254266,,16804.836322519546,20932.19623143148,,14.931321331606686,15.547795545690512,,58.63168825444693,120.06345539651566,,1.4017924818542409,,,0.8745177604596557,-0.0217849660247978,,3.407921174587716,0.7270634724973039,,222.16924363864428,159.5494493212961,,0.1103939907109115,0.2156077767108749,,4,1D
DO-20-1125,26,534,31.850314815830565,36.78314440457783,,219.21784590216996,151.3264682436681,,499.41152512683504,,,17000.247484191415,,,16.248668657354884,,,88.09214744625709,,,1.418640747395365,,,0.4861536586850039,,,2.3013795523910794,,,205.92479476815924,163.9970184336997,,0.0948694878358854,0.1776001225863785,,2,20
DO-AL-0126,26,534,22.290355531408448,37.72922895592005,,164.42656931148736,158.05522150919052,,520.8805230253421,,,21081.059150247605,,,16.248668657354884,,,68.66683189131689,,,1.6414187913384937,,,0.2377959783671045,,,1.637791705775142,,,186.86429476815923,172.33551843369972,,0.0758955902687083,0.1776001225863785,,5,AL
DO-1D-3053,23,826,24.957523568719605,33.32717724091089,28.33747059599316,128.43311524180152,143.7319510223642,,497.8557523431149,530.3382295920721,,19168.2102111377,22199.75114707172,,16.25108711637148,16.265323206431813,,135.71419195916252,65.38492496169914,,1.3940401331942274,1.596477298504576,,-0.0855056063568712,-0.1587414760435303,,1.4394694280516418,0.555484780301775,,170.9974516473654,211.8955518890401,,0.1527379552526872,0.2189101551010229,,4,1D
DO-20-1034,23,847,27.48194891943723,39.01806964645768,30.28585485298579,159.80180486119608,120.25244492336988,,518.7344314476293,577.2926174108496,,13405.9846947135,23869.002455746,,16.03403484955499,16.262490810844717,,90.49060051850996,92.83461087651357,,1.34412708137767,,,0.2948813406530275,0.2601443586393082,,2.3817227729344,1.609236618625545,,155.17974363864428,198.8619493212961,,0.0866349207768444,0.1984208878776828,,2,20
DO-AL-0062,23,826,32.88051222005722,50.86645815461091,45.766383592794135,109.98747786299316,158.8786557575637,,586.5047748690108,556.8436630244569,,27309.78406732235,17679.011007716617,,16.188836885135938,15.419940931302063,,42.87261026275721,50.30996228323078,,1.7967064261672392,1.655096394485402,,0.6877350399738051,0.9778603098535856,,1.37961186497859,1.7912646126585667,,195.7249516473654,180.3260518890401,,0.0927912405161715,0.2239238757007793,,5,AL
DO-1D-3096,24,720,32.15017141406904,42.97495129952139,,151.25179630514728,118.73733451405424,,536.3560308765306,549.5134946551798,,25570.36235610129,13156.621445517185,,16.54079520467712,13.56635156250951,,62.2722615504997,51.18622074345914,,1.7397840392184023,1.6180187227867102,,0.2114430767562806,0.143591767068851,,1.463424175870074,0.7074234298377468,,208.0295772468916,156.131419894148,,0.1111735580504664,0.193874397078931,,4,1D
DO-2D-4004,22,958,25.876433608110293,39.15707198904152,41.39252539897564,143.31617395997796,195.1113823849578,186.3706924200895,468.1431383963635,484.9996400705978,,18695.831051548936,19232.88188918759,,13.45987813611998,14.385086557950835,,153.5295568903555,232.68071589305416,,1.7165997542943714,1.5479048932506363,,0.1432487807989939,-0.2707808174370142,,2.366919062462454,-0.5927098240797172,,298.54778745656563,120.87875303757488,127.4826124155824,,0.1711349797396267,0.3630635768248999,3,2D
DO-2D-4015,22,958,24.833990262943185,28.5824747150636,30.589354167921297,152.92867862500998,110.52134133267596,111.39315603283973,554.545550769496,443.2851460576016,,23357.131334482463,9914.444109555454,,16.548632185837807,15.144989004690498,,196.95085048375125,164.69211145076355,,1.3940777885755868,1.4746034599544953,,0.650747291283239,0.199403125491684,,2.402818477204567,0.9622099014597952,,181.0897874565657,134.87675303757484,108.1241124155824,,0.1711349797396267,0.2112723962874831,3,2D
DO-AL-0036,23,846,22.333246430942705,40.72892266180238,25.32110379734349,162.6855562607057,156.7799626504916,,399.6249099437387,483.14850093045385,,11154.014769639394,18614.016002564345,,16.125919462472126,15.00425557719784,,43.35564365725806,58.55464225014852,,1.6521581009408088,,,0.5244521343676009,-0.1606294451369868,,2.341449908832406,0.6548504152679941,,187.07374363864423,133.0429493212961,,0.1396708586678733,0.2894046209030658,,5,AL
DO-AL-0037,23,846,25.15081325360458,43.87140499452317,39.12179413066582,183.83306652377613,169.2762187150332,,622.7096862722283,594.6378097567284,,24140.563681103697,21580.25126967004,,15.850286406623365,14.375573365647853,,57.06763110780408,80.83662185728579,,1.429093765845716,,,0.6339780663673098,0.0537677794886633,,2.212787894827702,1.3293678051430482,,224.08974363864428,179.5034493212961,,0.1396708586678733,0.2894046209030658,,5,AL
DO-AL-0192,28,345,33.20510117162952,,,208.1451252228762,,,485.8600952279297,,,17975.908350680835,,,14.9378766177189,,,32.38381163126461,,,1.7118644616657104,,,-1.0430408169109908,,,-0.0312305081509887,,,187.37454342006183,,,0.1534326659020813,,,5,AL
DO-AL-0080,24,728,21.573971601652985,34.21818982995682,,122.94690321773238,113.0791166420982,,517.1221082603873,506.60149475563287,,20438.83728544181,16735.99810700977,,15.889744738996264,14.39337182016667,,94.10893551339676,91.1976364738862,,1.5769632003842564,1.5913790273187125,,-0.3850687805073082,0.5379024195569025,,1.0164078809080852,1.7468556368045944,,188.883456578251,211.73339098286547,,0.0957868639081044,0.1204550423023837,,5,AL
DO-2D-4009,22,951,25.737479962262466,24.556741587713148,26.346008122549872,111.59490856537228,73.99382360555425,79.67189063823403,554.545550769496,413.8311818357558,,22226.50794339841,16214.458551510412,,16.195265576978052,15.430058177313091,,242.08614250846523,231.25238386695577,,1.5411320851191967,1.590801831189578,,0.0161648929636081,-0.2933030160019398,,-0.6519880147100883,-1.440000642793713,,140.80028745656568,159.59575303757484,137.60861241558243,,0.2470305700083351,0.2871679865561915,3,2D
DO-2D-4173,28,361,31.035078547652184,,,159.9075868984958,,,545.080984921075,,,28015.65404198072,,,15.063904499141664,,,196.7142130774356,,,,,,0.1827987903171858,,,0.8614626262333588,,,316.90366855978937,,,0.142822757205064,,,3,2D
DO-AL-0084,24,708,27.58397041521388,34.82905106388535,,164.70930283619214,152.917862481545,,525.2538295182566,491.240377122401,,11971.864723301343,19499.887067898948,,15.510620995820918,8.57112818099963,,175.88687942631373,89.05185092552063,,1.5255083831797354,1.4574261268791833,,0.5785907767287144,0.8704927999629697,,2.794741533841066,1.525866805817504,,239.6795772468916,152.557919894148,,0.1319378807851585,0.2480018226102325,,5,AL
DO-20-1081,24,706,24.936861173792256,27.607759714374648,,169.51555516870812,187.5228792756603,,473.63298438967365,462.9110206115161,,19385.256924223875,21562.069484319876,,16.882269674702115,,,52.19332596617985,76.76819550107315,,1.521444107934706,1.3688960912821768,,0.0690524834294254,0.2873281903761081,,0.7167967351118706,-0.1009297572782207,,166.2795772468916,171.61841989414796,,0.1319378807851585,0.13415843720717,,2,20
DO-20-1153,27,419,25.99006467514496,,,153.4899175307994,,,488.7508167275907,,,24999.722052907004,,,16.340320309283292,,,94.41580615602612,,,1.2178603290580738,,,-0.4626742891527219,,,0.9054251727505476,,,164.97637580938527,,,0.1485022895947913,,,2,20
DO-AL-0083,24,706,23.864897964301186,32.530474789180104,,141.63929164011526,134.65410361798416,,545.811258938809,539.4768493421311,,20256.51012099668,26048.460649843328,,17.176413628335023,,,162.7462247862071,32.77556909723801,,1.6596877369500818,1.8007006896052062,,-0.048924029856022,-0.033328461934774,,1.223101734099334,0.7363559488146052,,183.9795772468916,268.708919894148,,0.0939900856508044,0.1910801299087012,,5,AL
DO-1D-3065,24,716,34.19615122065536,41.79648618191469,,135.1997901498786,168.83164369928394,,511.30710961422426,538.139652346032,,25515.014473530377,22534.20405194617,,16.10833877961605,14.34761724777502,,264.96580229750714,162.04374073432604,,1.4811996039537834,1.3275263973178624,,0.099049987181039,-0.4462383513864917,,0.7171250030601881,-0.0994040470767512,,257.08495657825097,102.88339098286544,,0.092311791597895,0.2413906274755046,,4,1D
DO-1D-3069,24,716,35.671035235893164,42.392842978763966,,186.14606487454836,178.444148364316,,571.4145124496345,543.5147079604512,,26181.246258734765,25473.62405324674,,15.434213246652812,11.556763149225803,,31.00501642256566,84.34247851456524,,1.745834800458295,1.6998448948206653,,0.2626309225270611,-0.0885962872441234,,1.2689878215170518,-0.1273544824594987,,243.38495657825092,149.08339098286544,,0.1073999343545698,0.1995570775306481,,4,1D
DO-20-1185,28,330,31.75203301113384,,,182.19136262728972,,,451.41716096121263,,,35110.727033785384,,,,,,183.5013399924905,,,1.4816117270287168,,,,,,,,,178.14204342006184,,,0.3010145012299148,,,2,20
DO-AL-0187,28,330,20.019974482656156,,,143.7413439671616,,,535.4550539075261,,,22141.427741325548,,,,,,72.37710836202383,,,1.649065753539195,,,,,,,,,250.81054342006183,,,0.1643114634491728,,,5,AL
DO-1D-3014,22,938,26.477551818960176,31.39297757868738,29.60314207665739,132.74241882844274,124.940098330224,78.71064017173083,494.3205028523813,451.9984239145255,,17707.900750802088,23886.536002920453,,16.106940657830894,14.67000351027938,,272.08111505653466,258.1050259576083,,1.6038963258639294,1.4227125966685432,,0.6366627495137139,0.6116674092550413,,3.167119972898948,4.376920504496287,,217.75478745656568,156.02175303757488,131.6521124155824,,0.175020734550129,0.3100276389338707,4,1D
DO-20-1137,27,434,21.884612870583787,23.519454998531145,,150.69469351692948,,,457.3974179610436,,,18065.086323506413,,,17.269392890176427,,,231.60955171643823,,,1.3774007890920943,,,0.0229558438152565,,,0.3569359170025808,,,192.2869741195097,,,0.1013084762776773,,,2,20
DO-20-1144,27,434,26.76866533204277,28.936125818683493,,123.7796804548398,,,524.5874918753299,,,23017.700608752984,,,16.5263945676103,,,146.19529655574522,,,1.5149213514528328,,,0.2782635395369556,,,2.1266484477903336,,,231.30197411950977,,,,,,2,20
DO-AL-0011,22,938,20.765589343957423,26.719757736406297,26.965012220855268,144.7858723030264,169.33061624602365,165.22318215701907,476.78227549405926,504.6517157665392,,16027.935060344067,22154.984340795105,,16.445292898153657,16.291175812412668,,264.47005636349604,115.24430998691312,,1.4092407290547342,1.4375069480226612,,0.5156720359414007,0.4734221821861628,,1.89506504840093,1.100075623687354,,298.7602874565657,211.4167530375748,104.8486124155824,,0.1300579229478948,0.1961842535308083,5,AL
DO-1D-3034,23,822,29.39118297792495,39.80595058130263,29.726726930656195,155.7641308188942,146.568591839011,,502.9086709901575,478.8517848361327,,19362.573563304897,28542.1501400878,,15.58208985903688,13.213421555178474,,163.47125897008007,156.34308885941869,,1.441288373289354,,,0.0578387422573048,-0.007857353888311,,1.5013679794317154,0.387332719203203,,272.6642436386443,167.2924493212961,,0.1293678882780886,0.253555571845229,,4,1D
DO-2D-4082,24,689,22.389676566496824,28.06541844521242,,164.70930283619214,164.87735690620795,,560.1419356060406,508.4127965819355,,33031.25610010216,26990.30018242509,,15.212930217033314,,,227.1017773622716,200.5897506733668,,1.3995006198428197,1.300839870137778,,0.7462329228273784,,,2.0806969315663126,,,160.12957724689156,117.712419894148,,0.1638859055424145,0.246586744570879,,3,2D
DO-AL-0081,24,695,24.55142771468007,41.0600716576011,,189.70181496527545,202.90288673971156,,512.8963779528546,462.9110206115161,,18773.98610918689,17903.020466762464,,16.00031439956078,,,181.31454112548812,225.88605902576109,,1.5374272618479723,1.2991720398925692,,1.424709023682108,,,2.3860335792771266,,,183.4295772468916,172.80991989414798,,0.173771430730015,0.2898353725550889,,5,AL
DO-20-1089,24,694,25.594295686002106,39.13181363536124,,175.28305796772736,119.27409615393292,,442.6776861591531,346.7421749608811,,15264.531475970609,21127.76354085403,,18.05938693448545,,,88.75862583430256,182.4647654323654,,2.071741075398481,1.551999213740992,,-0.2653661046953579,,,-0.0591521502259492,,,149.57957724689155,151.068919894148,,0.1358236355956609,0.1570180895848494,,2,20
DO-2D-4175,28,343,32.863476596063805,,,157.02383549898622,,,509.2880157604653,,,19974.62579455118,,,16.544080354959554,,,68.16433072856668,,,,,,-0.0803573053773128,,,2.3021357952112083,,,141.4856685597894,,,0.142822757205064,,,3,2D
DO-40-2128,26,504,24.354910917649367,20.789491303970824,,132.76565840834877,,,414.2873484051863,,,22144.82824142715,,,15.098106603008029,,,162.72429445673404,,,1.3965441419171931,,,0.718390557757848,,,2.5643396181770046,,,224.3897947681592,66.01301843369971,,0.1168989484750412,0.2373903981537405,,1,40
DO-40-2049,23,797,25.30078549268141,20.00698565444489,19.34481715976799,153.24374885563728,62.75360910724346,,394.0767128699756,504.7438622540185,,17595.68600652971,24974.19284005624,,16.001457631296283,14.85665609706946,,76.58124607868285,249.70511312658743,,1.740825132974389,1.6329423731662869,,1.5704399508060125,1.7680412360755229,,3.996912207551721,4.515355231860742,,,169.60455188904007,,0.1117651380833486,0.2808455684023106,,1,40
DO-2D-4080,24,703,39.8672065542005,47.18270558594003,,156.34730041294904,160.18038950075513,,568.1691549112002,546.2429552751653,,29486.890743184736,28229.320021203872,,15.241670420813389,4.819044089676379,,232.11416569724057,184.0400539362436,,1.1617631560086683,1.296753983627096,,0.6701796488939104,0.3671496712458177,,1.7305876667163735,0.7868088836191152,,227.30245657825097,195.83339098286544,,0.1724167270761865,0.1697043824163794,,3,2D
DO-1D-3100,26,520,33.59988146842683,42.08355277696431,,245.1460197788779,79.12535025860795,,586.5618245541566,,,31640.2002962877,,,15.197972684341703,,,93.4268484758827,,,1.6056151971867536,,,0.1907025331639777,,,3.2022974840885823,,,155.73547056364475,178.42120890425883,,0.0428226233399903,0.2317174572547634,,4,1D
DO-1D-3003,22,925,19.52208742409664,23.63260568143364,26.0879763003724,164.46368422304843,152.8163618588169,169.06818402303188,534.796427884474,375.180669639259,,21297.89550119828,17329.834536737457,,16.46028029869324,16.190549536812497,,207.52050747688045,122.69914988346638,,1.503127136189995,1.2353922910975013,,0.0803004965553151,0.4203389157980479,,1.108892686870901,2.0753635802698343,,152.73778745656568,138.74825303757484,116.7616124155824,,0.1901088773068037,0.2302462938546602,4,1D
DO-1D-3113,26,498,23.16200683893552,28.406264428030955,,188.51818546553457,,,522.1880512504168,,,25130.566449213868,,,16.202966241934597,,,112.16134073284564,,,1.5403481817167184,,,0.8228841346952863,,,3.426232719485807,,,160.35779476815924,179.48351843369971,,0.0747418081311039,0.2142071553769802,,4,1D
DO-1D-3162,28,337,26.36572391583044,,,,,,479.8264440343515,,,25070.719448219646,,,,,,40.74035582747466,,,,,,0.4865377353034571,,,1.5914369915255,,,168.2901685597894,,,0.0897868193140351,,,4,1D
DO-40-2038,23,812,24.781780821301087,25.52834675647152,23.3693632664239,113.66178246904236,80.84117579673857,,382.0937573534474,439.5874516570906,,15966.514024433713,13876.660934122438,,16.21781113729855,15.812978528746932,,228.46747423962933,248.2371353160351,,1.3881112057031308,,,0.2587406828836719,0.1641725802925377,,2.409379304086201,1.3571792721113838,,219.53324363864425,212.5614493212961,,0.1396708586678733,0.2324829282015345,,1,40
DO-40-2060,23,791,22.6346994558131,19.616299627322476,,153.24374885563728,138.92569868984822,,479.87871070763686,568.7636299200338,,16180.573688626848,26432.17605567866,,16.43126854276062,15.513844474893483,,269.6917360072059,256.2100836484646,,1.31381024132622,1.3415947891150468,,0.2296773986708078,0.1376175344024179,,1.9586669360919515,2.102012561706083,,254.77395164736532,173.47655188904008,,0.0578684674168019,0.1430145648323146,,1,40
DO-40-2013,22,923,19.41012038175486,19.135272258407444,18.613697446201392,168.3086860890612,146.08760859329445,45.06687384411875,431.22009304010817,534.6676598555573,,19990.33470640472,16487.915467291507,,15.22403521677877,15.430058177313091,,254.9411307433521,265.8180188985404,,1.5871962901958776,1.4869682347040127,,2.4920416720097656,2.607748027254222,,5.039508090583931,6.322115525911864,,285.9702874565657,157.80875303757486,144.4586124155824,,0.1901088773068037,0.1922984987203059,1,40
DO-AL-0021,22,902,18.78218072094169,24.59181907472003,24.09818786123396,148.7254825086797,152.50296526975052,109.1420317023059,401.4773000365221,435.6499664002068,,17543.114942393604,15990.441138266138,,17.405961256097605,16.284127654479562,,212.0176748592036,123.16640623565644,,1.609449657844141,1.5625109155328785,,0.3362157771652451,0.2689603345536278,,1.0471979914917389,0.7941665269054279,,101.77857312273048,155.92130983127532,108.89502065109964,,0.2623134430308552,0.4355272787592021,5,AL
DO-2D-4061,23,785,30.69797936855401,37.15664196985502,,161.1156311029104,139.88694915635142,,681.818182,517.3891624363423,,29749.80486090154,20514.6243492379,,13.911000532890167,13.824531140840538,,62.86925862813681,70.52692025565389,,1.656818479130467,1.7699138490431563,,-0.090032314044865,0.2061563470452108,,1.92647647336996,1.8455162348649552,,160.5519516473654,217.25655188904008,,0.0958162625511561,0.1809623599666687,,3,2D
DO-20-1050,23,784,33.04621432470797,46.54280970793126,,199.5656497630385,160.80115669057014,,,,,,,,17.782861755439164,6.053920007641151,,205.70246123799112,85.73259653047467,,1.6878961046719685,1.7297514849013589,,0.6165287599286767,0.4010163654728919,,1.906776002829588,1.7673301008293922,,251.1499516473654,190.4520518890401,,0.1725725855953822,0.2278096305112817,,2,20
DO-AL-0101,26,506,25.3231312066746,46.306660962831614,,154.02389357559835,255.3304551538411,,558.9705956838374,,,28101.039643023458,,,15.552326930190848,,,96.97355216100082,,,,,,0.9398649014995144,,,4.490462000124873,,,165.86147056364476,190.6312089042588,,0.0911990739238532,0.2317174572547634,,5,AL
DO-2D-4111,26,505,23.16383202832069,34.2624006519373,,150.94347406156405,,,512.7777863120218,,,23071.107714018224,,,15.552326930190848,,,110.2811663838455,,,1.6254509697908035,,,0.843033984744806,,,2.907800508198,,,144.1209705636448,147.74520890425882,,0.1566660087430529,0.1747957645532321,,3,2D
DO-40-2018,22,888,29.95149050206631,23.787038220976203,20.11888167573592,186.2142507023046,106.3629428775968,53.38950464512016,397.2719576758369,503.6945233956216,,16277.888050290316,16853.499848015297,,16.8533490522253,16.096781603216762,,218.87366858447652,103.16975787027684,,1.2956229670417752,1.300980716849336,,-0.4499588425283681,0.2089692173311658,,-0.4754375746355132,0.7833578862020869,,214.7600731227305,135.07380983127536,81.49502065109962,,0.2282514027070034,0.3065957505994649,1,40
DO-40-2044,23,797,25.617950150789813,22.842006040762527,19.968842896651985,145.19037568735897,122.53733017643091,,476.06091251481706,515.8966777387511,,27189.43145994613,20171.21240907748,,16.512334716709372,15.734710116938889,,190.60956746595235,228.90235578522464,,1.613826454582357,,,0.6070947243762751,0.0689719872157618,,1.297481549808538,1.0564656236036991,,180.17274363864428,146.4449493212961,,0.0914200931437344,0.1966338791436977,,1,40
DO-2D-4063,23,773,28.6845956292568,33.115818010011054,,139.96812083983994,106.24318282873932,,488.4530512549624,484.1987052569186,,27198.36237156591,22697.11093134053,,14.720590525383653,14.85665609706946,,39.7302798053404,72.52658509219188,,1.457127845924485,1.4948993185705008,,0.1614850881653591,0.4494635925295882,,1.1371194131692564,1.3071813248352908,,153.7299516473654,165.13705188904007,,0.0849374650040645,0.2839269478226397,,3,2D
DO-1D-3140,27,399,26.913528895602585,,,128.66664520367573,,,501.3579674864101,,,28321.94769176041,,,11.892039509853486,,,60.90062062406707,,,1.080246592316288,,,0.382347797375307,,,1.939588505767946,,,131.2329741195097,,,0.1273377647303303,,,4,1D
DO-2D-4160,27,377,34.367195694680866,,,243.38219351181343,,,490.71139000191886,,,26620.649648207123,,,8.442094354795895,,,121.99326362162898,,,1.9661086824107208,,,0.2768764768885706,,,1.9421157767573207,,,182.84537580938527,,,0.0875151539195971,,,3,2D
DO-2D-4045,23,787,28.345332885172866,37.06815350111818,,168.2603868834358,136.95608717397897,,560.6542139894073,539.7367586157748,,27381.38068288218,33684.27811775083,,14.373758286600385,10.789012410578838,,131.47662158547266,116.92112493909887,,1.6015837286809411,,,-0.0012010475840373,-0.1287891994200196,,0.1998821013825548,-0.2149399005367628,,166.1632436386443,169.97294932129608,,0.1293678882780886,0.2156077767108749,,3,2D
DO-40-2030,22,878,26.478642144076243,24.15310919127956,21.974196797966226,168.16407842220065,54.732771155822526,138.80756251142918,510.2703633532217,479.1333688915712,,17975.76186720684,18927.61964819941,,16.492506048486337,16.44864920399696,,39.5337125814009,156.5893756463624,,1.4129082148550416,1.5737305868960247,,0.2920101587556458,0.5805564610918428,,2.2131598160931465,1.347342865821758,,216.4655731227305,144.00830983127534,149.10102065109965,,0.2072155651234889,0.4355272787592021,1,40
DO-20-1012,22,898,24.07812670013944,27.163938411501,19.005284801591127,221.68590962328256,117.4230910548507,102.7419018343109,495.3188489937653,536.3467145811063,,24505.358533266164,20874.72406586962,,15.897911850730589,14.47602883645586,,58.79024460530584,118.6723068495496,,1.6682201234467775,1.4941326855121986,,0.4862478077464767,0.180803390204868,,2.738558377941912,1.637693602188396,,212.2127874565657,111.64625303757484,106.6351124155824,,0.186979615649426,0.2910537413666939,2,20
DO-AL-0178,28,287,32.239055763550965,,,149.50884676618082,,,,,,,,,,,,,,,,,,,,,,,,104.28204342006184,,,0.0923016279909668,,,5,AL
DO-1D-3001,22,895,29.75192372762342,38.57006549640671,35.76359151470792,126.01366556292032,119.1725955312048,114.27690743234932,507.6832249422045,425.143405314086,,20731.7418798578,22367.52371445608,,13.900729766059229,15.905310978081951,,52.11798303735893,14.43158230519674,,1.503877345786956,1.30190018767215,,-0.2942794891114602,-0.2364995720970517,,-0.1535246661654963,1.0962526738819451,,112.44778745656568,157.80925303757485,140.2891124155824,,0.1982039773268893,0.2193674963075686,4,1D
DO-AL-0095,24,653,23.32655063923075,40.576948523566045,,178.16680936723697,205.7866381392212,,479.71273000235885,,,12382.639798195836,,,15.80441423237516,,,83.04529772990838,,,1.3153764346145729,,,0.9229761396386926,,,2.206262263172046,,,169.97957724689158,144.21891989414797,,0.0750161880836273,0.1531323347743471,,5,AL
DO-1D-3068,24,666,39.52145363016003,47.26252849641581,,133.2772892168722,132.30412597216224,,533.2522819872446,,,27493.640335104337,,,15.819383624958231,,,116.70493798847826,92.0554714554974,,1.330773709175881,,,0.3299232102028481,,,2.0786673524212125,,,221.64395657825105,147.43339098286546,,0.1073999343545698,0.2375048726650023,,4,1D
DO-20-1015,22,888,30.270212651772272,37.84563834723042,40.240052453335245,122.67711157345272,88.58557705975463,77.74938970522763,509.702603066872,551.1833824111955,,16463.38715976539,21379.635061107107,,15.624313361526587,14.838865172266832,,108.21053270831544,89.53433351713936,,1.6458200585373226,1.5756242511860383,,0.8514206333035789,0.1713045630916945,,1.9227223014142147,3.757263773095932,,201.76728745656573,200.69575303757483,178.70861241558242,,0.2020677584061009,0.1922984987203059,2,20
DO-20-1169,28,300,23.462406860029176,,,146.450080367451,,,,,,,,,,,,,,,,,,,,,,,,226.36566855978936,,,0.2036302047170976,,,2,20
DO-20-1107,26,477,21.28281274631526,30.96925954038139,,189.59016083621685,,,508.1293119376951,,,17832.043898096174,,,15.995405924849509,,,55.55192340414307,,,,,,2.0811354079013213,,,9.603457464016524,,,157.52297056364475,,,0.1330326238687097,,,2,20
DO-1D-3070,24,658,25.78148935745848,36.31398486411312,,97.71102195625367,111.15661570909178,,479.12936324371776,,,13286.98581531284,,,18.229721039372965,,,177.55188230027628,,,1.4530922300659252,,,0.8169142888851235,,,1.3302370328249244,,,156.718956578251,141.93339098286546,,0.1073999343545698,0.1616092823962939,,4,1D
DO-40-2155,27,356,23.25084413670816,,,160.714653392538,,,520.2929512099921,,,17671.213271490153,,,14.174127176616553,,,150.27423773838018,,,1.2202786371307082,,,-0.3152802728462636,,,-1.017824561764742,,,192.6738758093853,,,0.0983939514666887,,,1,40
DO-2D-4068,24,653,25.315366072282107,36.41205563543163,,195.75856953958035,155.37413716823912,,657.7883620931483,,,19697.56195903269,,,15.915694461315107,,,86.13863262996945,,,1.5766324062917207,,,0.3885726486248206,,,1.106664941648714,,,218.070456578251,169.58339098286544,,0.0504782416530385,0.1616092823962939,,3,2D
DO-AL-0001,22,877,19.179367527046,37.65187011134992,26.108183254791555,114.0258573749239,152.9893583154692,81.59439157124044,572.7885334385344,482.6502809077471,,15064.110342899845,17578.497409215805,,16.08034428191588,11.214037721680764,,87.071218722057,185.23257926574172,,1.1219735506526447,1.1119103207981245,,0.6453502085145019,0.5356798471995624,,1.1941662543431533,2.5678820008294085,,147.40878745656568,142.91775303757487,96.5091124155824,,0.168005718082249,0.3290015365010478,5,AL
DO-40-2036,23,762,31.904421432363268,23.996690349202662,,121.35178620106798,35.662403871088046,,472.76381936872247,491.6404961934048,,18115.45155637585,20519.51119962,,16.49352959314215,16.08266584440816,,282.17275842093454,236.2391462968073,,1.432214815861176,,,0.1323463398928727,-0.1092880139534103,,0.2102872335796413,0.1273784065575372,,230.48274363864425,173.84444932129608,,0.1017230635335192,0.2514568257687117,,1,40
DO-AL-0160,27,349,26.461536846909027,,,146.76116426527696,,,538.8430372411899,,,30279.33667463121,,,13.891820933764292,,,106.41379517525388,,,1.2302329406072925,,,-0.0070579955213695,,,0.4122362885561945,,,136.38487580938528,,,0.1147638396700203,,,5,AL
DO-2D-4022,22,850,21.32786599863579,24.956680883448417,23.849269088759016,151.82282049164618,176.81158040172926,,455.5366286062657,520.303805386412,,13088.568518440728,18500.25859165364,,15.733940114970617,14.14924751518634,,166.36959649895158,135.1643952548842,,1.6319597118530542,1.537850820047228,,0.4976419308604384,0.7433728128437527,,1.2135846244928337,2.354955849305302,,135.67307312273047,204.7643098312753,,,0.1583889724420431,0.2728573006746939,3,2D
DO-2D-4018,22,846,29.65637629507643,34.67557694123068,28.550827195792696,164.3190765561878,94.14404028245382,,469.4390803800334,457.1386606199208,,16059.07394729958,13729.884152316748,,16.492506048486337,14.59114453199691,,54.67403205804547,247.14562610101004,,1.62991838489326,1.58638837014729,,-0.1573753476343694,0.2872316530654902,,0.5763304507692135,0.6360092616493127,,198.34557312273049,143.71080983127536,,,0.226189462690666,,3,2D
DO-20-1017,22,843,26.284224857852116,28.421424166768585,20.622276326192583,157.37673670720852,125.58795220766083,,529.2461981886756,501.6034670219392,,12631.88573332278,13953.042406862498,,16.577152926714593,17.31509606042967,,192.30669289904364,136.59272728098276,,1.818319770400464,1.7143005702870422,,0.4216429048030405,0.500265421556379,,1.9591967753591093,1.8159719385360265,,185.55507312273048,200.59430983127527,,,0.1674439551949698,,2,20
DO-2D-4026,22,843,26.604556707946568,27.536508975447813,30.47347318580133,210.45909894834156,135.47781034209157,,501.10469430110254,543.3512606627371,,12304.961751959549,25732.910656813485,,14.786365581046828,13.619135106493538,,197.2215682626801,68.31845643347238,,1.32208704364389,1.3390514715192885,,0.5321098426542645,0.2283735624303871,,2.903958538810272,0.8134932043415358,,124.80157312273047,133.58430983127533,,,0.2300752175011683,,3,2D
DO-2D-4070,24,638,25.44496959709984,39.42354402352652,,205.3710742046124,168.83164369928394,,457.8192437875021,,,9455.169339372444,,,15.626784050514942,,,174.12388543763976,,,1.412681739404974,,,,,,,,,213.304956578251,207.38339098286545,,0.0504782416530385,0.1616092823962939,,3,2D
DO-20-1047,23,749,21.754010973180264,29.844920029500763,,135.77054319861602,126.0199477223891,,465.2462421302771,518.7873701037167,,23359.232547162985,21449.80429297529,,17.04517232643031,16.982075690133367,,118.20024182482176,163.67987937100128,,1.6828701841192597,,,0.2652177076402925,-0.0098269471271459,,1.2911630705401893,0.6941558237268034,,225.81224363864428,175.6979493212961,,0.1776186538022275,0.1755612355000033,,2,20
DO-AL-0042,23,749,21.18657973420681,48.09483206299219,,243.4305954469747,181.77247477957485,,539.2676491318886,536.5183653381001,,23615.45721684053,19852.40157581437,,15.115556141504271,14.465368746263112,,185.33184705145328,126.82891309765893,,1.5026933956465878,,,0.6167094545421754,0.4896147708156102,,2.892415989575003,1.8169355224266268,,141.9197436386443,211.0724493212961,,0.1206969611006962,0.2324829282015345,,5,AL
DO-20-1049,23,727,26.70669382327902,35.82038183911429,,131.3168666413111,96.39737543485556,,465.879436695196,458.8965698692771,,12364.176417434866,14672.259361100383,,16.751156378685085,10.731821835795742,,58.8699289550609,48.31029744669281,,1.559002312479819,1.4495265492471554,,0.0229249245916957,1.2950105072071592,,1.064410087555398,1.686703936866562,,169.9309516473654,115.69905188904008,,0.134624790461028,0.2278096305112817,,2,20
DO-AL-0096,24,622,25.503776981256827,23.266897168308088,,178.16680936723697,153.87911294804823,,481.3586393802525,,,26154.62109155621,,,12.966916638883692,,,34.767675247777625,,,1.4143453373645278,,,0.0479251435082643,,,0.2417002908562542,,,174.42957724689157,71.55041989414799,,0.1319378807851585,0.3428713104461179,,5,AL
DO-AL-0058,23,723,28.300360771569665,44.511982197291246,,156.12750025514688,154.07240342504772,,465.0080474960515,537.3666634436843,,18493.83002703571,16225.625240252908,,15.626784714596774,14.293592676456186,,39.7302798053404,33.45564437526795,,1.510551779550576,1.356486590400931,,1.79758636962269,0.4097022183801306,,3.1996517683664187,1.0123717251178843,,265.83945164736537,169.30705188904008,,0.0927912405161715,0.2049499781336022,,5,AL
DO-1D-3017,22,834,25.862544040270137,35.95744879452999,22.640110589686387,140.28781489360776,131.63280847607874,,425.1725867012512,394.24733623929353,,17677.0337428069,16282.529980396605,,16.1131630094647,12.38284588977346,,197.7929010731195,57.74879944034315,,1.1649607206975636,1.197202076392028,,1.3185814657718755,0.2218542732310655,,2.7540551705061715,0.9034768552767738,,221.79457312273047,163.06880983127533,,,0.2111013199339912,,4,1D
DO-AL-0067,24,631,34.39163922743465,61.17838477461365,,177.73817980841494,255.3441856845722,,501.5285241139703,,,23155.90257156825,,,15.4063659356287,,,36.97565446945505,,,1.6206629973602429,,,-0.0871054579428674,,,1.5017191154184553,,,229.982956578251,251.18339098286543,,0.1565943114201379,0.3899753630533652,,5,AL
DO-20-1037,23,741,23.16403943075497,26.92356302157518,,122.31303666757118,121.21369538987308,,471.06136842597937,477.4765311387685,,17026.640513471804,16792.530695471738,,18.24146672136786,16.712176004577785,,113.62957934130638,171.67853871715317,,1.422608404355193,,,-2.545592528027644,0.2418530268131544,,1.0121359645791608,1.9905784807527749,,186.85924363864427,147.3384493212961,,0.1017230635335192,0.2135090306343575,,2,20
DO-40-2007,22,853,30.444372127100948,18.964618236685087,19.59186826463918,131.32836577198157,62.63181446416814,,449.5437373512871,453.3694409083746,,21747.193829752843,15564.700553333603,,18.271966461814163,13.931937139305766,,198.19545035252364,238.65219704182732,,1.3931182476692818,1.3519660964201397,,0.2414635314216101,0.3972351249309542,,2.397527852465866,2.443133159712253,,165.10178745656572,219.4582530375748,194.7906124155824,,0.240015553540455,0.2681940889890143,1,40
DO-40-2008,22,853,28.79037641113631,25.075481639943977,21.12717598806871,140.9408704370136,105.88808545681228,,466.179441088658,531.1048644453854,,18202.61250089121,23721.47898229055,,15.350772914045582,14.47602883645586,,231.04708695279012,164.378931684703,,1.7148417032587608,1.783968270906941,,0.0138324446396759,0.0616807079511285,,1.1835528829749675,0.4624189796294541,,253.3552874565657,197.1212530375749,131.35461241558244,,0.1451460657045696,0.2681940889890143,1,40
DO-40-2121,26,426,28.976818617049517,,,167.37067520246407,,,501.7704971876807,,,22451.231789380872,,,16.295082241261145,,,122.15966491553544,,,1.501029623657182,,,1.4187306530476282,,,2.97542785117444,,,213.37029476815923,,,0.0937157056982809,,,1,40
DO-1D-3125,26,421,26.651238292898068,,,170.25442660197368,,,580.6870317975245,,,19459.731806909404,,,16.663620277063124,,,148.72664060096838,,,1.6827035964328123,,,0.3244043371911581,,,2.22722619521308,,,149.04079476815926,,,0.0329082581862474,,,4,1D
DO-AL-0082,24,610,30.843324175735376,50.38512619330341,,140.67804117361206,164.45286807958345,,544.8725339207795,,,30582.10681032957,,,15.510620995820918,,,88.47295942908285,,,1.930308569422181,,,-0.2591679252100831,,,0.9127492118833274,,,173.87957724689156,150.17541989414798,,0.173771430730015,0.2329136798535577,,5,AL
DO-2D-4166,28,259,30.13060256647601,,,175.28759436254705,,,,,,,,,,,,,,,,,,,,,,,,283.2491685597894,,,0.0669271669363556,,,3,2D
DO-AL-0057,23,714,20.01205097444119,35.743340204773084,,114.79373019550916,226.1661884127879,,497.1868668600949,496.77441416701447,,13657.569477152176,25907.358828906497,,14.129127904115965,,,130.85786307042753,90.30325901399004,,1.5833814046174592,1.5734819486996892,,0.5681562464744254,0.500401834679857,,3.1208392855521847,2.050202451649448,,163.1099516473654,176.15705188904008,,0.1156508928938509,0.1708879378097504,,5,AL
DO-20-1032,22,825,19.817800922616662,29.397689138955773,25.753383452039145,,127.51045314066724,,481.07434645724766,457.9063686109308,,22543.483651960767,14831.81847300207,,16.761275844163883,16.84635032236341,,34.33317081254476,47.46480885243363,,1.3408773740526831,1.2417995335091965,,-0.1026118519411652,0.2620892293437598,,0.0917426392808897,3.171444393730095,,145.26607312273046,185.40580983127532,,,0.1755390552150553,,2,20
DO-2D-4017,22,825,22.168556177560102,26.839475060555216,19.7643302362469,174.89283168772306,123.94280474405312,,533.5619475250749,490.0191470867096,,14825.860422996378,21234.429827723616,,14.407514074356246,14.237616729407003,,253.212183685743,204.009998912834,,1.4360341223885609,1.4770950099740658,,-0.2142238342166462,0.3161588434897955,,0.8946847241199073,0.5113584492297125,,211.34957312273048,150.26230983127533,,,0.173153524799637,,3,2D
DO-2D-4036,23,734,25.207439227183823,34.96145203428496,,159.609132684907,158.10359743704942,,503.4587424207126,497.2313359839061,,28156.360625711477,28465.824981330537,,15.396123969927654,13.586687728710928,,101.48164903740324,62.93017435257393,,1.4950695573810002,,,0.4247758548360334,-0.0255607769225391,,1.2828415923453158,0.2412905771842684,,260.5972436386443,180.9924493212961,,0.1103939907109115,0.1207382888749894,,3,2D
DO-AL-0027,22,825,34.307743235561546,56.10082287563746,32.346189550849,164.10548997273094,172.68922506631776,,629.9896141039304,602.2796635749359,,28926.23896292248,29465.90465600338,,15.840957361928172,13.28969845386991,,18.621518525460772,56.891800224684026,,1.502975511685542,1.2099125287681072,,-0.0712184215725367,-0.1484748144512143,,0.172798952962666,-0.0137017685575081,,123.52207312273046,174.38630983127533,,,0.3002612381652095,,5,AL
DO-20-1103,26,436,34.56409584464285,22.511829913698,,158.83014590811436,,,448.7769123447932,,,17029.151218261148,,,17.059475790379242,,,127.82552392472935,,,,,,-0.1770280808589779,,,2.317746751006665,,,234.0629705636447,,,0.0992941739439387,,,2,20
DO-AL-0146,27,317,21.885387915767307,,,160.21867079632185,,,429.4632814851586,,,19092.11548778193,,,,,,119.55444981536051,,,,,,,,,,,,275.46837580938524,,,0.1485022895947913,,,5,AL
DO-2D-4016,22,840,23.56845608347517,28.602318643814204,31.44885386850232,113.51740949837868,115.32759366519196,,513.4673747705082,477.3376669478158,,19273.5889779482,21241.628077942805,,16.548632185837807,15.905310978081951,,113.53626015959632,243.5360392914032,,1.6573480162298848,1.2692119923397611,,0.4818381861743457,0.4965074865384291,,2.3783220121439035,2.17313934997706,,198.7827874565657,145.30025303757486,,,0.1142132870380954,,3,2D
DO-2D-4030,22,819,25.140500817185668,32.10660634585987,28.68790473927857,176.81533262072946,148.93531687313637,,485.23442812093856,405.7287204606155,,11557.716047110296,11009.293788028504,,16.397658621545613,13.619135106493538,,204.0775619879531,136.59272728098276,,1.8693185803521049,1.5108087335519529,,1.027953353668678,-0.059396674174896,,1.8182925684720448,0.632639398874116,,182.35807312273047,190.46830983127532,,,0.1313199748547805,,3,2D
DO-2D-4047,23,728,36.33313694346281,48.98924693373259,,151.91912895288138,126.38233204244372,,533.5033477795727,,,24739.211279623672,,,14.74544341909316,12.18734274035416,,50.63302890829509,76.07082899268053,,1.5642157314241008,,,0.1159232900329573,0.0559575218035771,,1.5692262429283486,0.2328782670099801,,223.1097436386443,130.3624493212961,,0.1564368858653511,0.2237028767309604,,3,2D
DO-AL-0014,22,840,21.227474521975825,35.6500628798186,49.13102970487304,150.5533751020456,195.2843788416101,,438.6057616761482,476.95986373375854,,17308.375869942218,19730.19071638256,,16.35404501743724,15.927943110049853,,264.47005636349604,104.10332018334448,,1.516379943558106,1.5422890616060578,,1.202524259269982,1.1772164782818302,,2.1878483255921743,3.977290524553472,,145.7027874565657,196.82375303757485,,,0.186979615649426,,5,AL
DO-AL-0046,23,727,32.27498976388884,53.04763053363539,,176.14306279175054,215.41624110718692,,491.8100876052771,498.08658755223325,,21984.82022910984,22934.029549494902,,16.03403484955499,13.477901300351114,,26.78699215451495,26.845671270760864,,1.5833139047693905,,,0.3057290629453295,0.014834297070278,,2.5651480755145584,0.877574109839934,,162.88824363864427,202.4354493212961,,0.0827491659663421,0.1945351330671804,,5,AL
DO-20-1024,22,814,27.91314598354772,43.18996614640564,25.17564017182747,177.56299650377576,132.31670547318328,,537.5774714347717,559.5127291268462,,24797.473768753887,23646.50717400485,,17.221723294618094,15.441295142168231,,43.47449577957544,38.323483885402986,,1.4534674184852645,1.0293425569956924,,1.2069332003915028,0.6161817808091805,,3.5070094707830526,1.0828205931745754,,155.71107312273048,146.09280983127533,,,0.1755390552150553,,2,20
DO-1D-3029,22,812,34.60020855703673,36.28940523015902,33.20415168716578,161.43532515667823,126.82655614356273,,440.8269373183695,566.9473569888422,,18453.795165015064,20708.50163908065,,16.397658621545613,16.09462911320878,,68.10035310337176,155.1610436202638,,1.6924913185496886,1.7118130397900144,,-0.4434566799264316,0.0819405934152053,,1.067216963723962,1.1957625935432832,,161.89307312273047,170.81230983127534,,,0.1313199748547805,,4,1D
DO-2D-4067,24,608,19.64097852129301,27.23425110093443,,131.3547882838658,125.57537270663984,,499.1593048611309,,,21977.743462834565,,,16.59008718338605,,,268.1081327549239,,,1.5488503774140887,,,2.2078003572349214,,,4.216314549335878,,,149.570956578251,296.83339098286547,,0.092311791597895,0.2034428323411505,,3,2D
DO-AL-0054,23,696,36.59351194980795,54.17181173880811,,127.28998626005078,165.60740902308615,,511.084529977179,466.50639284780686,,17939.848920675897,29608.016119647746,,16.376245805882228,,,61.15526019681856,46.88196542059429,,1.5604927552125754,1.265462629143928,,-0.5383149224653159,,,-1.6255079034593036,,,188.05095164736537,171.68955188904008,,0.0738173429489944,0.1859760805664252,,5,AL
DO-AL-0056,23,696,26.94116652634833,49.09758675820471,,150.35999745612764,221.3599360802719,,524.194314245517,492.1232191032885,,19118.149747445743,34626.06660213992,,12.445967269589666,,,43.15827666797691,29.170648296972324,,1.5040168168954628,1.335531224915226,,0.2779057088983618,,,1.966537237864859,,,215.97645164736537,148.75705188904007,,0.0358695478146402,0.1859760805664252,,5,AL
DO-20-1011,22,827,31.10188765063892,43.222053007851855,39.00808797300631,157.28212836756802,143.37685365043717,,531.3407718828537,455.4416402667018,,9655.402666832722,18012.029176769236,,16.445292898153657,16.018741014834887,,62.50390787316202,151.80960985503583,,1.6441220911123935,1.2811828397420228,,0.2681775037358195,0.168636518750317,,0.8416957586843569,0.3775605485200701,,147.1952874565657,201.88675303757483,,,0.1830938608389237,,2,20
DO-2D-4093,24,589,34.0839463118088,47.518525138153976,,185.85681309926252,192.75362043480084,,468.4240058201507,,,20638.60061393557,,,16.029908338190793,,,59.415597498302624,,,1.3731400036109975,,,0.1147167610879839,,,0.6033704809450343,,,136.17957724689157,156.727419894148,,0.1979479458662663,0.2047531946260225,,3,2D
DO-40-2034,23,713,22.974594824283795,17.36306860458665,,150.18930019616406,73.15117206471294,,491.12737614437947,458.5208496199133,,20955.295188867207,18117.027350055458,,15.391032119529648,14.1062187348303,,232.4668039127052,237.9531447281256,,1.1799913665948436,,,-0.0701882813647248,-0.6055982944411957,,-0.4464578071840492,0.0135240940391514,,180.5037436386443,208.9879493212961,,0.1396708586678733,0.2704307233358886,,1,40
DO-AL-0006,22,825,26.553743497677253,38.87183115638154,38.16251492349967,88.07209477933745,132.80309851890195,,457.7064052901757,636.3337994492347,,17053.23238312526,25707.62886898832,,14.894995128101048,15.201793173917205,,26.50994081547875,79.82167573966926,,1.6167894996215806,1.5751276255206053,,0.7497329153120699,-0.229882739494017,,1.327875776044705,-0.2509944508747326,,144.6372874565657,200.3977530375749,,,0.2210416559732779,,5,AL
DO-AL-0010,22,825,36.96983089623685,59.96320573787207,26.53804657207788,130.36711530547836,170.29186671252685,,526.8639094035249,566.8646424719733,,22240.217190467964,23488.096700576178,,14.986138748477796,10.308894310420689,,142.7761677399002,92.67666397455616,,1.5229708041157752,1.30505655321909,,0.6403206193794015,0.006170517074689,,0.9694131071918956,2.1453813139473703,,177.0397874565657,172.99775303757485,,,0.3348850413763405,,5,AL
DO-2D-4031,22,800,32.5374672809068,40.84914095849967,,119.14030463053732,163.35407387068443,,560.0023218077706,504.5458969852764,,24021.462835293976,18077.88813092805,,16.397658621545613,16.00614061831715,,170.08325976680783,112.0254164320878,,1.4407339458479806,1.8055635448040548,,-0.0419419565186465,0.2050940887225474,,2.044167205823421,0.8761718636645336,,214.54657312273045,135.37180983127536,,,0.3210589505265515,,3,2D
DO-40-2109,26,415,23.83361765125848,,,149.02097312855764,,,533.2914423578798,,,19664.66241988041,,,13.781431515776177,,,175.12744036871933,,,1.165154332856271,,,-0.1312603617136587,,,-0.3145961496772407,,,149.4809705636448,,,0.0807704184743445,,,1,40
DO-AL-0055,23,687,34.37455183949744,46.84715695365888,,162.8562535206693,167.52990995609255,,465.56216902929793,489.8297730563292,,20573.17797622739,27875.139456398363,,15.064977731434062,,,40.30161261577984,49.16729666235194,,1.4101657899448483,,,0.6415736015501756,,,2.358574347520372,,,180.3769516473654,214.27755188904007,,0.0927912405161715,0.1670021829992481,,5,AL
DO-40-2037,23,707,25.93408845536161,20.261638380685884,,168.4530590597249,83.72492719624817,,428.7353869238559,448.12707529297086,,19088.05436452248,16185.339385217136,,13.096955537780431,5.684581216967975,,186.7601790775518,197.95984799736632,,1.5822904858487032,,,0.1846339128319238,-0.3415002945518673,,-0.846910198974652,-0.3961969204558808,,211.3357436386443,120.53494932129612,,0.1776186538022275,0.2704307233358886,,1,40
DO-2D-4135,27,314,45.213727286500166,,,210.37293485644796,,,,,,,,,,,,114.6059048053723,,,,,,,,,,,,240.2364741195097,,,0.1463116622975074,,,3,2D
DO-20-1083,24,575,30.2204372205636,29.518422801602693,,166.63180376919854,78.9015765607984,,415.5271086611124,,,16802.64927851874,,,16.58820784002352,,,259.01580334524897,,,1.45858732021034,,,0.0410275013925177,,,1.079527811832136,,,169.12957724689156,229.991419894148,,0.1319378807851585,0.13415843720717,,2,20
DO-2D-4065,24,589,36.80309283690091,52.025084342281545,,192.87481814007072,157.29663810124552,,647.5296739412748,,,38504.93847226295,,,14.856665741630035,,,114.99093955716002,,,1.4787845658593808,,,0.7200563947135988,,,1.5581902525411206,,,201.094456578251,154.43339098286546,,0.0733378940307179,0.1654950372067963,,3,2D
DO-40-2082,24,575,27.6412520407312,18.124212169227487,,144.52304303962487,60.63781769723756,,509.524260859788,,,22767.917846538578,,,16.19624605285073,,,167.31688726972249,,,1.468871089699459,,,0.464127260832082,,,1.5491856831122188,,,206.6295772468916,132.60341989414798,,0.1319378807851585,0.2290279250430554,,1,40
DO-1D-3013,22,811,29.28669543622156,34.6680108479781,28.69124518358691,145.23867489298436,123.0175973972176,,487.1095214545602,459.6434242304541,,16357.401075285456,26146.298095341124,,16.63699106610083,14.290126184401544,,128.10524682580146,142.41013184362626,,1.6493831302422834,1.258646340757137,,0.405348415807609,0.2326486103850385,,0.2927684723533347,1.5030254610614897,,122.68028745656568,147.98075303757486,,,0.1939946321173061,,4,1D
DO-1D-3020,22,790,20.95556733295573,32.435191726085506,,135.48156256109175,148.93531687313637,,471.29701148914,513.2991911035865,,18184.405922990023,15188.897109462469,,15.260070145087193,14.50275482691242,,119.5203060429194,46.3221432315548,,1.2934225475740422,1.2008526432334832,,-0.3077550030285215,0.7945083068770465,,-0.5057583425249929,2.390827917391308,,128.85107312273047,144.30580983127533,,,0.1882416675563119,,4,1D
DO-2D-4120,26,384,29.569352938868985,,,166.4094247359609,,,534.2529697411888,,,25694.60244547793,,,10.22747716945037,,,75.59604086472291,,,1.848325277393838,,,0.2447199167281986,,,0.5619456016072366,,,203.54229476815925,,,0.0898299508877786,,,3,2D
DO-AL-0063,23,678,32.408279035927656,45.20898984589612,,164.7787544536757,175.2199136881182,,495.3764430872717,,,22245.490707011144,,,13.754947843576034,,,143.71285130531442,151.43586973100773,,1.4719235531891015,,,1.2453593426619871,,,2.394496577790187,,,182.08195164736537,234.2320518890401,,0.1307390356505257,0.2049499781336022,,5,AL
DO-20-1096,24,567,19.84102678892056,25.587507466145656,,136.83303930759925,143.30535781651298,,431.2911533993051,,,17610.990795382826,,,15.80441423237516,,,159.88956073401,,,1.53012239207482,,,0.1572549957336179,,,1.7182347827892956,,,153.02957724689156,148.983919894148,,0.1210590832380669,0.1232796396600784,,2,20
DO-40-2005,22,804,20.873615392845995,18.276786580163627,15.043418413131471,146.70837323603283,66.47681633018095,,478.5977347718012,466.82147030069086,,18565.761194019124,11000.261609681527,,15.350772914045582,14.929588406510629,,258.1853954486625,116.95830841823135,,1.444467395744315,1.7216370145721571,,0.5965409536220003,0.394773907881049,,2.8569262157931417,1.1205626586629027,,145.7032874565657,137.55725303757487,,,0.1641199632717466,,1,40
DO-2D-4056,23,668,18.20350347076728,23.8108906281094,,166.88313390192965,146.61570242187383,,486.8346614738245,,,16432.75647807276,,,14.27076567564518,,,257.69374698797816,,,1.387823889466116,,,-0.0398307088289783,,,0.9879084923035932,,,150.5329516473654,172.58255188904008,,0.1527379552526872,0.1999362575338458,,3,2D
DO-AL-0113,26,374,27.11503351213382,,,160.58156744547455,,,582.2774958767462,,,17250.743735399275,,,12.322101933279264,,,89.23481306713589,,,1.7987882539963669,,,1.2504300103954906,,,2.6398735339766786,,,138.02129476815924,,,0.0418335499448564,,,5,AL
DO-1D-3105,26,394,37.4482175253199,,,223.0372590493042,,,483.2734341942495,,,22016.29035381112,,,10.42176779604358,,,77.71519618879871,,,1.5150631589929853,,,0.1680536747909128,,,6.839869328158604,,,320.1339705636448,,,0.1036300708520239,,,4,1D
DO-AL-0041,23,688,23.23583421044671,63.024937742696885,,215.55433191838185,220.22249343970296,,545.5616789194868,536.7661611515975,,29022.569500948928,15327.01319376395,,16.585450591720306,,,89.34793489763116,32.55899937515501,,1.6941923691851168,,,0.3332779056550333,,,2.111745126071213,,,168.06324363864428,142.8709493212961,,0.1206969611006962,0.2704307233358886,,5,AL
DO-20-1080,24,582,31.494237862523036,37.89342009801482,,171.00942654289253,144.8003820367039,,553.9486419077173,,,20678.7841055123,,,16.953863675788075,,,215.51715773177293,,,1.4724675441188426,,,0.478599439646341,,,1.626821399172295,,,160.88845657825098,121.93339098286545,,0.0849080663610128,0.1664979374568234,,2,20
DO-AL-0048,23,685,21.52463616548148,39.90944550342738,,130.9642908661,112.56244119134423,,416.1362529339208,451.2191276798003,,4951.807160049174,26589.377669674344,,17.13714093019726,,,151.05187842508823,138.541235711667,,1.6215060166604114,,,1.4450893321380296,,,3.542134016299279,,,159.0822436386443,194.09694932129608,,0.1017230635335192,0.2894046209030658,,5,AL
DO-1D-3077,24,568,31.473351380439325,38.4663812011955,,154.42479947994264,157.29663810124552,,386.3276930647055,,,12008.94914670094,,,14.18315332728735,,,163.83989484973026,,,1.437805614424593,,,0.1442531447258488,,,0.6448532943512609,,,213.30495657825105,253.28339098286543,,0.1073999343545698,0.1616092823962939,,4,1D
DO-1D-3147,27,267,25.99534173833904,,,166.48215619155718,,,,,,,,,,,,,,,,,,,,,,,,138.17187580938528,,,0.0983939514666887,,,4,1D
DO-2D-4066,24,568,31.23442532027065,34.55484480955029,,177.4948106760195,91.93160637902774,,434.1564775082767,,,12993.615823559889,,,14.37555470169356,,,243.8264883112487,,,1.307564885443841,,,0.4386539459992858,,,1.2282148025540918,,,211.220456578251,212.48339098286544,,0.0543639964635408,0.2224167299083276,,3,2D
DO-20-1043,23,675,21.66276794878982,34.737097150818,,148.26679926315765,199.0749831766325,,551.3171174169717,,,26014.70820311956,,,16.76931556053949,,,192.18784077672632,31.130667349056477,,1.7654553928998593,,,0.4716978996943872,,,2.105418777571451,,,155.67124363864426,137.8084493212961,,0.1206969611006962,0.1755612355000033,,2,20
DO-1D-3099,26,380,21.030323946482085,,,137.4859675305192,,,435.2502020212135,,,12002.788420551706,,,15.109398623235084,,,299.67799304451233,,,1.7593939257463878,,,2.729011649692599,,,8.699170163719558,,,139.05747056364478,,,0.0428226233399903,,,4,1D
DO-AL-0065,24,561,22.10652122230074,35.87324155921845,,124.8694041507388,115.9628680416078,,537.6894792945251,,,22499.84476200172,,,14.826542230436717,,,30.976659959841182,,,1.217405817313204,,,1.4992019700135968,,,3.745749848097457,,,207.34845657825105,158.58339098286544,,0.1186465162857838,0.333053670351834,,5,AL
DO-1D-3041,23,668,35.91162297298272,33.90428521490867,,156.7253812853974,153.2973451045334,,367.5865473115605,,,14145.05975604496,,,14.74544341909316,,,123.47796223932076,,,1.7275844345115514,,,0.8394401709964135,,,2.4837722087541168,,,212.9437436386443,170.8664493212961,,0.1332536430885909,0.2384674290885543,,4,1D
DO-40-2054,23,644,27.230592143962813,21.99856911667916,,131.1349881260636,60.83110817423706,,444.5820398766301,,,17673.069675632494,,,16.001457631296283,,,150.2831786253677,,,1.4884506585048505,,,0.7222700118016652,,,2.3321202725701027,,,204.2519516473654,159.77655188904006,,0.2147297259393195,0.1750972830193336,,1,40
DO-2D-4007,22,771,40.14146264414471,46.98054515793705,,112.55615903187548,165.31261792335852,,554.545550769496,474.8551779533061,,26004.44186141341,25792.32187579184,,15.665411880793023,15.430058177313091,,46.404654932964746,68.9938657021611,,1.5619867840959976,1.5997892426363918,,0.3030605906980898,0.114974408713581,,1.6945302789866004,1.7157095945902805,,206.45728745656567,161.38275303757484,,,0.2090827748739809,,3,2D
DO-20-1091,24,532,22.065617272039173,25.74898005051409,,118.5692804440384,117.35159522092653,,413.5702062815758,,,8650.161904068289,,,18.845037471436218,,,214.7375105361941,,,1.4003281510760537,,,1.0780708400835612,,,3.593935533210369,,,207.5295772468916,253.51941989414803,,0.0939900856508044,0.1531323347743471,,2,20
DO-1D-3030,22,748,24.3151561076288,29.916706716478377,,139.32656442710456,136.43906080859475,,544.3170146303693,474.78756985803466,,20884.397987961693,18963.624285136983,,16.30281905314382,9.559930583117293,,174.93958865554285,195.15434035102305,,1.8056131701168328,1.8343451096395933,,0.8769477674107464,0.2699155498328845,,3.24683266310928,0.934841200021345,,223.7130731227305,138.05180983127534,,,0.0824933821733348,,4,1D
DO-1D-3042,23,651,29.624246302784623,40.19824412866519,,174.02788968245503,230.1973824247896,,525.0687247515618,,,12630.820916234255,,,15.861088905760797,,,23.49472041242274,,,1.5098516520359029,,,0.5071892768109981,,,2.589452923201749,,,184.90224363864428,229.8354493212961,,0.0953058479542367,0.2384674290885543,,4,1D
DO-1D-3082,24,525,28.036753586044107,41.05598395014714,,132.02678697508324,,,513.2308811409168,,,30320.65254174738,,,16.438599764249986,,,87.69657161505374,,,1.791413580114476,,,1.717881493217595,,,2.978621141908205,,,139.0295772468916,137.666419894148,,0.0690164177065291,0.1896650518693478,,4,1D
DO-AL-0020,22,741,37.27409065288981,49.99200085678715,,162.18298903972453,137.1229578056993,,508.3881524091596,,,25287.56757700723,,,16.116977110085013,13.009268063742413,,27.477177087271727,119.73840937301992,,1.9605052798569893,1.6676581671796724,,0.5676163109915083,0.4480324514393716,,1.3071398781696173,0.8689162969711477,,201.33007312273045,156.21880983127534,,,0.2812873405980323,,5,AL
DO-20-1021,22,738,30.80976787410889,38.12026031469048,,168.91174230524695,152.50296526975052,,542.5584019909643,531.39407749147,,20466.54331124924,29928.00998300693,,17.129617244965754,18.15942393184832,,23.192181008976146,38.323483885402986,,1.8456422503452408,1.49645495336484,,0.3895895223041119,0.106209802672284,,1.5895716182857595,1.2180567229599693,,194.7215731227305,162.77080983127533,,,0.224365647896501,,2,20
DO-40-2106,26,353,18.929310559066963,,,163.4397301261057,,,442.5687290076218,,,16698.722328068798,,,13.339024218922692,,,299.67799304451233,,,1.2614173512480602,,,-0.2363401060107904,,,-0.6766845072596791,,,139.35547056364476,,,0.0846561732848468,,,1,40
DO-AL-0124,26,332,29.210275986691496,,,125.01530018485605,,,,,,,,,,,,108.9457950272958,,,0.97097616871967,,,,,,,,,140.70179476815923,,,0.0948694878358854,,,5,AL
DO-AL-0002,22,755,30.261862333948603,48.84139296569239,,139.01836950400718,125.11309478687632,,477.1442366254355,482.8451904822965,,18308.56094552465,16730.363366484147,,15.441946756332744,13.478668629534532,,34.22293375641088,70.96601717785828,,1.4876263389270998,1.6031799533260869,,0.4146197241378285,0.7559086458578343,,1.3685451646270252,3.236145514647862,,139.5207874565657,117.00725303757486,,,0.2779633486748092,,5,AL
DO-1D-3018,22,730,30.468141165309284,47.74135501130005,,138.36531396060136,147.9740664066332,,544.7654672027213,552.1130929429753,,21934.506503645516,31198.55903904473,,15.828734960947555,13.795819986305386,,36.67704852920382,47.46480885243363,,1.3587106132601383,1.05433836248233,,0.3680788567062654,0.4478424023185339,,1.1123842789198275,1.8451440557840617,,203.03557312273043,138.94530983127535,,,0.2072155651234889,,4,1D
DO-40-2006,22,750,22.588584190854665,19.184004025499597,,114.0258573749239,60.70931353116174,,472.83757401328273,539.4931148427079,,23179.47693055536,16426.143851844237,,17.723590087576298,16.291175812412668,,264.47005636349604,207.51455887287904,,1.439769227561784,1.345647503938437,,0.6283878476928932,-0.3609377198296915,,2.476713530184297,-1.8948658017064763,,166.3807874565657,150.06575303757484,,,0.2020677584061009,,1,40
DO-1D-3064,23,615,42.10227950076481,48.460865380342426,,163.03813203591682,123.54569122579696,,525.9145273558621,,,20384.9631045785,,,15.530630737087977,,,28.017957191332368,,,1.632248800199925,,,0.0354931425932569,,,0.4643165031870312,,,184.21395164736532,232.1475518890401,,0.1039113625712416,0.2080313575539313,,4,1D
DO-1D-3144,27,244,24.564535374961057,,,146.93040406723657,,,,,,,,,,,,,,,,,,,,,,,,278.6554741195097,,,0.1463116622975074,,,4,1D
DO-40-2021,22,727,44.367487263350746,24.392275175350512,,161.22173857322136,100.59544007857758,,477.9502730212693,571.661315234231,,20142.943902692616,24262.54589740284,,17.59023475458149,17.033822747832808,,75.1834667589631,204.009998912834,,1.5903461739366986,1.6097991960304494,,0.137138913941593,0.0588692206112023,,0.7357712591192065,1.7509769255547465,,245.4565731227305,208.6358098312753,,,0.205391750329324,,1,40
DO-AL-0087,24,510,20.15901779854449,38.51163385431257,,152.2130467716505,172.14287181160907,,565.2458026139096,,,28693.635581869083,,,16.686219590938293,,,60.76331812277112,,,1.7143403050306332,,,0.1899727422506752,,,2.273752898220724,,,154.17957724689157,137.96441989414802,,0.1020851856708899,0.3509664104662034,,5,AL
DO-20-1030,22,723,28.677367448630225,41.548518943391365,,157.37673670720852,132.31670547318328,,567.326586516963,526.7580466731351,,11101.85282492381,25140.52261232624,,17.405961256097605,9.273982359185627,,34.33317081254476,111.4540836216484,,1.331160771499809,1.3786911510897502,,1.2137077469791755,0.2601182002133327,,2.8492270320730357,0.8150857542541879,,268.6925731227305,203.57280983127532,,,0.1674439551949698,,2,20
DO-40-2104,26,338,25.537764213699955,,,124.22512911399905,,,481.1985606969645,,,14676.644736726505,,,,,,252.09041019530252,,,,,,0.3789098400732614,,,0.5410913477943182,,,230.7869705636448,,,0.0911990739238532,,,1,40
DO-1D-3085,24,504,24.948229480856185,23.35057228034149,,149.32929537214088,,,503.3506023747742,,,27306.59645567808,,,15.519236659315853,,,214.8181219378241,,,1.7087556029374629,,,0.1418578061883579,,,1.233598506945636,,,199.4795772468916,195.741919894148,,0.0651306628960267,0.2427009897603767,,4,1D
DO-20-1035,23,630,31.98156209650117,39.50597010959483,,144.42179739714484,118.32994399036347,,511.6590632941516,,,21766.97388699116,,,16.125919462472126,,,130.1982308440495,,,1.5625521454498696,,,0.5429268786425107,,,3.287312517855898,,,184.2437436386443,175.0359493212961,,0.1435566134783757,0.1035514000417973,,2,20
DO-AL-0018,22,720,32.30228488824725,39.30654191173176,,178.524246970279,132.31670547318328,,493.72031682739697,503.8779087408871,,18429.62483750089,18345.02024070309,,15.656978238914352,8.8075049953204,,32.90483878644623,92.88576728236733,,1.5614133029440542,1.433781324963247,,0.4065298416392955,0.0209977975917479,,2.1508394972996494,0.31985004878619,,142.49457312273043,147.58230983127532,,,0.2623134430308552,,5,AL
DO-AL-0029,22,720,28.871271068257872,38.79758467657183,,132.38422457812527,87.13793354753274,,620.0105542389286,568.4296408517789,,20423.820206539,27134.72715171284,,14.921318631442537,16.00311958896991,,103.75010728093396,122.59507342521702,,1.3486347753153636,1.383166224170209,,0.0924836574557839,-0.0758625613906404,,1.1845619924360584,-0.9318685482879356,,258.4600731227305,220.25080983127532,,,0.1864178527621468,,5,AL
DO-2D-4126,26,310,28.18986217898429,,,104.88939487975593,,,,,,,,,,,,120.16000007899748,,,,,,,,,,,,180.77829476815924,,,0.1277777460221327,,,3,2D
DO-2D-4055,23,603,25.58909204056837,31.961821587872706,,132.2781171078143,144.69320148886743,,621.5551622550264,,,25244.321906247333,,,16.70159444477449,,,219.7001150937569,,,1.5595737952827036,,,0.391626462828211,,,1.7572496451099886,,,206.17045164736533,192.2390518890401,,0.1337640576855102,0.1809623599666687,,3,2D
DO-AL-0049,23,603,22.726795305347444,37.64725922251393,,156.12750025514688,160.80115669057014,,536.563578693381,,,16561.984334137658,,,14.50339718123934,,,132.85752790696543,,,1.4558667948659698,,,1.4747428445648088,,,3.123598630510694,,,145.6294516473654,133.2705518890401,,0.1156508928938509,0.1898618353769275,,5,AL
DO-1D-3150,27,207,33.18564732261135,,,186.66841598812448,,,,,,,,,,,,,,,,,,,,,,,,266.2358758093852,,,0.1173678490338658,,,4,1D
DO-20-1007,22,732,31.41705008653855,41.93029104511999,,177.4683881641353,148.1831059829532,,447.3114967269303,458.937747834605,,12666.41739053628,14110.67240763962,,17.723590087576298,16.927110129270513,,98.49787493084531,52.397700838577215,,1.8919736618864385,1.8213919078005048,,-0.1895664776541227,0.8691592808529405,,0.9758105004850957,3.117711444467421,,251.6497874565657,186.69775303757484,,,0.1641199632717466,,2,20
DO-2D-4029,22,706,28.882026546885164,38.07278262848886,,110.48905043200848,149.8965673396396,,575.8886490488886,568.9657006589426,,31330.52961472616,28870.9439712781,,15.733940114970617,,,122.66263650033616,46.89347604199424,,1.7153806739673128,1.7021859077782515,,-0.1597640582570653,0.1241063241630773,,0.5860531356824584,0.1398097258977347,,205.16707312273047,140.43480983127537,,,0.2072155651234889,,3,2D
DO-AL-0035,23,609,27.498133257726604,44.334647854209074,,165.56930766021532,149.08995891846595,,464.31544939568937,,,23211.651640424192,,,15.850286406623365,,,71.0652849635698,,,1.5534889275944073,,,0.3894558328481931,,,2.2145833295105484,,,137.02724363864428,149.4234493212961,,0.1206969611006962,0.2135090306343575,,5,AL
DO-AL-0151,27,196,22.387637268308637,,,155.41241846380584,,,,,,,,,,,,,,,,,,,,,,,,166.46537580938528,,,0.1147638396700203,,,5,AL
DO-40-2015,22,720,29.502719143051383,21.72435039831873,,300.0,139.35885532777203,,473.6756244585872,595.0825808469474,,15274.185280443002,30496.96366912867,,14.606345872984823,14.00527992547072,,272.08111505653466,241.8220408600849,,1.7228194591085604,1.7177076732482544,,0.0931360681321303,-0.0993093191616692,,1.183680313204303,-0.2264604234912098,,197.0772874565657,133.08975303757484,,,0.1521610821724496,,1,40
DO-AL-0070,24,491,21.46948792935588,43.523636980656704,,151.78441721282846,,,440.09780073859343,,,26676.92122078621,,,13.281444087825385,,,100.39359642823035,,,1.5749573072681589,,,1.01712326811595,,,1.6010904052831667,,,229.089456578251,113.63339098286544,,0.0957868639081044,0.4809590960787483,,5,AL
DO-1D-3002,22,714,26.712582494806632,41.22673886822698,,137.54867116095875,145.12635812679127,,514.6401069383389,400.0566273082827,,21027.710702916676,14844.192750744927,,13.988914359413943,,,92.11127976811817,48.99721733678152,,1.708937423207772,1.7070514021115877,,1.2720322123799588,-0.1846099860094359,,2.586444190444056,0.1593717572617519,,184.9267874565657,162.87175303757485,,,0.3229261602770434,,4,1D
DO-20-1036,23,595,25.61944913228555,30.599438401779505,,144.42179739714484,156.7799626504916,,520.655143627547,,,31159.25253013819,,,15.574714261621263,,,162.19286822865686,,,1.5137107809421515,,,-0.1268273423777964,,,1.7422385449143305,,,176.83974363864428,169.6754493212961,,0.1206969611006962,0.0996656452312949,,2,20
DO-1D-3032,22,682,30.937502922893675,44.74988965142271,,157.5903232906654,155.6640701386588,,443.8958650577672,,,17249.809976996203,,,16.492506048486337,,,248.07018839178824,35.46681983320589,,1.5635262572683923,,,0.586908098560998,,,2.811799432598772,,,99.43357312273044,141.32780983127537,,,0.1773628700092203,,4,1D
DO-2D-4006,22,703,24.513851113419,30.17943549851668,,119.2849122973979,148.01010952630085,,497.18295299229067,490.66096797175646,,23574.3710594614,19566.899072163367,,16.46028029869324,,,104.96626800300504,48.99721733678152,,1.4694534542919029,1.3162086039469378,,0.4870678948414204,,,1.5518748835011966,,,282.7727874565657,212.31075303757484,,,0.228056672441158,,3,2D
DO-AL-0089,24,463,23.21131697412716,36.015166434379694,,156.0580486376633,,,488.2184612476813,,,16588.742136236462,,,14.238244832415198,,,223.8788355032248,,,1.371128527071301,,,-0.0450118666659493,,,1.0908484155269695,,,115.47957724689158,,,0.2117192258643692,,,5,AL
DO-1D-3108,26,288,27.785309990765644,,,184.5872403891761,,,,,,,,,,,,,,,,,,,,,,,,216.1934705636448,,,0.1566660087430529,,,4,1D
DO-AL-0031,22,672,18.689985174819657,32.32547177977455,,119.88796851358362,142.8904606047185,,558.0650696794851,,,18443.354792400467,,,15.289098400648182,,,267.15129106660737,,,1.7074039833747583,,,0.1197237795829337,,,1.0267439557891451,,,200.0510731227305,212.2098098312753,,,0.1755390552150553,,5,AL
DO-40-2014,22,688,21.66002772999589,20.610016908561377,,135.62617022795234,89.37383106960552,,513.4673747705082,,,18163.377790909533,,,16.813730235391567,,,233.516150351874,137.83946936011088,,1.1999581719740848,,,-0.0518945496668989,,,1.1244398307461811,,,194.51978745656567,146.49175303757485,,,0.2129685296844832,,1,40
DO-20-1076,24,470,22.17812539959524,26.899161895793373,,144.09441348080284,,,441.0447045738543,,,20869.110936300105,,,17.147451262702262,,,249.7971263581381,,,1.4577546455224843,,,0.0225840554875787,,,0.429482372055759,,,160.887956578251,,,0.1337346590424586,,,2,20
DO-2D-4025,22,665,29.27532716952306,33.38115985002036,,185.46658681925828,169.12157666970364,,572.389317523596,,,20549.249944390853,,,13.366147363711336,,,81.52667414869809,,,1.4764135776389749,,,-0.2458851049125508,,,1.040958820664807,,,135.67307312273047,212.50730983127536,,,0.2490491150683454,,3,2D
DO-AL-0093,24,442,23.34741898075032,18.949603149421648,,162.7868019031857,,,553.4319815317747,,,18386.50565394445,,,15.902360439709902,,,189.8845332820794,,,1.5502771621583746,,,0.3545819938693687,,,2.5192830332647698,,,255.1795772468916,,,0.1129639832179815,,,5,AL
DO-1D-3007,22,675,27.68357982685865,41.01626405633786,,,126.8625992632304,,549.4723815880226,,,27897.34703420704,,,15.842004574297608,,,65.25863767746552,,,1.3498438285487486,,,0.9776819387740474,,,2.642960425099449,,,164.67528745656568,198.90875303757483,,,0.228056672441158,,4,1D
DO-40-2020,22,654,28.067836066672424,18.716423744945413,,156.41548624070535,,,460.0172812791441,,,17395.873634363543,,,16.485102969935138,,,263.1519613935315,,,1.5793138207756767,,,0.5797481707138944,,,2.3653709891885284,,,158.05607312273048,140.73180983127534,,,0.2433395454636782,,1,40
DO-2D-4020,22,652,36.31241566847474,43.403870814843046,,122.9853064965501,,,514.704102043146,,,19927.83122528588,,,16.018346302008695,,,124.94796774209378,,,1.597680352722458,,,-0.1580952579496268,,,1.4611635682573616,,,152.72657312273046,179.15130983127534,,,0.2072155651234889,,3,2D
DO-AL-0039,23,561,20.77995918145092,35.468135347519166,,127.1192890000872,153.89621125098196,,496.0242955999435,,,14128.064783467957,,,16.76931556053949,,,204.18582979595405,,,1.6898819198123247,,,0.9487108424933476,,,2.64170790640804,,,144.41424363864428,206.9029493212961,,0.1017230635335192,0.1755612355000033,,5,AL
DO-40-2112,26,266,25.854582244578832,,,152.86597499457045,,,,,,,,,,,,,,,,,,,,,,,,172.11547056364478,,,0.0807704184743445,,,1,40
DO-AL-0038,23,560,19.17580144408296,41.46281110283242,,110.77803106953276,134.67120192091792,,603.6949936209853,,,26635.614443396436,,,17.04517232643031,,,123.05657071355677,,,1.5608193170817863,,,0.5476635373001061,,,3.195680673480794,,,172.49974363864428,166.39944932129612,,0.1017230635335192,0.2704307233358886,,5,AL
DO-AL-0064,23,539,30.08138946216433,62.373377037571096,,166.7012553866821,248.2749491423616,,591.513002062263,,,18855.83003384384,,,14.222686700945452,,,36.0166165374842,,,1.55997407324236,,,-0.4952609153328101,,,-1.693011365126751,,,201.77195164736537,210.70405188904007,,0.0927912405161715,0.2998194659694877,,5,AL
DO-1D-3004,22,671,24.4420272409326,34.77608559243249,,126.01366556292032,134.55260299525602,,525.952673814415,,,17359.944654611623,,,16.813730235391567,,,197.8078496994104,,,1.325056863937697,,,-0.1535605665192305,,,0.9599476429762296,,,154.8697874565657,143.21575303757484,,,0.1711349797396267,,4,1D
DO-1D-3079,24,447,33.43663174862359,35.40323526110905,,149.61854714742665,,,589.056830441737,,,33330.41858951743,,,12.836979316213252,,,193.2635345873602,,,1.610107576121039,,,0.3890959267277452,,,0.0902584179114692,,,143.018956578251,,,0.1073999343545698,,,4,1D
DO-20-1073,24,450,27.67555762691364,41.04269087375424,,202.7306919374982,,,408.8765444749175,,,16326.850231126044,,,17.63158672491629,,,103.82159329086689,,,1.547634033173908,,,0.0832606413170077,,,0.031078109610676,,,164.75995657825098,,,0.1755682089873151,,,2,20
DO-1D-3012,22,666,30.355399333697992,35.190699248582185,,153.88992909151318,145.12635812679127,,560.7587576673168,,,23847.740235259484,,,16.106940657830894,,,200.093180941168,,,1.6567948508784849,,,-0.0045201788243613,,,0.8776137484216133,,,125.23878745656567,133.98325303757483,,,0.2660044675755121,,4,1D
DO-40-2079,24,442,34.34140567309441,14.42519764145072,,201.5260723385996,,,389.8279024938006,,,16576.82950839228,,,14.2793510136991,,,268.1081327549239,,,1.4284451896782726,,,,,,,,,220.750456578251,,,0.145347729488924,,,1,40
DO-1D-3016,22,664,36.95075882037472,48.82348594833426,,105.82740576635304,163.3901169903521,,470.58592862072646,,,22974.1160620576,,,16.725357046012867,,,33.26400029285815,,,1.7554654910309502,,,0.6112643034695722,,,1.3403979897577292,,,173.84178745656567,170.31775303757485,,,0.2361517724612435,,4,1D
DO-20-1026,22,643,22.17720446524502,31.32815281373532,,,146.7354624707313,,482.1773350405485,,,13804.046055820569,,,17.405961256097605,,,218.01666936881745,,,1.6499404103746844,,,-0.1333681764811729,,,0.3705993681439252,,,216.03907312273049,185.70380983127532,,,0.1903036075726492,,2,20
DO-AL-0073,24,436,23.39243200454451,37.822615969494265,,135.44315928227402,,,488.9696065654599,,,19574.466979950303,,,15.696371346464698,,,113.81991747355669,,,1.6799128569906898,,,0.4272136205771371,,,0.67427767787413,,,203.476456578251,,,0.0996726187186067,,,5,AL
DO-2D-4051,23,525,23.643296346275715,38.83705254042494,,204.3719020955545,94.70817723070088,,392.6191351833135,,,20604.715911082283,,,16.341174316766935,,,29.160622812211187,,,1.817568403767876,,,0.1312147066737274,,,1.124094120927715,,,124.73895164736534,143.39605188904008,,0.076842364983979,0.2189101551010229,,3,2D
DO-AL-0016,22,657,40.31546754339746,53.680045451865325,,168.81713396560644,137.60935085141796,,588.4855897956272,,,17523.543920093125,,,17.358194922144282,,,23.36761035806194,,,1.8685918591921709,,,0.670531997730528,,,1.781515731857095,,,154.2297874565657,203.37575303757484,,,0.2670845511277176,,5,AL
DO-AL-0023,22,636,23.017950021289945,29.49548347300396,,162.18298903972453,147.6967129372345,,497.3610764655312,,,13947.21107846903,,,15.473025484388264,,,210.0180100226657,,,1.853700294845117,,,1.1400884520374193,,,2.271249540136464,,,221.36857312273045,233.05730983127532,,,0.1565651576478782,,5,AL
DO-2D-4048,23,539,34.36558022369519,41.81522752006314,,163.4541345509198,94.66106664783804,,549.4447848844632,,,25970.703295725827,,,15.210184032539315,,,193.46623151814947,,,1.6247678732038813,,,-0.151840938289946,,,1.9861392308714536,,,402.9772436386442,168.4839493212961,,0.0995151931638199,0.2047289791637832,,3,2D
DO-AL-0015,22,650,38.010997272422,55.08189716020421,,223.60841055628904,130.88059758589554,,578.1038298823075,,,18203.55027824062,,,15.441946756332744,,,15.654617417129804,,,1.644821427913728,,,0.812447181794767,,,2.1673118611094724,,,128.4362874565657,221.84075303757487,,,0.2439013083509574,,5,AL
DO-AL-0019,22,629,25.80857331926926,46.60009525055523,,177.56299650377576,152.50296526975052,,462.44736479155006,,,18188.69489034716,,,13.910401760742968,,,105.74977211747196,,,1.7711549745634767,,,0.1400913584384633,,,1.6619729044793454,,,155.28457312273048,166.04730983127533,,,0.1674439551949698,,5,AL
DO-20-1118,26,219,34.33709865510297,,,173.07782351001617,,,,,,,,,,,,,,,,,,,,,,,,205.03129476815928,,,0.1517911805374166,,,2,20
DO-1D-3128,26,218,23.53093368373145,,,176.02192940099292,,,,,,,,,,,,,,,,,,,,,,,,189.54479476815925,,,0.1548467436093953,,,4,1D
DO-2D-4021,22,622,35.46784208167341,35.306927874438514,,180.66033448674227,,,529.0850850457462,,,18479.00783205915,,,14.975828244956809,,,57.81636251546225,,,1.5438979142272244,,,-0.0465768733226357,,,1.1398304395844616,,,178.73407312273045,162.17530983127534,,,0.1692677699891347,,3,2D
DO-2D-4103,26,233,32.25443009492133,,,172.09098432463452,,,,,,,,,,,,,,,,,,,,,,,,172.71147056364475,,,0.0997443160415216,,,3,2D
DO-AL-0032,22,608,26.09661467460322,33.50346779496422,,122.77171991309324,118.85919894213843,,484.1753734253699,,,18143.225143595853,,,16.208997701973733,,,254.86763564216,,,1.870140439141843,,,1.103679180358586,,,1.4990141497282763,,,147.18407312273047,171.40780983127533,,,0.1565651576478782,,5,AL
DO-40-2089,24,386,24.032863399823142,,,,,,560.3759318655452,,,15578.58283015619,,,13.886361163133518,,,167.39749867135254,,,1.4892263055821484,,,-0.1393339957009601,,,0.1438706535053201,,,125.02957724689156,,,0.1638859055424145,,,1,40
DO-1D-3055,23,490,24.35419498032593,32.20771402865969,,157.27062923689758,,,506.9777710626192,,,13206.488168378264,,,17.33262211706457,,,231.4124377077649,,,1.5379625737653462,,,0.6250901933427977,,,2.578632773620622,,,283.9784516473654,185.68705188904008,,0.1608330552727728,0.2459791526882856,,4,1D
DO-40-2119,26,190,22.521987443327006,,,219.21784590216996,,,,,,,,,,,,,,,,,,,,,,,,145.46679476815925,,,0.1707650781045937,,,1,40
DO-1D-3023,22,595,36.30417831406125,42.829301449744136,,162.3965756231814,112.40779914601468,,465.70315377989726,,,18550.063422792744,,,16.30281905314382,,,138.6599551926398,,,1.89833273500433,,,0.1573403172442912,,,1.7229919016658504,,,205.59307312273043,146.09280983127533,,,0.2831111553921973,,4,1D
DO-20-1016,22,616,29.828941384956543,40.49991521436373,,128.44461437247196,166.44686484651405,,441.6746894155459,,,20893.075351003947,,,17.2668681552012,,,183.05513087587912,,,1.7041908180800878,,,0.2562716780918915,,,-0.0374928844475922,,,178.7447874565657,171.50875303757488,,,0.1641199632717466,,2,20
DO-AL-0120,26,184,31.46708347600973,,,160.58156744547455,,,,,,,,,,,,,,,,,,,,,,,,208.90329476815924,,,0.1788601781246792,,,5,AL
DO-40-2122,26,183,23.653682256042405,,,27.98935755949968,,,,,,,,,,,,,,,,,,,,,,,,133.85179476815924,,,0.1885851935341664,,,1,40
DO-20-1023,22,588,34.06367898968671,39.43564432686749,,151.6092339081893,85.21543261452634,,523.320561529409,,,14678.433180297,,,14.921318631442537,,,96.32278074522156,,,1.7861291211487074,,,0.6241470854465937,,,2.31700230772162,,,238.42207312273047,221.73980983127527,,,0.205391750329324,,2,20
DO-40-2033,23,494,27.587465561721437,26.52576140548691,,165.56930766021532,,,535.2254168053894,,,26551.780844721507,,,14.472988494922756,,,51.3543030034099,,,1.3422786483001858,,,-0.1101400224850041,,,0.6709062367668732,,,222.4207436386443,198.5639493212961,,0.1667398562551359,0.2216041306544429,,1,40
DO-2D-4014,22,601,24.528145510950992,31.30182182302322,,191.3786972851381,180.69262538740972,,472.5586561032795,,,13273.730585286152,,,16.106940657830894,,,123.2489179370664,,,1.4129491570530377,,,0.3211709568874886,,,2.713106973314107,,,273.8192874565657,178.65675303757487,,,0.1711349797396267,,3,2D
DO-20-1092,24,349,19.85306747976409,,,128.18178510907043,,,414.5261429918471,,,1942.8638859406703,,,6.32954632480859,,,150.17690295653995,,,1.1042889192527532,,,0.1319975260796515,,,0.3777279098262439,,,142.57957724689155,,,0.1129639832179815,,,2,20
DO-20-1038,23,469,21.642123469784742,29.530186472115936,,126.158038533584,,,523.5636508703608,,,17934.97493785215,,,17.32110351336436,,,49.64030457209165,,,1.9909291136064151,,,0.5556928115684644,,,2.499738340021456,,,159.98024363864428,,,0.0827491659663421,,,2,20
DO-2D-4005,22,575,26.418096078549723,31.05579422675872,,126.97491602942354,126.8625992632304,,487.1095214545602,,,15512.395172726492,,,15.22403521677877,,,159.5285513999694,,,1.3842583626068563,,,0.1402385497071797,,,0.0577137421983739,,,198.1437874565657,128.62225303757486,,,0.2849783651426892,,3,2D
DO-40-2004,22,574,23.050969245156946,18.678329152521737,,116.90960877443352,65.51556586367775,,459.04078124685134,,,15614.990366844,,,15.533126877804204,,,184.48346290197765,,,1.772380056083182,,,0.2441176461625773,,,0.6031087707230935,,,184.71378745656568,150.95925303757485,,,0.2020677584061009,,1,40
DO-20-1019,22,531,22.9273337327592,22.408799618738904,,133.34547504462847,124.62670174115766,,440.3378293176797,,,15389.910967758384,,,17.59023475458149,,,235.72798649243933,,,1.4595140871165193,,,1.536151453518608,,,1.99162554190412,,,143.98657312273045,227.69630983127536,,,0.1484700576277927,,2,20
DO-2D-4088,24,307,28.51064424584111,,,162.7868019031857,,,,,,,,,,,,176.82449004360294,,,,,,,,,,,,217.5295772468916,,,0.1600001507319121,,,3,2D
DO-1D-3088,24,310,34.20323466248289,,,163.7480523696889,,,,,,,,,,,,50.84560534171137,,,,,,,,,,,,184.1795772468916,,,0.1030784580303809,,,4,1D
DO-1D-3008,22,546,38.373024080456354,49.54650435902733,,,142.24260672728164,,544.49145103183,,,32590.418861351875,,,16.28359709320927,,,23.551342515388047,,,1.4234531865528124,,,0.2493310117107714,,,1.4730860376091048,,,211.5732874565657,219.16075303757484,,,0.2551256700284205,,4,1D
DO-20-1052,23,413,23.6088805805624,,,116.89810964376308,,,429.8838588830369,,,16348.695492738289,,,16.65741683647618,,,224.55644398249188,,,1.5239694110459443,,,0.5942193802018145,,,3.104566340203676,,,186.5589516473654,,,0.1876607283520569,,,2,20
DO-2D-4044,23,428,28.605615122563187,33.34467177169908,,202.86540367755111,,,479.9278727273275,,,23704.323749567506,,,15.303150799901552,,,158.04359727090556,,,1.3876967052951243,,,1.203281112378639,,,2.9316882937931026,,,238.54524363864425,,,0.1103939907109115,,,3,2D
DO-1D-3081,24,295,28.09725385203931,,,159.90305050367613,,,,,,,,,,,,,,,,,,,,,,,,169.47957724689158,,,0.0690164177065291,,,4,1D
DO-1D-3067,24,303,25.30700858390824,,,167.8823060109875,,,,,,,,,,,,,,,,,,,,,,,,144.80595657825097,,,0.1643216270561011,,,4,1D
DO-20-1095,24,287,21.39514053864578,,,204.12057196282345,,,,,,,,,,,,,,,,,,,,,,,,161.92957724689157,,,0.1020851856708899,,,2,20
DO-40-2047,23,413,23.66951899074321,,,190.3691476130095,,,424.2325058442957,,,21007.70302633314,,,15.768082405204218,,,262.5975015813189,,,1.4058035258479071,,,0.1218612379148419,,,1.3392012501421309,,,244.72574363864425,,,0.1293678882780886,,,1,40
DO-1D-3046,23,412,27.66889401342949,,,172.10538874944862,,,492.5673115728129,,,21782.954907082378,,,12.42381129518563,,,126.62029269673762,,,1.705458642049772,,,0.1015747655309305,,,1.52478178887817,,,166.99574363864426,,,0.1293678882780886,,,4,1D
DO-20-1085,24,281,23.965779753123737,,,125.2980337095608,,,,,,,,,,,,,,,,,,,,,,,,213.4795772468916,,,0.0750161880836273,,,2,20
DO-AL-0059,23,384,24.65926639423899,,,207.07377497981665,,,539.0128476885512,,,29890.455621535235,,,14.690566580447609,,,194.27580502920284,,,1.340302391902663,,,0.2744124311764763,,,1.89554438045137,,,128.14945164736537,,,0.0738173429489944,,,5,AL
DO-1D-3086,24,274,20.985328118583844,,,217.5780784938683,,,,,,,,,,,,,,,,,,,,,,,,167.37957724689156,,,0.0841045604632038,,,4,1D
DO-AL-0034,23,394,19.51214181019187,,,131.92554133260322,,,459.4449704849402,,,13657.73596394072,,,13.005260040975411,,,186.7601790775518,,,1.1411804816121671,,,1.2589938685510498,,,3.338087751215048,,,195.95024363864425,,,0.1206969611006962,,,5,AL
DO-2D-4013,22,504,28.441616240048617,37.308249884436414,,151.00617769200358,,,532.426532541058,,,19905.869732549563,,,16.28359709320927,,,258.36912760598864,,,1.6821804542609151,,,0.4796392730891543,,,2.197502632390888,,,219.4607874565657,149.76775303757483,,,0.0952393894709183,,3,2D
DO-AL-0008,22,504,20.97622269474401,33.55586331754525,,125.56086297296235,158.75686111448843,,542.8811289164958,,,15727.236023745883,,,16.171570814535972,,,181.91246525500023,,,1.2619768992945912,,,-0.2333483567711094,,,0.7261798720365538,,,125.0252874565657,161.97875303757485,,,0.1830938608389237,,5,AL
DO-20-1048,23,379,33.13253251392856,,,178.06556372475694,,,489.4371670824417,,,14034.495885507096,,,11.99691151346245,,,35.35698431110621,,,1.7273096004004933,,,1.2781307591565363,,,4.260534537327215,,,280.19024363864423,,,0.1017230635335192,,,2,20
DO-20-1002,22,490,21.71358010404893,17.48148302336639,,125.56086297296235,,,513.8847705588049,,,12322.412678124909,,,15.98912465993138,,,129.06418028935417,,,1.585717505776957,,,-4.902662639888938,,,-3.21099314409874,,,173.4152874565657,131.89825303757488,,,0.376718591321197,,2,20
DO-AL-0044,23,371,18.77119212118039,,,152.1118011291705,,,538.9224786572571,,,20080.99942485616,,,15.574714261621263,,,89.91926770807056,,,1.3910903010060132,,,0.3542879897343715,,,2.0430680011921662,,,137.82174363864428,,,0.1206969611006962,,,5,AL
DO-20-1005,22,478,27.676586925853883,31.85033299593364,,217.8409077572698,,,412.83912083143537,,,22505.527528778635,,,17.084239962477206,,,90.2135491794738,,,1.607520235669226,,,0.5022923077321617,,,2.4398389354135976,,,146.1292874565657,,,,,,2,20
DO-2D-4095,24,225,25.667988795859344,,,167.59305423570174,,,,,,,,,,,,,,,,,,,,,,,,188.9295772468916,,,0.122052355597558,,,3,2D
DO-1D-3009,22,469,20.460133538133064,28.381063840869256,,148.12242629249397,,,469.9728362386159,,,14591.61768722524,,,16.28359709320927,,,228.94548786835853,,,1.4638017018592433,,,0.2341780221579288,,,2.6102319216009446,,,235.0222874565657,,,,,,4,1D
DO-AL-0017,22,437,15.261344786796789,17.916887346783763,,124.69422084609964,,,505.0949988812635,,,14224.706367200635,,,16.024963590012902,,,152.59906257350423,,,1.3882201834282475,,,1.779292724186368,,,3.8508962394801407,,,115.63457312273049,,,,,,5,AL
DO-1D-3078,24,232,29.952208092758124,,,209.2160760706252,,,,,,,,,,,,,,,,,,,,,,,,205.263956578251,,,0.1263738319217469,,,4,1D
DO-2D-4073,24,232,26.61375298691085,,,98.67227242275688,,,,,,,,,,,,,,,,,,,,,,,,168.92945657825098,,,0.1492334842994263,,,3,2D
DO-40-2026,22,426,26.084430248809653,15.574836224837483,,162.3965756231814,,,482.6486082562749,,,22187.169381745287,,,15.6391523487948,,,163.22726604153482,,,1.1949544301537782,,,0.0494921104496801,,,0.6869910852876487,,,243.11157312273048,,,,,,1,40
DO-40-2046,23,335,28.36901323164229,,,174.98914014895826,,,455.1793225895521,,,16061.686724017116,,,,,,68.63001243713673,,,1.8546425496040184,,,0.4110245916779845,,,1.9674313179936207,,,180.81224363864428,,,0.0724461955765573,,,1,40
DO-2D-4008,22,440,32.023033220471206,43.04349884714515,,174.07618888808045,,,546.1416683095631,,,35058.973031654044,,,15.400568252548272,,,70.97196578185968,,,1.7217536725840628,,,-0.2405784005134542,,,-1.083747885802813,,,159.9857874565657,,,,,,3,2D
DO-2D-4038,23,321,30.48466043408403,,,129.8103682233077,,,500.5037032902854,,,17226.319338349764,,,,,,76.91433818850827,,,,,,,,,,,,136.91774363864428,,,0.0724461955765573,,,3,2D
DO-2D-4076,24,204,26.40287217299733,,,189.9910667405612,,,,,,,,,,,,,,,,,,,,,,,,232.067456578251,,,0.0884260367873927,,,3,2D
DO-2D-4078,24,204,30.100319150988323,,,143.8510443484074,,,,,,,,,,,,,,,,,,,,,,,,168.631456578251,,,0.0884260367873927,,,3,2D
DO-40-2041,23,309,29.14779168329865,,,190.3691476130095,,,,,,,,,,,,195.18022994946773,,,,,,,,,,,,180.44474363864427,,,0.1332536430885909,,,1,40
DO-1D-3033,23,301,26.025285335575536,,,129.8103682233077,,,,,,,,,,,,,,,,,,,,,,,,205.25074363864428,,,0.1483417858452656,,,4,1D
DO-20-1014,22,406,37.33043863926059,,,206.30590215923132,,,530.4391815984674,,,22871.88455425179,,,15.715506292787762,,,151.6318263017112,,,1.7071221057151609,,,0.3596361921589651,,,3.622135781455607,,,183.86078745656567,,,,,,2,20
DO-1D-3051,23,252,35.68675811628826,,,182.26314136598083,,,,,,,,,,,,,,,,,,,,,,,,180.3769516473654,,,0.1717118528198644,,,4,1D
DO-AL-0009,22,349,21.131405086063857,,,140.9408704370136,,,491.0729488708905,,,23578.140159246635,,,5.893251468907881,,,51.64858447481311,,,1.6450338411863643,,,-1.039874109752792,,,-1.9016384128055783,,,250.5837874565657,,,,,,5,AL
DO-1D-3015,22,309,30.660285251356804,,,152.92867862500998,,,,,,,,,,,,48.68998617472243,,,,,,,,,,,,163.3962874565657,,,,,,4,1D
DO-2D-4010,22,309,20.51781428897493,,,144.27742442648116,,,,,,,,,,,,43.83365728598737,,,,,,,,,,,,173.20228745656567,,,,,,3,2D
DO-1D-3006,22,244,26.75760134796049,,,112.55615903187548,,,,,,,,,,,,,,,,,,,,,,,,104.9872874565657,,,,,,4,1D
DO-20-1031,22,206,36.962135710037295,,,163.14423950622776,,,,,,,,,,,,,,,,,,,,,,,,226.48457312273047,,,,,,2,20
